backlog_priority,backlog_bucket,strict_drop_reason,research_recommendation,firm_name,name,contact_name,contact_title,all_contacts,manager_status_code,manager_status,fund_stage,filer_status,year_inc,fund_size,amount_sold,filing_date,issues,city,state,sec_number,filing_url,linkedin_search_url,linkedin_company_search_url,website_search_url
1,ambiguous_vc_signal,no explicit VC category or strong pooled-fund VC name signal,"Research operating firm, decision-maker, launch evidence, and public presence before rejecting.",FH Structured Solutions,"FH Structured Solutions Fund I, L.P.",BRIAN MORFITT,"Executive Officer, Promoter","BRIAN MORFITT (Executive Officer, Promoter); JONATHAN MICHAEL (Executive Officer, Promoter)",not_checked,Not checked,Fund I,first_filer,2025,$0,$0,2026-06-17,Pooled Investment Fund - Other Investment Fund,SEATTLE,WA,0000950103-26-009120,https://www.sec.gov/Archives/edgar/data/2118433/000095010326009120/0000950103-26-009120-index.htm,https://www.linkedin.com/search/results/people/?keywords=BRIAN+MORFITT+FH+Structured+Solutions,https://www.linkedin.com/search/results/companies/?keywords=FH+Structured+Solutions,https://www.google.com/search?q=%22FH+Structured+Solutions%22+venture+capital
1,ambiguous_vc_signal,no explicit VC category or strong pooled-fund VC name signal,"Research operating firm, decision-maker, launch evidence, and public presence before rejecting.",Neighborhood Network Expansion,Neighborhood Network Expansion Fund I LP,Michael Davis,Executive Officer,"Michael Davis (Executive Officer); . Homegrown Partners I, GP LLC (Executive Officer)",not_checked,Not checked,Fund I,first_filer,2026,$24M,$24M,2026-06-18,Pooled Investment Fund - Other Investment Fund,ATLANTA,GA,0002140448-26-000001,https://www.sec.gov/Archives/edgar/data/2140448/000214044826000001/0002140448-26-000001-index.htm,https://www.linkedin.com/search/results/people/?keywords=Michael+Davis+Neighborhood+Network+Expansion,https://www.linkedin.com/search/results/companies/?keywords=Neighborhood+Network+Expansion,https://www.google.com/search?q=%22Neighborhood+Network+Expansion%22+venture+capital
1,ambiguous_vc_signal,no explicit VC category or strong pooled-fund VC name signal,"Research operating firm, decision-maker, launch evidence, and public presence before rejecting.",M&O DHRE,"M&O DHRE Fund I, LP",John Bowling,Executive Officer,John Bowling (Executive Officer); Christian Hauck (Executive Officer); John Carter (Executive Officer); Ryan Farris (Executive Officer),not_checked,Not checked,Fund I,first_filer,2026,$0,$0,2026-06-23,Pooled Investment Fund - Other Investment Fund,ALPHARETTA,GA,0002141206-26-000001,https://www.sec.gov/Archives/edgar/data/2141206/000214120626000001/0002141206-26-000001-index.htm,https://www.linkedin.com/search/results/people/?keywords=John+Bowling+M%26O+DHRE,https://www.linkedin.com/search/results/companies/?keywords=M%26O+DHRE,https://www.google.com/search?q=%22M%26O+DHRE%22+venture+capital
1,ambiguous_vc_signal,no explicit VC category or strong pooled-fund VC name signal,"Research operating firm, decision-maker, launch evidence, and public presence before rejecting.",EasyDwell,"EasyDwell Fund I, LP",Shamane Alexandra-Stegenga,Executive Officer,Shamane Alexandra-Stegenga (Executive Officer),not_checked,Not checked,Fund I,first_filer,2025,"$100,000","$100,000",2026-06-26,Pooled Investment Fund - Other Investment Fund,MIAMI,FL,0002123789-26-000001,https://www.sec.gov/Archives/edgar/data/2123789/000212378926000001/0002123789-26-000001-index.htm,https://www.linkedin.com/search/results/people/?keywords=Shamane+Alexandra-Stegenga+EasyDwell,https://www.linkedin.com/search/results/companies/?keywords=EasyDwell,https://www.google.com/search?q=%22EasyDwell%22+venture+capital
1,ambiguous_vc_signal,no explicit VC category or strong pooled-fund VC name signal,"Research operating firm, decision-maker, launch evidence, and public presence before rejecting.",Meteore Logistics Income,Meteore Logistics Income Fund I LLC,Howard Piotrkowski,Executive Officer,Howard Piotrkowski (Executive Officer); Elimelech Meisels (Promoter),not_checked,Not checked,Fund I,first_filer,2026,$0,$3M,2026-06-26,Pooled Investment Fund - Other Investment Fund,Fort Lee,NJ,0001016005-26-000005,https://www.sec.gov/Archives/edgar/data/2141732/000101600526000005/0001016005-26-000005-index.htm,https://www.linkedin.com/search/results/people/?keywords=Howard+Piotrkowski+Meteore+Logistics+Income,https://www.linkedin.com/search/results/companies/?keywords=Meteore+Logistics+Income,https://www.google.com/search?q=%22Meteore+Logistics+Income%22+venture+capital
1,ambiguous_vc_signal,no explicit VC category or strong pooled-fund VC name signal,"Research operating firm, decision-maker, launch evidence, and public presence before rejecting.",Meteore Logistics Opportunity,Meteore Logistics Opportunity Fund I LLC,Howard Piotrkowski,Executive Officer,Howard Piotrkowski (Executive Officer); Elimelech Meisels (Promoter),not_checked,Not checked,Fund I,first_filer,2025,$0,"$951,500",2026-06-26,Pooled Investment Fund - Other Investment Fund,Fort Lee,NJ,0001016005-26-000004,https://www.sec.gov/Archives/edgar/data/2141731/000101600526000004/0001016005-26-000004-index.htm,https://www.linkedin.com/search/results/people/?keywords=Howard+Piotrkowski+Meteore+Logistics+Opportunity,https://www.linkedin.com/search/results/companies/?keywords=Meteore+Logistics+Opportunity,https://www.google.com/search?q=%22Meteore+Logistics+Opportunity%22+venture+capital
1,ambiguous_vc_signal,no explicit VC category or strong pooled-fund VC name signal,"Research operating firm, decision-maker, launch evidence, and public presence before rejecting.",Private Debt Select Manager,"Private Debt Select Manager Fund I, L.P.","n/a GCM Investments GP, LLC",Promoter,"n/a GCM Investments GP, LLC (Promoter); Maria Lennox (Director); Burke Montgomery (Executive Officer); Girish Kashyap (Director)",not_checked,Not checked,Fund I,first_filer,2026,$0,$0,2026-06-26,Pooled Investment Fund - Other Investment Fund,Chicago,IL,0000929638-26-002374,https://www.sec.gov/Archives/edgar/data/2141229/000092963826002374/0000929638-26-002374-index.htm,https://www.linkedin.com/search/results/people/?keywords=n%2Fa+GCM+Investments+GP%2C+LLC+Private+Debt+Select+Manager,https://www.linkedin.com/search/results/companies/?keywords=Private+Debt+Select+Manager,https://www.google.com/search?q=%22Private+Debt+Select+Manager%22+venture+capital
1,ambiguous_vc_signal,no explicit VC category or strong pooled-fund VC name signal,"Research operating firm, decision-maker, launch evidence, and public presence before rejecting.",PERIGON FUTURE,"PERIGON FUTURE FUND I-B, LP","General Partner Perigon Future Fund I GP, LP",Promoter,"General Partner Perigon Future Fund I GP, LP (Promoter); General Partner of the General Partner Perigon UGP, LLC (Promoter); Neil Jain (Executive Officer)",not_checked,Not checked,Fund I,first_filer,2026,$0,$0,2026-06-29,Pooled Investment Fund - Other Investment Fund,MIAMI,FL,0001470831-26-000675,https://www.sec.gov/Archives/edgar/data/2142785/000147083126000675/0001470831-26-000675-index.htm,https://www.linkedin.com/search/results/people/?keywords=General+Partner+Perigon+Future+Fund+I+GP%2C+LP+PERIGON+FUTURE,https://www.linkedin.com/search/results/companies/?keywords=PERIGON+FUTURE,https://www.google.com/search?q=%22PERIGON+FUTURE%22+venture+capital
1,ambiguous_vc_signal,no explicit VC category or strong pooled-fund VC name signal,"Research operating firm, decision-maker, launch evidence, and public presence before rejecting.",PERIGON FUTURE,"PERIGON FUTURE FUND I-A, LP","General Partner Perigon Future Fund I GP, LP",Promoter,"General Partner Perigon Future Fund I GP, LP (Promoter); General Partner of the General Partner Perigon UGP, LLC (Promoter); Neil Jain (Executive Officer)",not_checked,Not checked,Fund I,first_filer,2026,$0,$0,2026-06-29,Pooled Investment Fund - Other Investment Fund,MIAMI,FL,0001470831-26-000674,https://www.sec.gov/Archives/edgar/data/2142760/000147083126000674/0001470831-26-000674-index.htm,https://www.linkedin.com/search/results/people/?keywords=General+Partner+Perigon+Future+Fund+I+GP%2C+LP+PERIGON+FUTURE,https://www.linkedin.com/search/results/companies/?keywords=PERIGON+FUTURE,https://www.google.com/search?q=%22PERIGON+FUTURE%22+venture+capital
1,ambiguous_vc_signal,no explicit VC category or strong pooled-fund VC name signal,"Research operating firm, decision-maker, launch evidence, and public presence before rejecting.",Kinnerton Hill Capital Solutions,Kinnerton Hill Capital Solutions Fund I SCSp,Kinnerton Hill Capital General Partner S.a r.l.,Executive Officer,Kinnerton Hill Capital General Partner S.a r.l. (Executive Officer); Cormac Bartley (Director); Yeshwandev Maunick (Director); Ihor Roiko (Director); JTC GAS UK LLP (Promoter),not_checked,Not checked,Fund I,first_filer,2026,$0,$158M,2026-07-01,Pooled Investment Fund - Other Investment Fund,LUXEMBOURG,N4,0000902664-26-002974,https://www.sec.gov/Archives/edgar/data/2139802/000090266426002974/0000902664-26-002974-index.htm,https://www.linkedin.com/search/results/people/?keywords=Kinnerton+Hill+Capital+General+Partner+S.a+r.l.+Kinnerton+Hill+Capital+Solutions,https://www.linkedin.com/search/results/companies/?keywords=Kinnerton+Hill+Capital+Solutions,https://www.google.com/search?q=%22Kinnerton+Hill+Capital+Solutions%22+venture+capital
1,ambiguous_vc_signal,no explicit VC category or strong pooled-fund VC name signal,"Research operating firm, decision-maker, launch evidence, and public presence before rejecting.",Youngspire,"Youngspire Fund I, LP",Norissa Solomon,"Executive Officer, Director","Norissa Solomon (Executive Officer, Director)",not_checked,Not checked,Fund I,first_filer,2025,$0,$0,2026-07-01,Pooled Investment Fund - Other Investment Fund,ALEXANDRIA,VA,0002140738-26-000003,https://www.sec.gov/Archives/edgar/data/2140738/000214073826000003/0002140738-26-000003-index.htm,https://www.linkedin.com/search/results/people/?keywords=Norissa+Solomon+Youngspire,https://www.linkedin.com/search/results/companies/?keywords=Youngspire,https://www.google.com/search?q=%22Youngspire%22+venture+capital
1,ambiguous_vc_signal,no explicit VC category or strong pooled-fund VC name signal,"Research operating firm, decision-maker, launch evidence, and public presence before rejecting.",Dren Capital,Dren Capital Fund I LP,Andrej Kiricov,Executive Officer,Andrej Kiricov (Executive Officer),not_checked,Not checked,Fund I,first_filer,2026,"$25,000","$25,000",2026-07-06,Pooled Investment Fund - Other Investment Fund,DARIEN,IL,0002140062-26-000001,https://www.sec.gov/Archives/edgar/data/2140062/000214006226000001/0002140062-26-000001-index.htm,https://www.linkedin.com/search/results/people/?keywords=Andrej+Kiricov+Dren+Capital,https://www.linkedin.com/search/results/companies/?keywords=Dren+Capital,https://www.google.com/search?q=%22Dren+Capital%22+venture+capital
1,ambiguous_vc_signal,no explicit VC category or strong pooled-fund VC name signal,"Research operating firm, decision-maker, launch evidence, and public presence before rejecting.",Acadia,"Acadia Fund I, LP/DE","N/A Acadia Fund I GP, LLC",Promoter,"N/A Acadia Fund I GP, LLC (Promoter); N/A Acadia Mineral Investment Management, LLC (Promoter); Kevin Lorenzen (Executive Officer); John Reilly (Executive Officer)",not_checked,Not checked,Fund I,first_filer,2025,$0,$59M,2026-07-07,Pooled Investment Fund - Other Investment Fund,HOUSTON,TX,0002088279-26-000002,https://www.sec.gov/Archives/edgar/data/2088279/000208827926000002/0002088279-26-000002-index.htm,https://www.linkedin.com/search/results/people/?keywords=N%2FA+Acadia+Fund+I+GP%2C+LLC+Acadia,https://www.linkedin.com/search/results/companies/?keywords=Acadia,https://www.google.com/search?q=%22Acadia%22+venture+capital
1,ambiguous_vc_signal,no explicit VC category or strong pooled-fund VC name signal,"Research operating firm, decision-maker, launch evidence, and public presence before rejecting.",Charism Capital,"Charism Capital Fund I, LP",Elizabeth Garlow,Executive Officer,Elizabeth Garlow (Executive Officer); William Hatch (Executive Officer),not_checked,Not checked,Fund I,first_filer,2026,$0,$24M,2026-07-07,Pooled Investment Fund - Other Investment Fund,WILMINGTON,DE,0002143129-26-000001,https://www.sec.gov/Archives/edgar/data/2143129/000214312926000001/0002143129-26-000001-index.htm,https://www.linkedin.com/search/results/people/?keywords=Elizabeth+Garlow+Charism+Capital,https://www.linkedin.com/search/results/companies/?keywords=Charism+Capital,https://www.google.com/search?q=%22Charism+Capital%22+venture+capital
1,ambiguous_vc_signal,no explicit VC category or strong pooled-fund VC name signal,"Research operating firm, decision-maker, launch evidence, and public presence before rejecting.",Ion Pacific CyFi,Ion Pacific CyFi Fund I LP,Ady Adefris,"Executive Officer, Promoter","Ady Adefris (Executive Officer, Promoter); Itamar Har-Even (Executive Officer, Promoter); Michael Joseph (Executive Officer, Promoter)",not_checked,Not checked,Fund I,first_filer,2026,$0,$1M,2026-07-07,Pooled Investment Fund - Other Investment Fund,SHEUNG WAN,K3,0000950142-26-001994,https://www.sec.gov/Archives/edgar/data/2136916/000095014226001994/0000950142-26-001994-index.htm,https://www.linkedin.com/search/results/people/?keywords=Ady+Adefris+Ion+Pacific+CyFi,https://www.linkedin.com/search/results/companies/?keywords=Ion+Pacific+CyFi,https://www.google.com/search?q=%22Ion+Pacific+CyFi%22+venture+capital
1,ambiguous_vc_signal,no explicit VC category or strong pooled-fund VC name signal,"Research operating firm, decision-maker, launch evidence, and public presence before rejecting.",PST OZ AG,PST OZ AG FUND I LLC,Brian Duggan,Executive Officer,"Brian Duggan (Executive Officer); Alex Samoylovich (Executive Officer); Pistachio St Manager, LLC (Executive Officer)",not_checked,Not checked,Fund I,first_filer,2026,$50M,$14M,2026-07-08,Other - Unknown,DELRAY BEACH,FL,0002143695-26-000001,https://www.sec.gov/Archives/edgar/data/2143695/000214369526000001/0002143695-26-000001-index.htm,https://www.linkedin.com/search/results/people/?keywords=Brian+Duggan+PST+OZ+AG,https://www.linkedin.com/search/results/companies/?keywords=PST+OZ+AG,https://www.google.com/search?q=%22PST+OZ+AG%22+venture+capital
1,ambiguous_vc_signal,no explicit VC category or strong pooled-fund VC name signal,"Research operating firm, decision-maker, launch evidence, and public presence before rejecting.",Third Lake EB-5,"Third Lake EB-5 Fund I, LLC","N/A Third Lake EB-5 Fund I Management, LLC",Director,"N/A Third Lake EB-5 Fund I Management, LLC (Director)",not_checked,Not checked,Fund I,first_filer,2026,$66M,$0,2026-07-08,Other - Unknown,TAMPA,FL,0002143580-26-000001,https://www.sec.gov/Archives/edgar/data/2143580/000214358026000001/0002143580-26-000001-index.htm,https://www.linkedin.com/search/results/people/?keywords=N%2FA+Third+Lake+EB-5+Fund+I+Management%2C+LLC+Third+Lake+EB-5,https://www.linkedin.com/search/results/companies/?keywords=Third+Lake+EB-5,https://www.google.com/search?q=%22Third+Lake+EB-5%22+venture+capital
1,ambiguous_vc_signal,no explicit VC category or strong pooled-fund VC name signal,"Research operating firm, decision-maker, launch evidence, and public presence before rejecting.",Oakbridge Capital Partners,Oakbridge Capital Partners Fund I LLC,Andrew Sakhaee,Executive Officer,Andrew Sakhaee (Executive Officer); Natalie Gilardian (Executive Officer); Nicole Rabanipour (Executive Officer); Jonathan Farhadian (Executive Officer),not_checked,Not checked,Fund I,first_filer,2026,$200M,$0,2026-07-08,REITS and Finance - Unknown,HICKSVILLE,NY,0001213900-26-076090,https://www.sec.gov/Archives/edgar/data/2143840/000121390026076090/0001213900-26-076090-index.htm,https://www.linkedin.com/search/results/people/?keywords=Andrew+Sakhaee+Oakbridge+Capital+Partners,https://www.linkedin.com/search/results/companies/?keywords=Oakbridge+Capital+Partners,https://www.google.com/search?q=%22Oakbridge+Capital+Partners%22+venture+capital
1,ambiguous_vc_signal,no explicit VC category or strong pooled-fund VC name signal,"Research operating firm, decision-maker, launch evidence, and public presence before rejecting.",Cork & Vines,"Cork & Vines Fund I, LP","NONE CORK &amp; VINES FUND I GP, LP",Executive Officer,"NONE CORK &amp; VINES FUND I GP, LP (Executive Officer); NONE JCCM LLC (Executive Officer); BILLY CLOW (Executive Officer)",not_checked,Not checked,Fund I,first_filer,2024,$0,$15M,2026-07-09,Pooled Investment Fund - Other Investment Fund,NEWPORT BEACH,CA,0002127694-26-000001,https://www.sec.gov/Archives/edgar/data/2127694/000212769426000001/0002127694-26-000001-index.htm,https://www.linkedin.com/search/results/people/?keywords=NONE+CORK+%26amp%3B+VINES+FUND+I+GP%2C+LP+Cork+%26+Vines,https://www.linkedin.com/search/results/companies/?keywords=Cork+%26+Vines,https://www.google.com/search?q=%22Cork+%26+Vines%22+venture+capital
1,ambiguous_vc_signal,no explicit VC category or strong pooled-fund VC name signal,"Research operating firm, decision-maker, launch evidence, and public presence before rejecting.",Englewood Capital,Englewood Capital Fund I-A LP,n/a Englewood Capital GP I LLC,Promoter,"n/a Englewood Capital GP I LLC (Promoter); Matthew Severson (Director, Promoter)",not_checked,Not checked,Fund I,first_filer,2026,$0,"$750,000",2026-07-13,Pooled Investment Fund - Other Investment Fund,New York,NY,0002129661-26-000001,https://www.sec.gov/Archives/edgar/data/2129661/000212966126000001/0002129661-26-000001-index.htm,https://www.linkedin.com/search/results/people/?keywords=n%2Fa+Englewood+Capital+GP+I+LLC+Englewood+Capital,https://www.linkedin.com/search/results/companies/?keywords=Englewood+Capital,https://www.google.com/search?q=%22Englewood+Capital%22+venture+capital
1,ambiguous_vc_signal,no explicit VC category or strong pooled-fund VC name signal,"Research operating firm, decision-maker, launch evidence, and public presence before rejecting.",Englewood Capital,Englewood Capital Fund I LP,N/A Englewood Capital GP I LLC,Promoter,"N/A Englewood Capital GP I LLC (Promoter); Matthew Severson (Director, Promoter)",not_checked,Not checked,Fund I,first_filer,2026,$0,$5M,2026-07-13,Pooled Investment Fund - Other Investment Fund,New York,NY,0002117108-26-000001,https://www.sec.gov/Archives/edgar/data/2117108/000211710826000001/0002117108-26-000001-index.htm,https://www.linkedin.com/search/results/people/?keywords=N%2FA+Englewood+Capital+GP+I+LLC+Englewood+Capital,https://www.linkedin.com/search/results/companies/?keywords=Englewood+Capital,https://www.google.com/search?q=%22Englewood+Capital%22+venture+capital
1,ambiguous_vc_signal,no explicit VC category or strong pooled-fund VC name signal,"Research operating firm, decision-maker, launch evidence, and public presence before rejecting.",Strike Point Capital,Strike Point Capital Fund I LLC,John Scaramucich,Executive Officer,John Scaramucich (Executive Officer); Deshorn King (Executive Officer),not_checked,Not checked,Fund I,first_filer,2026,$25M,$0,2026-07-14,Pooled Investment Fund - Other Investment Fund,NEWARK,DE,0002145395-26-000001,https://www.sec.gov/Archives/edgar/data/2145395/000214539526000001/0002145395-26-000001-index.htm,https://www.linkedin.com/search/results/people/?keywords=John+Scaramucich+Strike+Point+Capital,https://www.linkedin.com/search/results/companies/?keywords=Strike+Point+Capital,https://www.google.com/search?q=%22Strike+Point+Capital%22+venture+capital
1,ambiguous_vc_signal,no explicit VC category or strong pooled-fund VC name signal,"Research operating firm, decision-maker, launch evidence, and public presence before rejecting.",Sharp Alpha UA,Sharp Alpha UA Fund I LP,Lloyd Danzig,Executive Officer,Lloyd Danzig (Executive Officer),not_checked,Not checked,Fund I,first_filer,2026,$0,$0,2026-07-14,Pooled Investment Fund - Other Investment Fund,NEW YORK,NY,0002144985-26-000001,https://www.sec.gov/Archives/edgar/data/2144985/000214498526000001/0002144985-26-000001-index.htm,https://www.linkedin.com/search/results/people/?keywords=Lloyd+Danzig+Sharp+Alpha+UA,https://www.linkedin.com/search/results/companies/?keywords=Sharp+Alpha+UA,https://www.google.com/search?q=%22Sharp+Alpha+UA%22+venture+capital
1,ambiguous_vc_signal,no explicit VC category or strong pooled-fund VC name signal,"Research operating firm, decision-maker, launch evidence, and public presence before rejecting.",Foss Ohio 2027,"Foss Ohio 2027 Fund I, LLC",George Barry,"Executive Officer, Director","George Barry (Executive Officer, Director)",not_checked,Not checked,Fund I,first_filer,2025,$0,$6M,2026-07-14,Investing - Unknown,SAN FRANCISCO,CA,0002144862-26-000001,https://www.sec.gov/Archives/edgar/data/2144862/000214486226000001/0002144862-26-000001-index.htm,https://www.linkedin.com/search/results/people/?keywords=George+Barry+Foss+Ohio+2027,https://www.linkedin.com/search/results/companies/?keywords=Foss+Ohio+2027,https://www.google.com/search?q=%22Foss+Ohio+2027%22+venture+capital
1,ambiguous_vc_signal,no explicit VC category or strong pooled-fund VC name signal,"Research operating firm, decision-maker, launch evidence, and public presence before rejecting.",Foss Ohio 2028,"Foss Ohio 2028 Fund I, LLC",George Barry,"Executive Officer, Director","George Barry (Executive Officer, Director)",not_checked,Not checked,Fund I,first_filer,2025,$0,$6M,2026-07-14,Investing - Unknown,SAN FRANCISCO,CA,0002144861-26-000001,https://www.sec.gov/Archives/edgar/data/2144861/000214486126000001/0002144861-26-000001-index.htm,https://www.linkedin.com/search/results/people/?keywords=George+Barry+Foss+Ohio+2028,https://www.linkedin.com/search/results/companies/?keywords=Foss+Ohio+2028,https://www.google.com/search?q=%22Foss+Ohio+2028%22+venture+capital
1,ambiguous_vc_signal,no explicit VC category or strong pooled-fund VC name signal,"Research operating firm, decision-maker, launch evidence, and public presence before rejecting.",Grove Mountain Partners,"Grove Mountain Partners Fund I-A, LP","[none] Grove Mountain Partners Fund I GP, LLC",Executive Officer,"[none] Grove Mountain Partners Fund I GP, LLC (Executive Officer); Ransom James (Executive Officer)",not_checked,Not checked,Fund I,first_filer,2026,$0,$15M,2026-07-16,Pooled Investment Fund - Other Investment Fund,ATLANTA,GA,0002143790-26-000001,https://www.sec.gov/Archives/edgar/data/2143790/000214379026000001/0002143790-26-000001-index.htm,https://www.linkedin.com/search/results/people/?keywords=%5Bnone%5D+Grove+Mountain+Partners+Fund+I+GP%2C+LLC+Grove+Mountain+Partners,https://www.linkedin.com/search/results/companies/?keywords=Grove+Mountain+Partners,https://www.google.com/search?q=%22Grove+Mountain+Partners%22+venture+capital
1,ambiguous_vc_signal,no explicit VC category or strong pooled-fund VC name signal,"Research operating firm, decision-maker, launch evidence, and public presence before rejecting.",Grove Mountain Partners,"Grove Mountain Partners Fund I, LP","[none] Grove Mountain Partners Fund I GP, LLC",Executive Officer,"[none] Grove Mountain Partners Fund I GP, LLC (Executive Officer); Ransom James (Executive Officer)",not_checked,Not checked,Fund I,first_filer,2026,$0,$56M,2026-07-16,Pooled Investment Fund - Other Investment Fund,ATLANTA,GA,0002143492-26-000001,https://www.sec.gov/Archives/edgar/data/2143492/000214349226000001/0002143492-26-000001-index.htm,https://www.linkedin.com/search/results/people/?keywords=%5Bnone%5D+Grove+Mountain+Partners+Fund+I+GP%2C+LLC+Grove+Mountain+Partners,https://www.linkedin.com/search/results/companies/?keywords=Grove+Mountain+Partners,https://www.google.com/search?q=%22Grove+Mountain+Partners%22+venture+capital
1,ambiguous_vc_signal,no explicit VC category or strong pooled-fund VC name signal,"Research operating firm, decision-maker, launch evidence, and public presence before rejecting.",eMotion EV Infrastructure,"eMotion EV Infrastructure Fund I, LP","eMotion GP, LLC N/A","Director, Promoter","eMotion GP, LLC N/A (Director, Promoter)",not_checked,Not checked,Fund I,first_filer,2026,$0,$0,2026-07-16,Pooled Investment Fund - Other Investment Fund,MIAMI,FL,0002139814-26-000001,https://www.sec.gov/Archives/edgar/data/2139814/000213981426000001/0002139814-26-000001-index.htm,https://www.linkedin.com/search/results/people/?keywords=eMotion+GP%2C+LLC+N%2FA+eMotion+EV+Infrastructure,https://www.linkedin.com/search/results/companies/?keywords=eMotion+EV+Infrastructure,https://www.google.com/search?q=%22eMotion+EV+Infrastructure%22+venture+capital
1,ambiguous_vc_signal,no explicit VC category or strong pooled-fund VC name signal,"Research operating firm, decision-maker, launch evidence, and public presence before rejecting.",Broadwater,"Broadwater Fund I, L.P.","n/a Broadwater Fund I GP, LLC",Executive Officer,"n/a Broadwater Fund I GP, LLC (Executive Officer); Erik Barner (Executive Officer)",not_checked,Not checked,Fund I,first_filer,2024,$100M,$44M,2026-07-17,Pooled Investment Fund - Other Investment Fund,FARGO,ND,0002051517-26-000001,https://www.sec.gov/Archives/edgar/data/2051517/000205151726000001/0002051517-26-000001-index.htm,https://www.linkedin.com/search/results/people/?keywords=n%2Fa+Broadwater+Fund+I+GP%2C+LLC+Broadwater,https://www.linkedin.com/search/results/companies/?keywords=Broadwater,https://www.google.com/search?q=%22Broadwater%22+venture+capital
1,ambiguous_vc_signal,no explicit VC category or strong pooled-fund VC name signal,"Research operating firm, decision-maker, launch evidence, and public presence before rejecting.",STC Japan Engagement,"STC Japan Engagement Fund I, LP","N/A STC Japan Engagement Fund I GP, LLC",Executive Officer,"N/A STC Japan Engagement Fund I GP, LLC (Executive Officer); N/A Sapphireterra Capital, LLC (Executive Officer); Masakazu Hosomizu (Executive Officer)",not_checked,Not checked,Fund I,first_filer,2026,$0,$0,2026-07-17,Pooled Investment Fund - Other Investment Fund,CHICAGO,IL,0001213900-26-079023,https://www.sec.gov/Archives/edgar/data/2144483/000121390026079023/0001213900-26-079023-index.htm,https://www.linkedin.com/search/results/people/?keywords=N%2FA+STC+Japan+Engagement+Fund+I+GP%2C+LLC+STC+Japan+Engagement,https://www.linkedin.com/search/results/companies/?keywords=STC+Japan+Engagement,https://www.google.com/search?q=%22STC+Japan+Engagement%22+venture+capital
1,ambiguous_vc_signal,no explicit VC category or strong pooled-fund VC name signal,"Research operating firm, decision-maker, launch evidence, and public presence before rejecting.",PrimeSpace Capital,PrimeSpace Capital Fund I LP,Israel Friedman,Executive Officer,"Israel Friedman (Executive Officer); PrimeSpace Capital Fund I GP, LLC (Executive Officer)",not_checked,Not checked,Fund I,first_filer,2026,$0,$2M,2026-07-20,Pooled Investment Fund - Other Investment Fund,NEW YORK,NY,0002141419-26-000001,https://www.sec.gov/Archives/edgar/data/2141419/000214141926000001/0002141419-26-000001-index.htm,https://www.linkedin.com/search/results/people/?keywords=Israel+Friedman+PrimeSpace+Capital,https://www.linkedin.com/search/results/companies/?keywords=PrimeSpace+Capital,https://www.google.com/search?q=%22PrimeSpace+Capital%22+venture+capital
1,ambiguous_vc_signal,no explicit VC category or strong pooled-fund VC name signal,"Research operating firm, decision-maker, launch evidence, and public presence before rejecting.",Higher Skies Global,Higher Skies Global Fund I LLC,John Finn,Executive Officer,John Finn (Executive Officer),not_checked,Not checked,Fund I,first_filer,2026,"$383,000","$383,000",2026-07-20,Other - Unknown,CHARLOTTESVILLE,VA,0002145633-26-000001,https://www.sec.gov/Archives/edgar/data/2145633/000214563326000001/0002145633-26-000001-index.htm,https://www.linkedin.com/search/results/people/?keywords=John+Finn+Higher+Skies+Global,https://www.linkedin.com/search/results/companies/?keywords=Higher+Skies+Global,https://www.google.com/search?q=%22Higher+Skies+Global%22+venture+capital
1,ambiguous_vc_signal,no explicit VC category or strong pooled-fund VC name signal,"Research operating firm, decision-maker, launch evidence, and public presence before rejecting.",Flatiron PO Financing,Flatiron PO Financing Fund I LLC,James Heese,Promoter,James Heese (Promoter),not_checked,Not checked,Fund I,first_filer,2026,"$500,000","$150,000",2026-07-21,Pooled Investment Fund - Other Investment Fund,DENVER,CO,0002146521-26-000001,https://www.sec.gov/Archives/edgar/data/2146521/000214652126000001/0002146521-26-000001-index.htm,https://www.linkedin.com/search/results/people/?keywords=James+Heese+Flatiron+PO+Financing,https://www.linkedin.com/search/results/companies/?keywords=Flatiron+PO+Financing,https://www.google.com/search?q=%22Flatiron+PO+Financing%22+venture+capital
1,ambiguous_vc_signal,no explicit VC category or strong pooled-fund VC name signal,"Research operating firm, decision-maker, launch evidence, and public presence before rejecting.",RedBird Capital Partners Financial Services,RedBird Capital Partners Financial Services Fund I Sidecar (Blocked) L.P.,Gerald Cardinale,Executive Officer,Gerald Cardinale (Executive Officer),not_checked,Not checked,Fund I,first_filer,2026,$0,$0,2026-07-22,Pooled Investment Fund - Other Investment Fund,NEW YORK,NY,0002142402-26-000001,https://www.sec.gov/Archives/edgar/data/2142402/000214240226000001/0002142402-26-000001-index.htm,https://www.linkedin.com/search/results/people/?keywords=Gerald+Cardinale+RedBird+Capital+Partners+Financial+Services,https://www.linkedin.com/search/results/companies/?keywords=RedBird+Capital+Partners+Financial+Services,https://www.google.com/search?q=%22RedBird+Capital+Partners+Financial+Services%22+venture+capital
1,ambiguous_vc_signal,no explicit VC category or strong pooled-fund VC name signal,"Research operating firm, decision-maker, launch evidence, and public presence before rejecting.",Cox Capital Retail Secondaries,"Cox Capital Retail Secondaries Fund I, LP","n/a Cox Capital Retail Secondaries GP I, LLC",Director,"n/a Cox Capital Retail Secondaries GP I, LLC (Director)",not_checked,Not checked,Fund I,first_filer,2026,$150M,$31M,2026-07-23,Investing - Unknown,PHILADELPHIA,PA,0002142422-26-000001,https://www.sec.gov/Archives/edgar/data/2142422/000214242226000001/0002142422-26-000001-index.htm,https://www.linkedin.com/search/results/people/?keywords=n%2Fa+Cox+Capital+Retail+Secondaries+GP+I%2C+LLC+Cox+Capital+Retail+Secondaries,https://www.linkedin.com/search/results/companies/?keywords=Cox+Capital+Retail+Secondaries,https://www.google.com/search?q=%22Cox+Capital+Retail+Secondaries%22+venture+capital
1,ambiguous_vc_signal,no explicit VC category or strong pooled-fund VC name signal,"Research operating firm, decision-maker, launch evidence, and public presence before rejecting.",ARMARO CAPITAL,"ARMARO CAPITAL FUND I, LP","n/a Armaro Capital Fund I GP, LLC",Promoter,"n/a Armaro Capital Fund I GP, LLC (Promoter); Tommy Ma (Director, Promoter); Sophia Xiao (Director, Promoter)",not_checked,Not checked,Fund I,first_filer,2026,$0,$0,2026-07-24,Pooled Investment Fund - Other Investment Fund,Chicago,IL,0002146908-26-000001,https://www.sec.gov/Archives/edgar/data/2146908/000214690826000001/0002146908-26-000001-index.htm,https://www.linkedin.com/search/results/people/?keywords=n%2Fa+Armaro+Capital+Fund+I+GP%2C+LLC+ARMARO+CAPITAL,https://www.linkedin.com/search/results/companies/?keywords=ARMARO+CAPITAL,https://www.google.com/search?q=%22ARMARO+CAPITAL%22+venture+capital
1,ambiguous_vc_signal,no explicit VC category or strong pooled-fund VC name signal,"Research operating firm, decision-maker, launch evidence, and public presence before rejecting.",Valhalla Sports Collectibles,"Valhalla Sports Collectibles Fund I, LP",Stuart Lieblein,"Executive Officer, Promoter","Stuart Lieblein (Executive Officer, Promoter); Medon Michaelides (Executive Officer, Promoter); n/a Valhalla Sports Asset Management, LLC (Promoter); n/a Valhalla Sports Asset Management GP, LLC (Promoter)",not_checked,Not checked,Fund I,first_filer,2026,$10M,"$100,000",2026-07-27,Pooled Investment Fund - Other Investment Fund,PARKLAND,FL,0002147185-26-000001,https://www.sec.gov/Archives/edgar/data/2147185/000214718526000001/0002147185-26-000001-index.htm,https://www.linkedin.com/search/results/people/?keywords=Stuart+Lieblein+Valhalla+Sports+Collectibles,https://www.linkedin.com/search/results/companies/?keywords=Valhalla+Sports+Collectibles,https://www.google.com/search?q=%22Valhalla+Sports+Collectibles%22+venture+capital
1,ambiguous_vc_signal,no explicit VC category or strong pooled-fund VC name signal,"Research operating firm, decision-maker, launch evidence, and public presence before rejecting.",Mazzeo,"Mazzeo Fund I, LP",Matthew Mazzeo,"Executive Officer, Director","Matthew Mazzeo (Executive Officer, Director)",not_checked,Not checked,Fund I,first_filer,2026,$0,$15M,2026-07-27,Other - Unknown,LOS ANGELES,CA,0002147295-26-000001,https://www.sec.gov/Archives/edgar/data/2147295/000214729526000001/0002147295-26-000001-index.htm,https://www.linkedin.com/search/results/people/?keywords=Matthew+Mazzeo+Mazzeo,https://www.linkedin.com/search/results/companies/?keywords=Mazzeo,https://www.google.com/search?q=%22Mazzeo%22+venture+capital
1,ambiguous_vc_signal,no explicit VC category or strong pooled-fund VC name signal,"Research operating firm, decision-maker, launch evidence, and public presence before rejecting.",IL Battery,IL Battery Fund 1 LLC,Gavin Markus,Executive Officer,Gavin Markus (Executive Officer),not_checked,Not checked,Fund I,first_filer,2026,$10M,$1M,2026-07-29,Other Energy - Unknown,Bannockburn,IL,0002147718-26-000001,https://www.sec.gov/Archives/edgar/data/2147718/000214771826000001/0002147718-26-000001-index.htm,https://www.linkedin.com/search/results/people/?keywords=Gavin+Markus+IL+Battery,https://www.linkedin.com/search/results/companies/?keywords=IL+Battery,https://www.google.com/search?q=%22IL+Battery%22+venture+capital
1,ambiguous_vc_signal,no explicit VC category or strong pooled-fund VC name signal,"Research operating firm, decision-maker, launch evidence, and public presence before rejecting.",Vault C&I,"Vault C&I Fund I, LP","Vault C&amp;I Fund I GP, LLC",Executive Officer,"Vault C&amp;I Fund I GP, LLC (Executive Officer); Holmes Financial Management Co., LLC (Executive Officer); Rudolph Holmes IV (Executive Officer); Teresa Stinson (Executive Officer); Mary Katherine Franklin (Executive Officer); Taylor Ducoff (Executive Officer)",not_checked,Not checked,Fund I,first_filer,2026,$0,$49M,2026-07-30,Pooled Investment Fund - Other Investment Fund,HOUSTON,TX,0002143689-26-000001,https://www.sec.gov/Archives/edgar/data/2143689/000214368926000001/0002143689-26-000001-index.htm,https://www.linkedin.com/search/results/people/?keywords=Vault+C%26amp%3BI+Fund+I+GP%2C+LLC+Vault+C%26I,https://www.linkedin.com/search/results/companies/?keywords=Vault+C%26I,https://www.google.com/search?q=%22Vault+C%26I%22+venture+capital
1,ambiguous_vc_signal,no explicit VC category or strong pooled-fund VC name signal,"Research operating firm, decision-maker, launch evidence, and public presence before rejecting.",Ardenwood Ventures,Ardenwood Ventures LLC Fund 1,Flora Dong,Director,Flora Dong (Director),likely_new,Likely new firm,Fund I,first_filer,2026,$5M,$5M,2026-07-31,Investing - Unknown,PALO ALTO,CA,0002148351-26-000001,https://www.sec.gov/Archives/edgar/data/2148351/000214835126000001/0002148351-26-000001-index.htm,https://www.linkedin.com/search/results/people/?keywords=Flora+Dong+Ardenwood+Ventures,https://www.linkedin.com/search/results/companies/?keywords=Ardenwood+Ventures,https://www.google.com/search?q=%22Ardenwood+Ventures%22+venture+capital
1,ambiguous_vc_signal,no explicit VC category or strong pooled-fund VC name signal,"Research operating firm, decision-maker, launch evidence, and public presence before rejecting.",Opportunistic Pistachio Ag,Opportunistic Pistachio Ag Fund I LLC,"Pistachio St Manager, LLC",Executive Officer,"Pistachio St Manager, LLC (Executive Officer); Brian Duggan (Executive Officer); Alex Samoylovich (Executive Officer)",not_checked,Not checked,Fund I,first_filer,2025,$50M,$41M,2026-08-03,Agriculture - Unknown,WILMINGTON,DE,0002146437-26-000001,https://www.sec.gov/Archives/edgar/data/2146437/000214643726000001/0002146437-26-000001-index.htm,https://www.linkedin.com/search/results/people/?keywords=Pistachio+St+Manager%2C+LLC+Opportunistic+Pistachio+Ag,https://www.linkedin.com/search/results/companies/?keywords=Opportunistic+Pistachio+Ag,https://www.google.com/search?q=%22Opportunistic+Pistachio+Ag%22+venture+capital
1,ambiguous_vc_signal,no explicit VC category or strong pooled-fund VC name signal,"Research operating firm, decision-maker, launch evidence, and public presence before rejecting.",Bluegrass West Capital,Bluegrass West Capital Fund I-C LLC,RONALD HENDERSON,Executive Officer,RONALD HENDERSON (Executive Officer),not_checked,Not checked,Fund I,first_filer,2026,$20M,$0,2026-08-07,Other Technology - Unknown,DOVER,DE,0002148147-26-000001,https://www.sec.gov/Archives/edgar/data/2148147/000214814726000001/0002148147-26-000001-index.htm,https://www.linkedin.com/search/results/people/?keywords=RONALD+HENDERSON+Bluegrass+West+Capital,https://www.linkedin.com/search/results/companies/?keywords=Bluegrass+West+Capital,https://www.google.com/search?q=%22Bluegrass+West+Capital%22+venture+capital
2,ambiguous_vc_signal,no explicit VC category or strong pooled-fund VC name signal,"Research operating firm, decision-maker, launch evidence, and public presence before rejecting.",Chicago Partners Market Opportunities Fund,Chicago Partners Market Opportunities Fund LLC,N/A Chicago Partners Investment Group LLC,Executive Officer,N/A Chicago Partners Investment Group LLC (Executive Officer); James Hagedorn (Executive Officer); Nicholas Guido (Executive Officer),not_checked,Not checked,Emerging Fund,first_filer,2026,$0,$0,2026-06-15,Pooled Investment Fund - Other Investment Fund,CHICAGO,IL,0001213900-26-068895,https://www.sec.gov/Archives/edgar/data/2128454/000121390026068895/0001213900-26-068895-index.htm,https://www.linkedin.com/search/results/people/?keywords=N%2FA+Chicago+Partners+Investment+Group+LLC+Chicago+Partners+Market+Opportunities+Fund,https://www.linkedin.com/search/results/companies/?keywords=Chicago+Partners+Market+Opportunities+Fund,https://www.google.com/search?q=%22Chicago+Partners+Market+Opportunities+Fund%22+venture+capital
2,ambiguous_vc_signal,no explicit VC category or strong pooled-fund VC name signal,"Research operating firm, decision-maker, launch evidence, and public presence before rejecting.",1789 CAPITAL HALO,1789 CAPITAL HALO LP,Omeed Malik,Executive Officer,Omeed Malik (Executive Officer); Christopher Buskirk (Executive Officer),not_checked,Not checked,Emerging Fund,first_filer,2026,$0,$0,2026-06-15,Pooled Investment Fund - Other Investment Fund,PALM BEACH,FL,0002139631-26-000001,https://www.sec.gov/Archives/edgar/data/2139631/000213963126000001/0002139631-26-000001-index.htm,https://www.linkedin.com/search/results/people/?keywords=Omeed+Malik+1789+CAPITAL+HALO,https://www.linkedin.com/search/results/companies/?keywords=1789+CAPITAL+HALO,https://www.google.com/search?q=%221789+CAPITAL+HALO%22+venture+capital
2,ambiguous_vc_signal,no explicit VC category or strong pooled-fund VC name signal,"Research operating firm, decision-maker, launch evidence, and public presence before rejecting.",Core Asset Credit Partners,"Core Asset Credit Partners, LLC",Sahil Nandwani,"Executive Officer, Director, Promoter","Sahil Nandwani (Executive Officer, Director, Promoter)",not_checked,Not checked,Emerging Fund,first_filer,2026,$0,$14M,2026-06-15,Pooled Investment Fund - Other Investment Fund,NEW YORK,NY,0002136105-26-000001,https://www.sec.gov/Archives/edgar/data/2136105/000213610526000001/0002136105-26-000001-index.htm,https://www.linkedin.com/search/results/people/?keywords=Sahil+Nandwani+Core+Asset+Credit+Partners,https://www.linkedin.com/search/results/companies/?keywords=Core+Asset+Credit+Partners,https://www.google.com/search?q=%22Core+Asset+Credit+Partners%22+venture+capital
2,ambiguous_vc_signal,no explicit VC category or strong pooled-fund VC name signal,"Research operating firm, decision-maker, launch evidence, and public presence before rejecting.",Niya Partners id4 Path,Niya Partners id4 Path LLC,Niya Partners LLC,Promoter,Niya Partners LLC (Promoter),not_checked,Not checked,Emerging Fund,first_filer,2026,$4M,$4M,2026-06-16,Pooled Investment Fund - Other Investment Fund,Miami,FL,0002135660-26-000001,https://www.sec.gov/Archives/edgar/data/2135660/000213566026000001/0002135660-26-000001-index.htm,https://www.linkedin.com/search/results/people/?keywords=Niya+Partners+LLC+Niya+Partners+id4+Path,https://www.linkedin.com/search/results/companies/?keywords=Niya+Partners+id4+Path,https://www.google.com/search?q=%22Niya+Partners+id4+Path%22+venture+capital
2,ambiguous_vc_signal,no explicit VC category or strong pooled-fund VC name signal,"Research operating firm, decision-maker, launch evidence, and public presence before rejecting.",Ironwood Ventures,Ironwood Ventures LLC,Holdings LLC Back Nine,Executive Officer,Holdings LLC Back Nine (Executive Officer); John Cornelius (Executive Officer),not_checked,Not checked,Emerging Fund,first_filer,2023,$2M,$2M,2026-06-16,Retailing - Unknown,BLOOMFIELD,NJ,0002008537-26-000001,https://www.sec.gov/Archives/edgar/data/2008537/000200853726000001/0002008537-26-000001-index.htm,https://www.linkedin.com/search/results/people/?keywords=Holdings+LLC+Back+Nine+Ironwood+Ventures,https://www.linkedin.com/search/results/companies/?keywords=Ironwood+Ventures,https://www.google.com/search?q=%22Ironwood+Ventures%22+venture+capital
2,ambiguous_vc_signal,no explicit VC category or strong pooled-fund VC name signal,"Research operating firm, decision-maker, launch evidence, and public presence before rejecting.",Infinitas Capital Master,Infinitas Capital SPV XXXI a series of Infinitas Capital Master LLC,Limited Prediction Capital,Director,"Limited Prediction Capital (Director); LLC Allocations Fund Administration, (Executive Officer); Richard Thoms (Executive Officer)",not_checked,Not checked,Emerging Fund,first_filer,2026,"$652,975","$652,975",2026-06-16,Pooled Investment Fund - Other Investment Fund,Birkirkara,O1,0002134818-26-000001,https://www.sec.gov/Archives/edgar/data/2134818/000213481826000001/0002134818-26-000001-index.htm,https://www.linkedin.com/search/results/people/?keywords=Limited+Prediction+Capital+Infinitas+Capital+Master,https://www.linkedin.com/search/results/companies/?keywords=Infinitas+Capital+Master,https://www.google.com/search?q=%22Infinitas+Capital+Master%22+venture+capital
2,ambiguous_vc_signal,no explicit VC category or strong pooled-fund VC name signal,"Research operating firm, decision-maker, launch evidence, and public presence before rejecting.",Gwkx Capital,Gwkx Capital LLC,Joseph Quinn,Director,Joseph Quinn (Director),not_checked,Not checked,Emerging Fund,first_filer,N/A,$100M,$0,2026-06-16,Investing - Unknown,DENVER,CO,0002140715-26-000001,https://www.sec.gov/Archives/edgar/data/2140715/000214071526000001/0002140715-26-000001-index.htm,https://www.linkedin.com/search/results/people/?keywords=Joseph+Quinn+Gwkx+Capital,https://www.linkedin.com/search/results/companies/?keywords=Gwkx+Capital,https://www.google.com/search?q=%22Gwkx+Capital%22+venture+capital
2,ambiguous_vc_signal,no explicit VC category or strong pooled-fund VC name signal,"Research operating firm, decision-maker, launch evidence, and public presence before rejecting.",EC Capital Fund,"EC Capital Fund, LP",Eduardo Cano,"Executive Officer, Director, Promoter","Eduardo Cano (Executive Officer, Director, Promoter)",not_checked,Not checked,Emerging Fund,first_filer,2026,$50M,$0,2026-06-16,Other - Unknown,CONROE,TX,0002140648-26-000001,https://www.sec.gov/Archives/edgar/data/2140648/000214064826000001/0002140648-26-000001-index.htm,https://www.linkedin.com/search/results/people/?keywords=Eduardo+Cano+EC+Capital+Fund,https://www.linkedin.com/search/results/companies/?keywords=EC+Capital+Fund,https://www.google.com/search?q=%22EC+Capital+Fund%22+venture+capital
2,ambiguous_vc_signal,no explicit VC category or strong pooled-fund VC name signal,"Research operating firm, decision-maker, launch evidence, and public presence before rejecting.",One Point Five Capital,"One Point Five Capital, LLC",Stuart Bridges,Director,Stuart Bridges (Director),not_checked,Not checked,Emerging Fund,first_filer,N/A,"$250,000",$0,2026-06-16,Investing - Unknown,HUNTSVILLE,AL,0002140644-26-000001,https://www.sec.gov/Archives/edgar/data/2140644/000214064426000001/0002140644-26-000001-index.htm,https://www.linkedin.com/search/results/people/?keywords=Stuart+Bridges+One+Point+Five+Capital,https://www.linkedin.com/search/results/companies/?keywords=One+Point+Five+Capital,https://www.google.com/search?q=%22One+Point+Five+Capital%22+venture+capital
2,ambiguous_vc_signal,no explicit VC category or strong pooled-fund VC name signal,"Research operating firm, decision-maker, launch evidence, and public presence before rejecting.",1912 Capital,1912 Capital LP,Court Koshar,Director,Court Koshar (Director); Damon Cuzick (Director),not_checked,Not checked,Emerging Fund,first_filer,2026,$50M,$0,2026-06-17,Pooled Investment Fund - Other Investment Fund,PEORIA,AZ,0002134718-26-000048,https://www.sec.gov/Archives/edgar/data/2128389/000213471826000048/0002134718-26-000048-index.htm,https://www.linkedin.com/search/results/people/?keywords=Court+Koshar+1912+Capital,https://www.linkedin.com/search/results/companies/?keywords=1912+Capital,https://www.google.com/search?q=%221912+Capital%22+venture+capital
2,ambiguous_vc_signal,no explicit VC category or strong pooled-fund VC name signal,"Research operating firm, decision-maker, launch evidence, and public presence before rejecting.",GCM Grosvenor Japan Opportunity Fund,"GCM Grosvenor Japan Opportunity Fund, L.P.",n/a GCM Grosvenor L.P.,&quot;Grosvenor&quot;) (Promoter,"n/a GCM Grosvenor L.P. (&quot;Grosvenor&quot;) (Promoter); n/a GCM, L.L.C. (&quot;GCM&quot;) (Promoter); n/a Grosvenor Capital Management Holdings, LLLP (Promoter); Paul Meister (Executive Officer); Jonathan Levin (Executive Officer); Burke Montgomery (Executive Officer); Michael Sacks (Executive Officer); Eric Levin (Executive Officer); Stacie Selinger (Executive Officer); Pamela Bentley (Executive Officer); Frederick Pollock (Executive Officer); Cara Fixler (Executive Officer); Kevin Buchheit (Executive Officer)",not_checked,Not checked,Emerging Fund,first_filer,2026,$0,$58M,2026-06-17,Pooled Investment Fund - Other Investment Fund,CHICAGO,IL,0001566114-26-000053,https://www.sec.gov/Archives/edgar/data/2137840/000156611426000053/0001566114-26-000053-index.htm,https://www.linkedin.com/search/results/people/?keywords=n%2Fa+GCM+Grosvenor+L.P.+GCM+Grosvenor+Japan+Opportunity+Fund,https://www.linkedin.com/search/results/companies/?keywords=GCM+Grosvenor+Japan+Opportunity+Fund,https://www.google.com/search?q=%22GCM+Grosvenor+Japan+Opportunity+Fund%22+venture+capital
2,ambiguous_vc_signal,no explicit VC category or strong pooled-fund VC name signal,"Research operating firm, decision-maker, launch evidence, and public presence before rejecting.",SteelPoint Capital,SteelPoint Capital Fund 1 LLC,Casey Quinn,Executive Officer,Casey Quinn (Executive Officer),not_checked,Not checked,Fund I,new_filer,2025,$50M,$3M,2026-06-17,Other - Unknown,PITTSBURGH,PA,0002071412-26-000001,https://www.sec.gov/Archives/edgar/data/2071412/000207141226000001/0002071412-26-000001-index.htm,https://www.linkedin.com/search/results/people/?keywords=Casey+Quinn+SteelPoint+Capital,https://www.linkedin.com/search/results/companies/?keywords=SteelPoint+Capital,https://www.google.com/search?q=%22SteelPoint+Capital%22+venture+capital
2,ambiguous_vc_signal,no explicit VC category or strong pooled-fund VC name signal,"Research operating firm, decision-maker, launch evidence, and public presence before rejecting.",Shooting Star Partners,"Shooting Star Partners, LLC","N/A Ursa Minor Investments, LLC",Executive Officer,"N/A Ursa Minor Investments, LLC (Executive Officer); Matthew Garibaldi (Executive Officer)",not_checked,Not checked,Emerging Fund,first_filer,2024,$11M,$11M,2026-06-17,Other - Unknown,Sacramento,CA,0002138254-26-000001,https://www.sec.gov/Archives/edgar/data/2138254/000213825426000001/0002138254-26-000001-index.htm,https://www.linkedin.com/search/results/people/?keywords=N%2FA+Ursa+Minor+Investments%2C+LLC+Shooting+Star+Partners,https://www.linkedin.com/search/results/companies/?keywords=Shooting+Star+Partners,https://www.google.com/search?q=%22Shooting+Star+Partners%22+venture+capital
2,ambiguous_vc_signal,no explicit VC category or strong pooled-fund VC name signal,"Research operating firm, decision-maker, launch evidence, and public presence before rejecting.",Huaying Capital Ltd,Huaying Capital Ltd,Bao Qinghai,"Executive Officer, Director","Bao Qinghai (Executive Officer, Director)",not_checked,Not checked,Emerging Fund,first_filer,2025,$5M,$0,2026-06-17,Agriculture - Unknown,HONG KONG,K3,0002105667-26-000003,https://www.sec.gov/Archives/edgar/data/2105667/000210566726000003/0002105667-26-000003-index.htm,https://www.linkedin.com/search/results/people/?keywords=Bao+Qinghai+Huaying+Capital+Ltd,https://www.linkedin.com/search/results/companies/?keywords=Huaying+Capital+Ltd,https://www.google.com/search?q=%22Huaying+Capital+Ltd%22+venture+capital
2,ambiguous_vc_signal,no explicit VC category or strong pooled-fund VC name signal,"Research operating firm, decision-maker, launch evidence, and public presence before rejecting.",Hedonic Mindset Partners Corp,Hedonic Mindset Partners Corp,Sabyr Bukeikhanov,Director,Sabyr Bukeikhanov (Director),not_checked,Not checked,Emerging Fund,first_filer,2024,$1M,$1M,2026-06-17,Investing - Unknown,NAPLES,FL,0002066483-26-000002,https://www.sec.gov/Archives/edgar/data/2066483/000206648326000002/0002066483-26-000002-index.htm,https://www.linkedin.com/search/results/people/?keywords=Sabyr+Bukeikhanov+Hedonic+Mindset+Partners+Corp,https://www.linkedin.com/search/results/companies/?keywords=Hedonic+Mindset+Partners+Corp,https://www.google.com/search?q=%22Hedonic+Mindset+Partners+Corp%22+venture+capital
2,ambiguous_vc_signal,no explicit VC category or strong pooled-fund VC name signal,"Research operating firm, decision-maker, launch evidence, and public presence before rejecting.",Mission Partners,Mission Partners LLC,Peter Kirsch,Executive Officer,Peter Kirsch (Executive Officer),not_checked,Not checked,Emerging Fund,first_filer,2021,$20M,$20M,2026-06-18,Pooled Investment Fund - Other Investment Fund,BETHESDA,MD,0002140852-26-000001,https://www.sec.gov/Archives/edgar/data/2140852/000214085226000001/0002140852-26-000001-index.htm,https://www.linkedin.com/search/results/people/?keywords=Peter+Kirsch+Mission+Partners,https://www.linkedin.com/search/results/companies/?keywords=Mission+Partners,https://www.google.com/search?q=%22Mission+Partners%22+venture+capital
2,ambiguous_vc_signal,no explicit VC category or strong pooled-fund VC name signal,"Research operating firm, decision-maker, launch evidence, and public presence before rejecting.",Rox Capital Interstate Investment,Rox Capital Interstate Investment LLC,Mark Sparrow,"Executive Officer, Director, Promoter","Mark Sparrow (Executive Officer, Director, Promoter); Albert Cameron (Executive Officer, Director, Promoter); Matt Nader (Promoter)",not_checked,Not checked,Emerging Fund,first_filer,2026,$9M,$9M,2026-06-18,Manufacturing - Unknown,AUSTIN,TX,0002141296-26-000001,https://www.sec.gov/Archives/edgar/data/2141296/000214129626000001/0002141296-26-000001-index.htm,https://www.linkedin.com/search/results/people/?keywords=Mark+Sparrow+Rox+Capital+Interstate+Investment,https://www.linkedin.com/search/results/companies/?keywords=Rox+Capital+Interstate+Investment,https://www.google.com/search?q=%22Rox+Capital+Interstate+Investment%22+venture+capital
2,ambiguous_vc_signal,no explicit VC category or strong pooled-fund VC name signal,"Research operating firm, decision-maker, launch evidence, and public presence before rejecting.",Foodshed Capital,Foodshed Capital,Michael Reilly,"Executive Officer, Director","Michael Reilly (Executive Officer, Director); Leesa Christian (Director); Darrow Isaacman-Vanwertz (Director); Kavita Koppa (Director); Claudine Nayan (Director); Johnette Richardson (Director); Harrison Roday (Director); Adrian Rodrigues (Director); Kristen Suokko (Director)",not_checked,Not checked,Emerging Fund,first_filer,N/A,$2M,$0,2026-06-18,Other Banking and Financial Services - Unknown,CHARLOTTESVILLE,VA,0002068741-26-000001,https://www.sec.gov/Archives/edgar/data/2068741/000206874126000001/0002068741-26-000001-index.htm,https://www.linkedin.com/search/results/people/?keywords=Michael+Reilly+Foodshed+Capital,https://www.linkedin.com/search/results/companies/?keywords=Foodshed+Capital,https://www.google.com/search?q=%22Foodshed+Capital%22+venture+capital
2,ambiguous_vc_signal,no explicit VC category or strong pooled-fund VC name signal,"Research operating firm, decision-maker, launch evidence, and public presence before rejecting.",Griffin Highline Capital,Griffin Highline Capital LLC,Michael Doak,"Executive Officer, Director","Michael Doak (Executive Officer, Director); Robert Alpert (Director); William Cornog (Director); Bryan Dalton (Director); Peter Hearn (Director); Kent McGaughy (Director)",not_checked,Not checked,Emerging Fund,first_filer,N/A,$0,$40M,2026-06-18,Insurance - Unknown,DALLAS,TX,0001835304-26-000003,https://www.sec.gov/Archives/edgar/data/1835304/000183530426000003/0001835304-26-000003-index.htm,https://www.linkedin.com/search/results/people/?keywords=Michael+Doak+Griffin+Highline+Capital,https://www.linkedin.com/search/results/companies/?keywords=Griffin+Highline+Capital,https://www.google.com/search?q=%22Griffin+Highline+Capital%22+venture+capital
2,ambiguous_vc_signal,no explicit VC category or strong pooled-fund VC name signal,"Research operating firm, decision-maker, launch evidence, and public presence before rejecting.",1789 CAPITAL BLAZE,1789 CAPITAL BLAZE LP,Omeed Malik,Executive Officer,Omeed Malik (Executive Officer); Christopher Buskirk (Executive Officer),not_checked,Not checked,Emerging Fund,first_filer,2026,$0,$60M,2026-06-22,Pooled Investment Fund - Other Investment Fund,PALM BEACH,FL,0002131673-26-000001,https://www.sec.gov/Archives/edgar/data/2131673/000213167326000001/0002131673-26-000001-index.htm,https://www.linkedin.com/search/results/people/?keywords=Omeed+Malik+1789+CAPITAL+BLAZE,https://www.linkedin.com/search/results/companies/?keywords=1789+CAPITAL+BLAZE,https://www.google.com/search?q=%221789+CAPITAL+BLAZE%22+venture+capital
2,ambiguous_vc_signal,no explicit VC category or strong pooled-fund VC name signal,"Research operating firm, decision-maker, launch evidence, and public presence before rejecting.",Aeterna Fusion Capital,Aeterna Fusion Capital LLC,Hui Chen,Director,Hui Chen (Director),not_checked,Not checked,Emerging Fund,first_filer,2026,$0,$0,2026-06-22,Other - Unknown,NEW YORK,NY,0002141425-26-000001,https://www.sec.gov/Archives/edgar/data/2141425/000214142526000001/0002141425-26-000001-index.htm,https://www.linkedin.com/search/results/people/?keywords=Hui+Chen+Aeterna+Fusion+Capital,https://www.linkedin.com/search/results/companies/?keywords=Aeterna+Fusion+Capital,https://www.google.com/search?q=%22Aeterna+Fusion+Capital%22+venture+capital
2,ambiguous_vc_signal,no explicit VC category or strong pooled-fund VC name signal,"Research operating firm, decision-maker, launch evidence, and public presence before rejecting.",Gaingels Basic Capital,Gaingels Basic Capital LLC,Paul Grossinger,Executive Officer,Paul Grossinger (Executive Officer),not_checked,Not checked,Emerging Fund,first_filer,2026,"$112,400","$112,400",2026-06-22,Other - Unknown,BURLINGTON,VT,0002137486-26-000001,https://www.sec.gov/Archives/edgar/data/2137486/000213748626000001/0002137486-26-000001-index.htm,https://www.linkedin.com/search/results/people/?keywords=Paul+Grossinger+Gaingels+Basic+Capital,https://www.linkedin.com/search/results/companies/?keywords=Gaingels+Basic+Capital,https://www.google.com/search?q=%22Gaingels+Basic+Capital%22+venture+capital
2,ambiguous_vc_signal,no explicit VC category or strong pooled-fund VC name signal,"Research operating firm, decision-maker, launch evidence, and public presence before rejecting.",BLOOM CAPITAL GROUP,BLOOM CAPITAL GROUP LLC,NONE AAN PARTNERS LLC,Executive Officer,NONE AAN PARTNERS LLC (Executive Officer); NONE AAN MANAGEMENT LLC (Executive Officer); NISHIL PATEL (Executive Officer); BIJAL PATEL (Executive Officer),not_checked,Not checked,Emerging Fund,first_filer,2026,$0,$3M,2026-06-23,Pooled Investment Fund - Other Investment Fund,SOUTH BARRINGTON,IL,0002141354-26-000002,https://www.sec.gov/Archives/edgar/data/2141354/000214135426000002/0002141354-26-000002-index.htm,https://www.linkedin.com/search/results/people/?keywords=NONE+AAN+PARTNERS+LLC+BLOOM+CAPITAL+GROUP,https://www.linkedin.com/search/results/companies/?keywords=BLOOM+CAPITAL+GROUP,https://www.google.com/search?q=%22BLOOM+CAPITAL+GROUP%22+venture+capital
2,ambiguous_vc_signal,no explicit VC category or strong pooled-fund VC name signal,"Research operating firm, decision-maker, launch evidence, and public presence before rejecting.",Jetstream Legacy,"Jetstream Legacy Fund I, LP",Brooks McCabe,"Executive Officer, Director","Brooks McCabe (Executive Officer, Director); Luke Pent (Executive Officer, Director); William McDonald (Executive Officer)",not_checked,Not checked,Fund I,new_filer,2024,$0,$92M,2026-06-23,Pooled Investment Fund - Other Investment Fund,FORT WORTH,TX,0000897423-26-000084,https://www.sec.gov/Archives/edgar/data/2070754/000089742326000084/0000897423-26-000084-index.htm,https://www.linkedin.com/search/results/people/?keywords=Brooks+McCabe+Jetstream+Legacy,https://www.linkedin.com/search/results/companies/?keywords=Jetstream+Legacy,https://www.google.com/search?q=%22Jetstream+Legacy%22+venture+capital
2,ambiguous_vc_signal,no explicit VC category or strong pooled-fund VC name signal,"Research operating firm, decision-maker, launch evidence, and public presence before rejecting.",Gaingels Speedrun,Gaingels Speedrun Fund I LLC,Paul Grossinger,Executive Officer,Paul Grossinger (Executive Officer),not_checked,Not checked,Fund I,new_filer,2025,$2M,$1M,2026-06-23,Other - Unknown,BURLINGTON,VT,0002094847-26-000003,https://www.sec.gov/Archives/edgar/data/2094847/000209484726000003/0002094847-26-000003-index.htm,https://www.linkedin.com/search/results/people/?keywords=Paul+Grossinger+Gaingels+Speedrun,https://www.linkedin.com/search/results/companies/?keywords=Gaingels+Speedrun,https://www.google.com/search?q=%22Gaingels+Speedrun%22+venture+capital
2,ambiguous_vc_signal,no explicit VC category or strong pooled-fund VC name signal,"Research operating firm, decision-maker, launch evidence, and public presence before rejecting.",Gaingels Early Stage,Gaingels Early Stage Fund I LLC,Paul Grossinger,Executive Officer,Paul Grossinger (Executive Officer),not_checked,Not checked,Fund I,new_filer,2024,$10M,$4M,2026-06-23,Other - Unknown,BURLINGTON,VT,0002013710-26-000002,https://www.sec.gov/Archives/edgar/data/2013710/000201371026000002/0002013710-26-000002-index.htm,https://www.linkedin.com/search/results/people/?keywords=Paul+Grossinger+Gaingels+Early+Stage,https://www.linkedin.com/search/results/companies/?keywords=Gaingels+Early+Stage,https://www.google.com/search?q=%22Gaingels+Early+Stage%22+venture+capital
2,ambiguous_vc_signal,no explicit VC category or strong pooled-fund VC name signal,"Research operating firm, decision-maker, launch evidence, and public presence before rejecting.",Stagecoach Capital Wyndham Lakes,Stagecoach Capital Wyndham Lakes LLC,Geoffrey Gane,Executive Officer,Geoffrey Gane (Executive Officer),not_checked,Not checked,Emerging Fund,first_filer,2026,$8M,$0,2026-06-23,Other - Unknown,ROCHESTER,MI,0002141786-26-000001,https://www.sec.gov/Archives/edgar/data/2141786/000214178626000001/0002141786-26-000001-index.htm,https://www.linkedin.com/search/results/people/?keywords=Geoffrey+Gane+Stagecoach+Capital+Wyndham+Lakes,https://www.linkedin.com/search/results/companies/?keywords=Stagecoach+Capital+Wyndham+Lakes,https://www.google.com/search?q=%22Stagecoach+Capital+Wyndham+Lakes%22+venture+capital
2,ambiguous_vc_signal,no explicit VC category or strong pooled-fund VC name signal,"Research operating firm, decision-maker, launch evidence, and public presence before rejecting.",MountainSeed Sale Leaseback,"MountainSeed Sale Leaseback Fund I, LP",Frederic Streck,"Executive Officer, Promoter","Frederic Streck (Executive Officer, Promoter); n/a MountainSeed Capital Management, LLC (Promoter); n/a MountainSeed Sale Leaseback Fund I GP, LLC (Promoter)",not_checked,Not checked,Fund I,new_filer,2025,$0,$21M,2026-06-24,Pooled Investment Fund - Other Investment Fund,ATLANTA,GA,0002074645-26-000001,https://www.sec.gov/Archives/edgar/data/2074645/000207464526000001/0002074645-26-000001-index.htm,https://www.linkedin.com/search/results/people/?keywords=Frederic+Streck+MountainSeed+Sale+Leaseback,https://www.linkedin.com/search/results/companies/?keywords=MountainSeed+Sale+Leaseback,https://www.google.com/search?q=%22MountainSeed+Sale+Leaseback%22+venture+capital
2,ambiguous_vc_signal,no explicit VC category or strong pooled-fund VC name signal,"Research operating firm, decision-maker, launch evidence, and public presence before rejecting.",ICG Special Opportunities,ICG Special Opportunities Fund I LP,"N/A ICG Special Opportunities Fund I GP, LLC",Executive Officer,"N/A ICG Special Opportunities Fund I GP, LLC (Executive Officer); N/A ICG Advisors, LLC (Executive Officer); J. Assaf (Executive Officer); Robert Edelstein (Executive Officer); Jonathan Blenner (Executive Officer); Allison Petchenick (Executive Officer); Eleftherios Monis (Executive Officer)",not_checked,Not checked,Fund I,new_filer,N/A,$0,$88M,2026-06-24,Pooled Investment Fund - Other Investment Fund,LOS ANGELES,CA,0001908330-26-000003,https://www.sec.gov/Archives/edgar/data/1908330/000190833026000003/0001908330-26-000003-index.htm,https://www.linkedin.com/search/results/people/?keywords=N%2FA+ICG+Special+Opportunities+Fund+I+GP%2C+LLC+ICG+Special+Opportunities,https://www.linkedin.com/search/results/companies/?keywords=ICG+Special+Opportunities,https://www.google.com/search?q=%22ICG+Special+Opportunities%22+venture+capital
2,ambiguous_vc_signal,no explicit VC category or strong pooled-fund VC name signal,"Research operating firm, decision-maker, launch evidence, and public presence before rejecting.",TRANSCEND CAPITAL HEALTHCARE,TRANSCEND CAPITAL HEALTHCARE FUND I LP,"N/A Transcend Capital GP, LLC",Executive Officer,"N/A Transcend Capital GP, LLC (Executive Officer); N/A Transcend Capital Advisors, LLC (Executive Officer)",not_checked,Not checked,Fund I,new_filer,2021,$0,$52M,2026-06-24,Pooled Investment Fund - Other Investment Fund,Madison,NJ,0001894253-26-000002,https://www.sec.gov/Archives/edgar/data/1894253/000189425326000002/0001894253-26-000002-index.htm,https://www.linkedin.com/search/results/people/?keywords=N%2FA+Transcend+Capital+GP%2C+LLC+TRANSCEND+CAPITAL+HEALTHCARE,https://www.linkedin.com/search/results/companies/?keywords=TRANSCEND+CAPITAL+HEALTHCARE,https://www.google.com/search?q=%22TRANSCEND+CAPITAL+HEALTHCARE%22+venture+capital
2,ambiguous_vc_signal,no explicit VC category or strong pooled-fund VC name signal,"Research operating firm, decision-maker, launch evidence, and public presence before rejecting.",Bighorn River Capital,"Bighorn River Capital, LLC","Managing Member Friends &amp; Family Capital Management, LLC",Promoter,"Managing Member Friends &amp; Family Capital Management, LLC (Promoter)",not_checked,Not checked,Emerging Fund,first_filer,2025,$0,$19M,2026-06-24,Pooled Investment Fund - Other Investment Fund,MENLO PARK,CA,0002098895-26-000001,https://www.sec.gov/Archives/edgar/data/2098895/000209889526000001/0002098895-26-000001-index.htm,https://www.linkedin.com/search/results/people/?keywords=Managing+Member+Friends+%26amp%3B+Family+Capital+Management%2C+LLC+Bighorn+River+Capital,https://www.linkedin.com/search/results/companies/?keywords=Bighorn+River+Capital,https://www.google.com/search?q=%22Bighorn+River+Capital%22+venture+capital
2,ambiguous_vc_signal,no explicit VC category or strong pooled-fund VC name signal,"Research operating firm, decision-maker, launch evidence, and public presence before rejecting.",Ascend Capital Lending,"Ascend Capital Lending, LLC",Max Prendergast,Executive Officer,Max Prendergast (Executive Officer),not_checked,Not checked,Emerging Fund,first_filer,2025,$25M,$0,2026-06-24,Other Banking and Financial Services - Unknown,HUNTINGTON BEACH,CA,0002140870-26-000001,https://www.sec.gov/Archives/edgar/data/2140870/000214087026000001/0002140870-26-000001-index.htm,https://www.linkedin.com/search/results/people/?keywords=Max+Prendergast+Ascend+Capital+Lending,https://www.linkedin.com/search/results/companies/?keywords=Ascend+Capital+Lending,https://www.google.com/search?q=%22Ascend+Capital+Lending%22+venture+capital
2,ambiguous_vc_signal,no explicit VC category or strong pooled-fund VC name signal,"Research operating firm, decision-maker, launch evidence, and public presence before rejecting.","Commonwealth Capital, LLC/PA","Commonwealth Capital, LLC/PA",Chandler Hoopes,"Executive Officer, Director","Chandler Hoopes (Executive Officer, Director); Alexander Benoit (Executive Officer, Director); Caroline Doyle (Executive Officer); Kevin Kane (Executive Officer); John Hoopes (Director); Meredith Broder (Director); Harriet Young (Director); Seth Broder (Director)",not_checked,Not checked,Emerging Fund,first_filer,N/A,$2M,$2M,2026-06-24,Other Banking and Financial Services - Unknown,HAVERFORD,PA,0002003023-26-000006,https://www.sec.gov/Archives/edgar/data/2003023/000200302326000006/0002003023-26-000006-index.htm,https://www.linkedin.com/search/results/people/?keywords=Chandler+Hoopes+Commonwealth+Capital%2C+LLC%2FPA,https://www.linkedin.com/search/results/companies/?keywords=Commonwealth+Capital%2C+LLC%2FPA,https://www.google.com/search?q=%22Commonwealth+Capital%2C+LLC%2FPA%22+venture+capital
2,ambiguous_vc_signal,no explicit VC category or strong pooled-fund VC name signal,"Research operating firm, decision-maker, launch evidence, and public presence before rejecting.",Post Santa Lucia Partners C1,"Post Santa Lucia Partners C1, LLC",Post Santa Lucia MM LLC,Executive Officer,Post Santa Lucia MM LLC (Executive Officer); PREG Management LLC (Executive Officer); JASON POST (Executive Officer),not_checked,Not checked,Emerging Fund,first_filer,2026,"$929,000","$929,000",2026-06-24,Investing - Unknown,LOS ANGELES,CA,0002138034-26-000001,https://www.sec.gov/Archives/edgar/data/2138034/000213803426000001/0002138034-26-000001-index.htm,https://www.linkedin.com/search/results/people/?keywords=Post+Santa+Lucia+MM+LLC+Post+Santa+Lucia+Partners+C1,https://www.linkedin.com/search/results/companies/?keywords=Post+Santa+Lucia+Partners+C1,https://www.google.com/search?q=%22Post+Santa+Lucia+Partners+C1%22+venture+capital
2,ambiguous_vc_signal,no explicit VC category or strong pooled-fund VC name signal,"Research operating firm, decision-maker, launch evidence, and public presence before rejecting.",Audax Senior Loan,"Audax Senior Loan Fund I (Offshore), L.P.",Geoffrey Rehnert,Executive Officer,Geoffrey Rehnert (Executive Officer); Marc Wolpow (Executive Officer); Kevin Magid (Executive Officer); Michael McGonigle (Executive Officer),not_checked,Not checked,Fund I,new_filer,N/A,$0,$880M,2026-06-25,Pooled Investment Fund - Other Investment Fund,GRAND CAYMAN,E9,0001716875-26-000002,https://www.sec.gov/Archives/edgar/data/1716875/000171687526000002/0001716875-26-000002-index.htm,https://www.linkedin.com/search/results/people/?keywords=Geoffrey+Rehnert+Audax+Senior+Loan,https://www.linkedin.com/search/results/companies/?keywords=Audax+Senior+Loan,https://www.google.com/search?q=%22Audax+Senior+Loan%22+venture+capital
2,ambiguous_vc_signal,no explicit VC category or strong pooled-fund VC name signal,"Research operating firm, decision-maker, launch evidence, and public presence before rejecting.",Apollo ACT Capital EBF,"Apollo ACT Capital EBF, L.P.",William Kuesel,Executive Officer,William Kuesel (Executive Officer); Matthew Breitfelder (Executive Officer); Benjamin Brookstone (Executive Officer); Brian Carney (Executive Officer); Whitney Chatterjee (Executive Officer); James Elworth (Executive Officer); Kristin Hester (Executive Officer); Jeffrey Horowitz (Executive Officer); Leah Karlov (Executive Officer); Martin Kelly (Executive Officer); Susan Kendall (Executive Officer); John Zito (Executive Officer); Yael Levy (Executive Officer); Mandee Lee (Executive Officer); Jessica Lomm (Executive Officer); Michael Lotito (Executive Officer); Scott Kleinman (Executive Officer); Catherine Mullarney (Executive Officer); Nari Na (Executive Officer); Katherine Newman (Executive Officer); Brett Rieders (Executive Officer); Stefanie Sundel (Executive Officer); Joel Tay (Executive Officer); Shari Verschell (Executive Officer); Byron Vielehr (Executive Officer); James Zelter (Executive Officer),not_checked,Not checked,Emerging Fund,first_filer,2026,$0,$0,2026-06-25,Pooled Investment Fund - Other Investment Fund,NEW YORK,NY,0000950142-26-001874,https://www.sec.gov/Archives/edgar/data/2141361/000095014226001874/0000950142-26-001874-index.htm,https://www.linkedin.com/search/results/people/?keywords=William+Kuesel+Apollo+ACT+Capital+EBF,https://www.linkedin.com/search/results/companies/?keywords=Apollo+ACT+Capital+EBF,https://www.google.com/search?q=%22Apollo+ACT+Capital+EBF%22+venture+capital
2,ambiguous_vc_signal,no explicit VC category or strong pooled-fund VC name signal,"Research operating firm, decision-maker, launch evidence, and public presence before rejecting.",Copa,Copa Fund 1 LLC,David Nielson,"Executive Officer, Director, Promoter","David Nielson (Executive Officer, Director, Promoter); Chris Wendt (Executive Officer, Director, Promoter); John McGirr (Executive Officer, Director, Promoter)",not_checked,Not checked,Fund I,new_filer,2023,$150M,$54M,2026-06-25,REITS and Finance - Unknown,MESA,AZ,0001983471-26-000002,https://www.sec.gov/Archives/edgar/data/1983471/000198347126000002/0001983471-26-000002-index.htm,https://www.linkedin.com/search/results/people/?keywords=David+Nielson+Copa,https://www.linkedin.com/search/results/companies/?keywords=Copa,https://www.google.com/search?q=%22Copa%22+venture+capital
2,ambiguous_vc_signal,no explicit VC category or strong pooled-fund VC name signal,"Research operating firm, decision-maker, launch evidence, and public presence before rejecting.",Post Santa Lucia Partners C2,"Post Santa Lucia Partners C2, LLC",Post Santa Lucia MM LLC,Executive Officer,Post Santa Lucia MM LLC (Executive Officer); PREG Management LLC (Executive Officer); JASON POST (Executive Officer),not_checked,Not checked,Emerging Fund,first_filer,2026,"$411,000","$411,000",2026-06-25,Investing - Unknown,LOS ANGELES,CA,0002138033-26-000001,https://www.sec.gov/Archives/edgar/data/2138033/000213803326000001/0002138033-26-000001-index.htm,https://www.linkedin.com/search/results/people/?keywords=Post+Santa+Lucia+MM+LLC+Post+Santa+Lucia+Partners+C2,https://www.linkedin.com/search/results/companies/?keywords=Post+Santa+Lucia+Partners+C2,https://www.google.com/search?q=%22Post+Santa+Lucia+Partners+C2%22+venture+capital
2,ambiguous_vc_signal,no explicit VC category or strong pooled-fund VC name signal,"Research operating firm, decision-maker, launch evidence, and public presence before rejecting.",Cynosure Investment Partners,"Cynosure Investment Partners, LLC","The Cynosure Group, LLC",Executive Officer,"The Cynosure Group, LLC (Executive Officer); Mark Siddoway (Executive Officer, Promoter)",not_checked,Not checked,Emerging Fund,first_filer,N/A,$200M,$0,2026-06-26,Pooled Investment Fund - Other Investment Fund,SALT LAKE CITY,UT,0001746669-26-000003,https://www.sec.gov/Archives/edgar/data/1746669/000174666926000003/0001746669-26-000003-index.htm,https://www.linkedin.com/search/results/people/?keywords=The+Cynosure+Group%2C+LLC+Cynosure+Investment+Partners,https://www.linkedin.com/search/results/companies/?keywords=Cynosure+Investment+Partners,https://www.google.com/search?q=%22Cynosure+Investment+Partners%22+venture+capital
2,ambiguous_vc_signal,no explicit VC category or strong pooled-fund VC name signal,"Research operating firm, decision-maker, launch evidence, and public presence before rejecting.",Nuveen Private Capital SL SCA SICAV-RAIF - Nuveen Private Credit Europe,Nuveen Private Capital SL SCA SICAV-RAIF - Nuveen Private Credit Europe Fund I,Nuveen Private Capital SL General Partner S.a.r.l.,"Executive Officer, Promoter","Nuveen Private Capital SL General Partner S.a.r.l. (Executive Officer, Promoter); Carne Global Fund Managers (Luxembourg) S.A. (Executive Officer, Promoter); Arcmont Asset Management Limited (Executive Officer, Promoter)",not_checked,Not checked,Fund I,new_filer,2023,$0,$0,2026-06-26,Pooled Investment Fund - Other Investment Fund,LUXEMBOURG,N4,0000919574-26-004139,https://www.sec.gov/Archives/edgar/data/2065586/000091957426004139/0000919574-26-004139-index.htm,https://www.linkedin.com/search/results/people/?keywords=Nuveen+Private+Capital+SL+General+Partner+S.a.r.l.+Nuveen+Private+Capital+SL+SCA+SICAV-RAIF+-+Nuveen+Private+Credit+Europe,https://www.linkedin.com/search/results/companies/?keywords=Nuveen+Private+Capital+SL+SCA+SICAV-RAIF+-+Nuveen+Private+Credit+Europe,https://www.google.com/search?q=%22Nuveen+Private+Capital+SL+SCA+SICAV-RAIF+-+Nuveen+Private+Credit+Europe%22+venture+capital
2,ambiguous_vc_signal,no explicit VC category or strong pooled-fund VC name signal,"Research operating firm, decision-maker, launch evidence, and public presence before rejecting.",Trident Credit Partners,Trident Credit Partners LLC,Christopher Stemler,Executive Officer,Christopher Stemler (Executive Officer),not_checked,Not checked,Emerging Fund,first_filer,2026,$10M,$0,2026-06-26,Construction - Unknown,TOPEKA,KS,0002142521-26-000001,https://www.sec.gov/Archives/edgar/data/2142521/000214252126000001/0002142521-26-000001-index.htm,https://www.linkedin.com/search/results/people/?keywords=Christopher+Stemler+Trident+Credit+Partners,https://www.linkedin.com/search/results/companies/?keywords=Trident+Credit+Partners,https://www.google.com/search?q=%22Trident+Credit+Partners%22+venture+capital
2,ambiguous_vc_signal,no explicit VC category or strong pooled-fund VC name signal,"Research operating firm, decision-maker, launch evidence, and public presence before rejecting.",9 Industrial Partners,9 Industrial Partners LLC,9 Industrial GP LLC,Executive Officer,9 Industrial GP LLC (Executive Officer); Belrose Development Group LLC (Executive Officer); Joseph Downs (Executive Officer); Timothy Kane (Executive Officer),not_checked,Not checked,Emerging Fund,first_filer,2025,"$650,000","$300,000",2026-06-26,Other - Unknown,WAYNE,PA,0002141240-26-000001,https://www.sec.gov/Archives/edgar/data/2141240/000214124026000001/0002141240-26-000001-index.htm,https://www.linkedin.com/search/results/people/?keywords=9+Industrial+GP+LLC+9+Industrial+Partners,https://www.linkedin.com/search/results/companies/?keywords=9+Industrial+Partners,https://www.google.com/search?q=%229+Industrial+Partners%22+venture+capital
2,ambiguous_vc_signal,no explicit VC category or strong pooled-fund VC name signal,"Research operating firm, decision-maker, launch evidence, and public presence before rejecting.",CBK Partners,"CBK Partners, LLC",Adam Setterburg,Executive Officer,Adam Setterburg (Executive Officer); Christopher Anderson (Executive Officer); Ravinderjeet Mudan (Executive Officer),not_checked,Not checked,Emerging Fund,first_filer,2026,$0,$1M,2026-06-29,Pooled Investment Fund - Other Investment Fund,WILMINGTON,DE,0002142638-26-000001,https://www.sec.gov/Archives/edgar/data/2142638/000214263826000001/0002142638-26-000001-index.htm,https://www.linkedin.com/search/results/people/?keywords=Adam+Setterburg+CBK+Partners,https://www.linkedin.com/search/results/companies/?keywords=CBK+Partners,https://www.google.com/search?q=%22CBK+Partners%22+venture+capital
2,ambiguous_vc_signal,no explicit VC category or strong pooled-fund VC name signal,"Research operating firm, decision-maker, launch evidence, and public presence before rejecting.",ARCTOS KEYSTONE PARTNERS SO,"ARCTOS KEYSTONE PARTNERS SO, LP",IAN CHARLES,"Executive Officer, Promoter","IAN CHARLES (Executive Officer, Promoter)",not_checked,Not checked,Emerging Fund,first_filer,2023,$0,$0,2026-06-29,Pooled Investment Fund - Other Investment Fund,DALLAS,TX,0001985005-26-000004,https://www.sec.gov/Archives/edgar/data/1985005/000198500526000004/0001985005-26-000004-index.htm,https://www.linkedin.com/search/results/people/?keywords=IAN+CHARLES+ARCTOS+KEYSTONE+PARTNERS+SO,https://www.linkedin.com/search/results/companies/?keywords=ARCTOS+KEYSTONE+PARTNERS+SO,https://www.google.com/search?q=%22ARCTOS+KEYSTONE+PARTNERS+SO%22+venture+capital
2,ambiguous_vc_signal,no explicit VC category or strong pooled-fund VC name signal,"Research operating firm, decision-maker, launch evidence, and public presence before rejecting.",CLICKWANTS PARTNERS Corp,CLICKWANTS PARTNERS Corp,Rigoberto Dominicci,"Executive Officer, Director, Promoter","Rigoberto Dominicci (Executive Officer, Director, Promoter)",not_checked,Not checked,Emerging Fund,first_filer,2025,$0,$0,2026-06-29,Other - Unknown,ORLANDO,FL,0002142519-26-000001,https://www.sec.gov/Archives/edgar/data/2142519/000214251926000001/0002142519-26-000001-index.htm,https://www.linkedin.com/search/results/people/?keywords=Rigoberto+Dominicci+CLICKWANTS+PARTNERS+Corp,https://www.linkedin.com/search/results/companies/?keywords=CLICKWANTS+PARTNERS+Corp,https://www.google.com/search?q=%22CLICKWANTS+PARTNERS+Corp%22+venture+capital
2,ambiguous_vc_signal,no explicit VC category or strong pooled-fund VC name signal,"Research operating firm, decision-maker, launch evidence, and public presence before rejecting.",Granular,Granular Fund I L.P.,N/A Granular General Partner I Limited,Promoter,N/A Granular General Partner I Limited (Promoter); Alaina Danley (Director); Ronan Guilfoyle (Director); Wade Kenny (Director),not_checked,Not checked,Fund I,new_filer,N/A,$0,$207M,2026-06-30,Pooled Investment Fund - Other Investment Fund,LONDON,X0,0001745606-26-000003,https://www.sec.gov/Archives/edgar/data/1745606/000174560626000003/0001745606-26-000003-index.htm,https://www.linkedin.com/search/results/people/?keywords=N%2FA+Granular+General+Partner+I+Limited+Granular,https://www.linkedin.com/search/results/companies/?keywords=Granular,https://www.google.com/search?q=%22Granular%22+venture+capital
2,ambiguous_vc_signal,no explicit VC category or strong pooled-fund VC name signal,"Research operating firm, decision-maker, launch evidence, and public presence before rejecting.",Checketts Sports Partners,"Checketts Sports Partners, LP","N/A CSP Management, LLC",Director,"N/A CSP Management, LLC (Director); N/A Checketts Sports Partners GP LLC (Director); Randal Quarles (Executive Officer, Director); David Checketts (Executive Officer, Director); Spencer Eccles (Executive Officer, Director); Chinh Chu (Executive Officer, Director)",not_checked,Not checked,Emerging Fund,first_filer,2026,$0,$0,2026-06-30,Pooled Investment Fund - Other Investment Fund,SALT LAKE CITY,UT,0002142596-26-000001,https://www.sec.gov/Archives/edgar/data/2142596/000214259626000001/0002142596-26-000001-index.htm,https://www.linkedin.com/search/results/people/?keywords=N%2FA+CSP+Management%2C+LLC+Checketts+Sports+Partners,https://www.linkedin.com/search/results/companies/?keywords=Checketts+Sports+Partners,https://www.google.com/search?q=%22Checketts+Sports+Partners%22+venture+capital
2,ambiguous_vc_signal,no explicit VC category or strong pooled-fund VC name signal,"Research operating firm, decision-maker, launch evidence, and public presence before rejecting.",Belmere Capital Fund,Belmere Capital Fund LLC,N/A Eaton Vance Management,Promoter,N/A Eaton Vance Management (Promoter); James Kirchner (Executive Officer); Deidre Walsh (Executive Officer); Yana Barton (Executive Officer),not_checked,Not checked,Emerging Fund,first_filer,2025,$0,$1255M,2026-06-30,Pooled Investment Fund - Other Investment Fund,BOSTON,MA,0000945621-26-000868,https://www.sec.gov/Archives/edgar/data/2113715/000094562126000868/0000945621-26-000868-index.htm,https://www.linkedin.com/search/results/people/?keywords=N%2FA+Eaton+Vance+Management+Belmere+Capital+Fund,https://www.linkedin.com/search/results/companies/?keywords=Belmere+Capital+Fund,https://www.google.com/search?q=%22Belmere+Capital+Fund%22+venture+capital
2,ambiguous_vc_signal,no explicit VC category or strong pooled-fund VC name signal,"Research operating firm, decision-maker, launch evidence, and public presence before rejecting.",Imaging Diagnostic Partners (General Partnership),Imaging Diagnostic Partners (General Partnership),Ugochukwu Enumah,Executive Officer,Ugochukwu Enumah (Executive Officer),not_checked,Not checked,Emerging Fund,first_filer,2026,$0,"$120,000",2026-06-30,Other Health Care - Unknown,Lake Elsinore,CA,0002142936-26-000001,https://www.sec.gov/Archives/edgar/data/2142936/000214293626000001/0002142936-26-000001-index.htm,https://www.linkedin.com/search/results/people/?keywords=Ugochukwu+Enumah+Imaging+Diagnostic+Partners+%28General+Partnership%29,https://www.linkedin.com/search/results/companies/?keywords=Imaging+Diagnostic+Partners+%28General+Partnership%29,https://www.google.com/search?q=%22Imaging+Diagnostic+Partners+%28General+Partnership%29%22+venture+capital
2,ambiguous_vc_signal,no explicit VC category or strong pooled-fund VC name signal,"Research operating firm, decision-maker, launch evidence, and public presence before rejecting.",Ironhold Capital,"Ironhold Capital Fund I, L.P.",n/a Ironhold Capital Management LLC,"Executive Officer, Director","n/a Ironhold Capital Management LLC (Executive Officer, Director); Paul Gray (Executive Officer, Director); Siddharth Singhai (Executive Officer, Director)",not_checked,Not checked,Fund I,new_filer,N/A,$0,"$400,000",2026-07-01,Pooled Investment Fund - Other Investment Fund,Long Island City,NY,0001850600-26-000001,https://www.sec.gov/Archives/edgar/data/1850600/000185060026000001/0001850600-26-000001-index.htm,https://www.linkedin.com/search/results/people/?keywords=n%2Fa+Ironhold+Capital+Management+LLC+Ironhold+Capital,https://www.linkedin.com/search/results/companies/?keywords=Ironhold+Capital,https://www.google.com/search?q=%22Ironhold+Capital%22+venture+capital
2,ambiguous_vc_signal,no explicit VC category or strong pooled-fund VC name signal,"Research operating firm, decision-maker, launch evidence, and public presence before rejecting.",Fidexus Capital Equity Growth Fund,Fidexus Capital Equity Growth Fund L.P,Sarita Mandanna,"Executive Officer, Director","Sarita Mandanna (Executive Officer, Director)",not_checked,Not checked,Emerging Fund,first_filer,2025,$0,$5M,2026-07-01,Pooled Investment Fund - Other Investment Fund,NEW YORK,NY,0002141535-26-000001,https://www.sec.gov/Archives/edgar/data/2141535/000214153526000001/0002141535-26-000001-index.htm,https://www.linkedin.com/search/results/people/?keywords=Sarita+Mandanna+Fidexus+Capital+Equity+Growth+Fund,https://www.linkedin.com/search/results/companies/?keywords=Fidexus+Capital+Equity+Growth+Fund,https://www.google.com/search?q=%22Fidexus+Capital+Equity+Growth+Fund%22+venture+capital
2,ambiguous_vc_signal,no explicit VC category or strong pooled-fund VC name signal,"Research operating firm, decision-maker, launch evidence, and public presence before rejecting.",Apollo Sports Capital Holdings (Overseas),"Apollo Sports Capital Holdings (Overseas), L.P.",William Kuesel,Executive Officer,William Kuesel (Executive Officer); Matthew Breitfelder (Executive Officer); Brian Carney (Executive Officer); Whitney Chatterjee (Executive Officer); Heather Glatter (Executive Officer); James Elworth (Executive Officer); Kristin Hester (Executive Officer); Martin Kelly (Executive Officer); Yael Levy (Executive Officer); Mandee Lee (Executive Officer); Jessica Lomm (Executive Officer); Catherine Mullarney (Executive Officer); Nari Na (Executive Officer); Katherine Newman (Executive Officer); Stefanie Sundel (Executive Officer); Shari Verschell (Executive Officer); James Zelter (Executive Officer); Scott Kleinman (Executive Officer),not_checked,Not checked,Emerging Fund,first_filer,2025,$0,$0,2026-07-01,Pooled Investment Fund - Other Investment Fund,NEW YORK,NY,0000950142-26-001942,https://www.sec.gov/Archives/edgar/data/2117413/000095014226001942/0000950142-26-001942-index.htm,https://www.linkedin.com/search/results/people/?keywords=William+Kuesel+Apollo+Sports+Capital+Holdings+%28Overseas%29,https://www.linkedin.com/search/results/companies/?keywords=Apollo+Sports+Capital+Holdings+%28Overseas%29,https://www.google.com/search?q=%22Apollo+Sports+Capital+Holdings+%28Overseas%29%22+venture+capital
2,ambiguous_vc_signal,no explicit VC category or strong pooled-fund VC name signal,"Research operating firm, decision-maker, launch evidence, and public presence before rejecting.",Apollo Sports Capital Holdings (Onshore),"Apollo Sports Capital Holdings (Onshore), L.P.",William Kuesel,Executive Officer,William Kuesel (Executive Officer); Matthew Breitfelder (Executive Officer); Brian Carney (Executive Officer); Whitney Chatterjee (Executive Officer); Heather Glatter (Executive Officer); James Elworth (Executive Officer); Kristin Hester (Executive Officer); Martin Kelly (Executive Officer); Yael Levy (Executive Officer); Mandee Lee (Executive Officer); Jessica Lomm (Executive Officer); Catherine Mullarney (Executive Officer); Nari Na (Executive Officer); Katherine Newman (Executive Officer); Stefanie Sundel (Executive Officer); Shari Verschell (Executive Officer); James Zelter (Executive Officer); Scott Kleinman (Executive Officer),not_checked,Not checked,Emerging Fund,first_filer,2026,$0,$0,2026-07-01,Pooled Investment Fund - Other Investment Fund,NEW YORK,NY,0000950142-26-001941,https://www.sec.gov/Archives/edgar/data/2117414/000095014226001941/0000950142-26-001941-index.htm,https://www.linkedin.com/search/results/people/?keywords=William+Kuesel+Apollo+Sports+Capital+Holdings+%28Onshore%29,https://www.linkedin.com/search/results/companies/?keywords=Apollo+Sports+Capital+Holdings+%28Onshore%29,https://www.google.com/search?q=%22Apollo+Sports+Capital+Holdings+%28Onshore%29%22+venture+capital
2,ambiguous_vc_signal,no explicit VC category or strong pooled-fund VC name signal,"Research operating firm, decision-maker, launch evidence, and public presence before rejecting.",Apollo Sports Capital Co-Investors (B),"Apollo Sports Capital Co-Investors (B), L.P.",William Kuesel,Executive Officer,William Kuesel (Executive Officer); Matthew Breitfelder (Executive Officer); Brian Carney (Executive Officer); Whitney Chatterjee (Executive Officer); Heather Glatter (Executive Officer); James Elworth (Executive Officer); Kristin Hester (Executive Officer); Martin Kelly (Executive Officer); Yael Levy (Executive Officer); Mandee Lee (Executive Officer); Jessica Lomm (Executive Officer); Catherine Mullarney (Executive Officer); Nari Na (Executive Officer); Katherine Newman (Executive Officer); Stefanie Sundel (Executive Officer); Shari Verschell (Executive Officer); James Zelter (Executive Officer); Scott Kleinman (Executive Officer),not_checked,Not checked,Emerging Fund,first_filer,2026,$0,$0,2026-07-01,Pooled Investment Fund - Other Investment Fund,NEW YORK,NY,0000950142-26-001940,https://www.sec.gov/Archives/edgar/data/2117415/000095014226001940/0000950142-26-001940-index.htm,https://www.linkedin.com/search/results/people/?keywords=William+Kuesel+Apollo+Sports+Capital+Co-Investors+%28B%29,https://www.linkedin.com/search/results/companies/?keywords=Apollo+Sports+Capital+Co-Investors+%28B%29,https://www.google.com/search?q=%22Apollo+Sports+Capital+Co-Investors+%28B%29%22+venture+capital
2,ambiguous_vc_signal,no explicit VC category or strong pooled-fund VC name signal,"Research operating firm, decision-maker, launch evidence, and public presence before rejecting.",Apollo Sports Capital Co-Investors (A),"Apollo Sports Capital Co-Investors (A), L.P.",William Kuesel,Executive Officer,William Kuesel (Executive Officer); Scott Kleinman (Executive Officer); James Zelter (Executive Officer); Matthew Breitfelder (Executive Officer); Whitney Chatterjee (Executive Officer); Martin Kelly (Executive Officer); James Elworth (Executive Officer); Yael Levy (Executive Officer); Mandee Lee (Executive Officer); Jessica Lomm (Executive Officer); Catherine Mullarney (Executive Officer); Nari Na (Executive Officer); Katherine Newman (Executive Officer); Jane Song (Executive Officer); Stefanie Sundel (Executive Officer); Shari Verschell (Executive Officer); Brian Carney (Executive Officer),not_checked,Not checked,Emerging Fund,first_filer,2026,$0,$0,2026-07-01,Pooled Investment Fund - Other Investment Fund,NEW YORK,NY,0000950142-26-001939,https://www.sec.gov/Archives/edgar/data/2117416/000095014226001939/0000950142-26-001939-index.htm,https://www.linkedin.com/search/results/people/?keywords=William+Kuesel+Apollo+Sports+Capital+Co-Investors+%28A%29,https://www.linkedin.com/search/results/companies/?keywords=Apollo+Sports+Capital+Co-Investors+%28A%29,https://www.google.com/search?q=%22Apollo+Sports+Capital+Co-Investors+%28A%29%22+venture+capital
2,ambiguous_vc_signal,no explicit VC category or strong pooled-fund VC name signal,"Research operating firm, decision-maker, launch evidence, and public presence before rejecting.",Park Place Capital GP,"Park Place Capital GP, LLC",Adam Miller,Executive Officer,Adam Miller (Executive Officer); Chad Miller (Executive Officer); Jason Granger (Executive Officer); Nate Kessler (Executive Officer),not_checked,Not checked,Emerging Fund,first_filer,2026,$2M,$0,2026-07-01,Lodging and Conventions - Unknown,TRAVERSE CITY,MI,0002141118-26-000001,https://www.sec.gov/Archives/edgar/data/2141118/000214111826000001/0002141118-26-000001-index.htm,https://www.linkedin.com/search/results/people/?keywords=Adam+Miller+Park+Place+Capital+GP,https://www.linkedin.com/search/results/companies/?keywords=Park+Place+Capital+GP,https://www.google.com/search?q=%22Park+Place+Capital+GP%22+venture+capital
2,ambiguous_vc_signal,no explicit VC category or strong pooled-fund VC name signal,"Research operating firm, decision-maker, launch evidence, and public presence before rejecting.",Park Place Capital,Park Place Capital LLC,Adam Miller,Executive Officer,Adam Miller (Executive Officer); Chad Miller (Executive Officer); Jason Granger (Executive Officer); Nate Kessler (Executive Officer),not_checked,Not checked,Emerging Fund,first_filer,2026,$10M,$1M,2026-07-01,Lodging and Conventions - Unknown,TRAVERSE CITY,MI,0002140953-26-000001,https://www.sec.gov/Archives/edgar/data/2140953/000214095326000001/0002140953-26-000001-index.htm,https://www.linkedin.com/search/results/people/?keywords=Adam+Miller+Park+Place+Capital,https://www.linkedin.com/search/results/companies/?keywords=Park+Place+Capital,https://www.google.com/search?q=%22Park+Place+Capital%22+venture+capital
2,ambiguous_vc_signal,no explicit VC category or strong pooled-fund VC name signal,"Research operating firm, decision-maker, launch evidence, and public presence before rejecting.",Alpha Venture Private Investments,"Alpha Venture Private Investments, LLC",CARL DOCKERY,Executive Officer,CARL DOCKERY (Executive Officer),not_checked,Not checked,Emerging Fund,first_filer,2025,$12M,"$282,000",2026-07-07,Other - Unknown,LAKELAND,FL,0002069236-26-000003,https://www.sec.gov/Archives/edgar/data/2069236/000206923626000003/0002069236-26-000003-index.htm,https://www.linkedin.com/search/results/people/?keywords=CARL+DOCKERY+Alpha+Venture+Private+Investments,https://www.linkedin.com/search/results/companies/?keywords=Alpha+Venture+Private+Investments,https://www.google.com/search?q=%22Alpha+Venture+Private+Investments%22+venture+capital
2,ambiguous_vc_signal,no explicit VC category or strong pooled-fund VC name signal,"Research operating firm, decision-maker, launch evidence, and public presence before rejecting.",Sovereign's Capital Evergreen,"Sovereign's Capital Evergreen Fund I, LLC","N/A Sovereign's Capital Management, LLC",Executive Officer,"N/A Sovereign's Capital Management, LLC (Executive Officer)",not_checked,Not checked,Fund I,new_filer,2021,$0,$35M,2026-07-07,Pooled Investment Fund - Other Investment Fund,ATLANTA,GA,0001904383-26-000001,https://www.sec.gov/Archives/edgar/data/1904383/000190438326000001/0001904383-26-000001-index.htm,https://www.linkedin.com/search/results/people/?keywords=N%2FA+Sovereign%27s+Capital+Management%2C+LLC+Sovereign%27s+Capital+Evergreen,https://www.linkedin.com/search/results/companies/?keywords=Sovereign%27s+Capital+Evergreen,https://www.google.com/search?q=%22Sovereign%27s+Capital+Evergreen%22+venture+capital
2,ambiguous_vc_signal,no explicit VC category or strong pooled-fund VC name signal,"Research operating firm, decision-maker, launch evidence, and public presence before rejecting.",CMWA Capital Appreciation Fund,CMWA Capital Appreciation Fund LLC,R. McCreery,Executive Officer,R. McCreery (Executive Officer); Cynthia Resch (Executive Officer); Douglas Smorag (Executive Officer); Neal Colby (Executive Officer),not_checked,Not checked,Emerging Fund,first_filer,N/A,$0,$387M,2026-07-07,Pooled Investment Fund - Other Investment Fund,BEACHWOOD,OH,0001321086-26-000005,https://www.sec.gov/Archives/edgar/data/1321086/000132108626000005/0001321086-26-000005-index.htm,https://www.linkedin.com/search/results/people/?keywords=R.+McCreery+CMWA+Capital+Appreciation+Fund,https://www.linkedin.com/search/results/companies/?keywords=CMWA+Capital+Appreciation+Fund,https://www.google.com/search?q=%22CMWA+Capital+Appreciation+Fund%22+venture+capital
2,ambiguous_vc_signal,no explicit VC category or strong pooled-fund VC name signal,"Research operating firm, decision-maker, launch evidence, and public presence before rejecting.",CoreLabs Capital Fund,"CoreLabs Master Fund 1 LLC, a series of CoreLabs Capital Fund, LLC",Venkata Kamal Nath Devarakonda,"Executive Officer, Promoter","Venkata Kamal Nath Devarakonda (Executive Officer, Promoter)",not_checked,Not checked,Fund I,new_filer,2024,$2M,$2M,2026-07-07,Investing - Unknown,DANVILLE,CA,0002054403-26-000004,https://www.sec.gov/Archives/edgar/data/2054403/000205440326000004/0002054403-26-000004-index.htm,https://www.linkedin.com/search/results/people/?keywords=Venkata+Kamal+Nath+Devarakonda+CoreLabs+Capital+Fund,https://www.linkedin.com/search/results/companies/?keywords=CoreLabs+Capital+Fund,https://www.google.com/search?q=%22CoreLabs+Capital+Fund%22+venture+capital
2,ambiguous_vc_signal,no explicit VC category or strong pooled-fund VC name signal,"Research operating firm, decision-maker, launch evidence, and public presence before rejecting.",BOARDROOM EQUITY PARTNERS,"BOARDROOM EQUITY PARTNERS, LLC",Kent Clothier,Executive Officer,Kent Clothier (Executive Officer); Jerry Statham (Executive Officer),not_checked,Not checked,Emerging Fund,first_filer,2025,$10M,$2M,2026-07-07,Other - Unknown,GRAPEVINE,TX,0002139580-26-000001,https://www.sec.gov/Archives/edgar/data/2139580/000213958026000001/0002139580-26-000001-index.htm,https://www.linkedin.com/search/results/people/?keywords=Kent+Clothier+BOARDROOM+EQUITY+PARTNERS,https://www.linkedin.com/search/results/companies/?keywords=BOARDROOM+EQUITY+PARTNERS,https://www.google.com/search?q=%22BOARDROOM+EQUITY+PARTNERS%22+venture+capital
2,ambiguous_vc_signal,no explicit VC category or strong pooled-fund VC name signal,"Research operating firm, decision-maker, launch evidence, and public presence before rejecting.",Bright Capital Group,"Bright Capital Group, LLC",Preston Reeder,Executive Officer,Preston Reeder (Executive Officer),not_checked,Not checked,Emerging Fund,first_filer,2026,$0,$0,2026-07-07,Investment Banking - Unknown,Mobile,AL,0002142407-26-000002,https://www.sec.gov/Archives/edgar/data/2142407/000214240726000002/0002142407-26-000002-index.htm,https://www.linkedin.com/search/results/people/?keywords=Preston+Reeder+Bright+Capital+Group,https://www.linkedin.com/search/results/companies/?keywords=Bright+Capital+Group,https://www.google.com/search?q=%22Bright+Capital+Group%22+venture+capital
2,ambiguous_vc_signal,no explicit VC category or strong pooled-fund VC name signal,"Research operating firm, decision-maker, launch evidence, and public presence before rejecting.",Allocations 2026 Master,"11MC Partners OE a series of Allocations 2026 Master, LLC",LLC Eleven Madison Capital,Director,"LLC Eleven Madison Capital (Director); LLC Allocations Fund Administration, (Executive Officer); Richard Thoms (Executive Officer)",not_checked,Not checked,Emerging Fund,first_filer,2026,$3M,$3M,2026-07-08,Pooled Investment Fund - Other Investment Fund,London,X0,0002143557-26-000001,https://www.sec.gov/Archives/edgar/data/2143557/000214355726000001/0002143557-26-000001-index.htm,https://www.linkedin.com/search/results/people/?keywords=LLC+Eleven+Madison+Capital+Allocations+2026+Master,https://www.linkedin.com/search/results/companies/?keywords=Allocations+2026+Master,https://www.google.com/search?q=%22Allocations+2026+Master%22+venture+capital
2,ambiguous_vc_signal,no explicit VC category or strong pooled-fund VC name signal,"Research operating firm, decision-maker, launch evidence, and public presence before rejecting.",Mountainhead Capital,Mountainhead Capital LP,Jaden Pierce,Executive Officer,Jaden Pierce (Executive Officer),not_checked,Not checked,Emerging Fund,first_filer,2026,$0,"$1,000",2026-07-08,Pooled Investment Fund - Other Investment Fund,BETHESDA,MD,0002144144-26-000001,https://www.sec.gov/Archives/edgar/data/2144144/000214414426000001/0002144144-26-000001-index.htm,https://www.linkedin.com/search/results/people/?keywords=Jaden+Pierce+Mountainhead+Capital,https://www.linkedin.com/search/results/companies/?keywords=Mountainhead+Capital,https://www.google.com/search?q=%22Mountainhead+Capital%22+venture+capital
2,ambiguous_vc_signal,no explicit VC category or strong pooled-fund VC name signal,"Research operating firm, decision-maker, launch evidence, and public presence before rejecting.",ASBW Ventures,"ASBW Ventures, Inc.",Albert Simpson,"Executive Officer, Director","Albert Simpson (Executive Officer, Director); William Wilson (Executive Officer, Director)",not_checked,Not checked,Emerging Fund,first_filer,2025,$0,"$165,000",2026-07-08,Computers - Unknown,SPRING,TX,0002141940-26-000001,https://www.sec.gov/Archives/edgar/data/2141940/000214194026000001/0002141940-26-000001-index.htm,https://www.linkedin.com/search/results/people/?keywords=Albert+Simpson+ASBW+Ventures,https://www.linkedin.com/search/results/companies/?keywords=ASBW+Ventures,https://www.google.com/search?q=%22ASBW+Ventures%22+venture+capital
2,ambiguous_vc_signal,no explicit VC category or strong pooled-fund VC name signal,"Research operating firm, decision-maker, launch evidence, and public presence before rejecting.",Agile Global Ventures,Agile Global Ventures LLC,Aaron Greenblott,Executive Officer,Aaron Greenblott (Executive Officer); Agile Capital Management LLC (Executive Officer),not_checked,Not checked,Emerging Fund,first_filer,2026,$10M,"$352,250",2026-07-09,Other - Unknown,NEW YORK,NY,0002113795-26-000001,https://www.sec.gov/Archives/edgar/data/2113795/000211379526000001/0002113795-26-000001-index.htm,https://www.linkedin.com/search/results/people/?keywords=Aaron+Greenblott+Agile+Global+Ventures,https://www.linkedin.com/search/results/companies/?keywords=Agile+Global+Ventures,https://www.google.com/search?q=%22Agile+Global+Ventures%22+venture+capital
2,ambiguous_vc_signal,no explicit VC category or strong pooled-fund VC name signal,"Research operating firm, decision-maker, launch evidence, and public presence before rejecting.",Distressed Asset Partners,"Distressed Asset Partners, LP",Kenneth McCadden,Executive Officer,Kenneth McCadden (Executive Officer),not_checked,Not checked,Emerging Fund,first_filer,N/A,$0,$0,2026-07-09,Pooled Investment Fund - Other Investment Fund,Waxhaw,NC,0001629930-26-000006,https://www.sec.gov/Archives/edgar/data/1629930/000162993026000006/0001629930-26-000006-index.htm,https://www.linkedin.com/search/results/people/?keywords=Kenneth+McCadden+Distressed+Asset+Partners,https://www.linkedin.com/search/results/companies/?keywords=Distressed+Asset+Partners,https://www.google.com/search?q=%22Distressed+Asset+Partners%22+venture+capital
2,ambiguous_vc_signal,no explicit VC category or strong pooled-fund VC name signal,"Research operating firm, decision-maker, launch evidence, and public presence before rejecting.",OC Fusion Partners 2,"OC Fusion Partners 2, LLC","N/A OC Fusion Partners 2 GP, LLC",Director,"N/A OC Fusion Partners 2 GP, LLC (Director); Chadd Evans (Director); Brett Wayman (Director)",not_checked,Not checked,Emerging Fund,first_filer,2026,$25M,"$896,000",2026-07-09,Other - Unknown,ALPHARETTA,GA,0000914062-26-000046,https://www.sec.gov/Archives/edgar/data/2135170/000091406226000046/0000914062-26-000046-index.htm,https://www.linkedin.com/search/results/people/?keywords=N%2FA+OC+Fusion+Partners+2+GP%2C+LLC+OC+Fusion+Partners+2,https://www.linkedin.com/search/results/companies/?keywords=OC+Fusion+Partners+2,https://www.google.com/search?q=%22OC+Fusion+Partners+2%22+venture+capital
2,ambiguous_vc_signal,no explicit VC category or strong pooled-fund VC name signal,"Research operating firm, decision-maker, launch evidence, and public presence before rejecting.",QUINCY WELLS CAPITAL,"QUINCY WELLS CAPITAL, LLC",Alex Samoylovich,Director,Alex Samoylovich (Director); Brian Duggan (Director),not_checked,Not checked,Emerging Fund,first_filer,2026,$50M,$14M,2026-07-09,Investing - Unknown,CHICAGO,IL,0002055145-26-000012,https://www.sec.gov/Archives/edgar/data/2055145/000205514526000012/0002055145-26-000012-index.htm,https://www.linkedin.com/search/results/people/?keywords=Alex+Samoylovich+QUINCY+WELLS+CAPITAL,https://www.linkedin.com/search/results/companies/?keywords=QUINCY+WELLS+CAPITAL,https://www.google.com/search?q=%22QUINCY+WELLS+CAPITAL%22+venture+capital
2,ambiguous_vc_signal,no explicit VC category or strong pooled-fund VC name signal,"Research operating firm, decision-maker, launch evidence, and public presence before rejecting.",ARC Capital Partners LLC/VA,ARC Capital Partners LLC/VA,Brandon Becsi,Executive Officer,Brandon Becsi (Executive Officer),not_checked,Not checked,Emerging Fund,first_filer,2026,$10M,$0,2026-07-10,REITS and Finance - Unknown,LOUISA,VA,0002144458-26-000001,https://www.sec.gov/Archives/edgar/data/2144458/000214445826000001/0002144458-26-000001-index.htm,https://www.linkedin.com/search/results/people/?keywords=Brandon+Becsi+ARC+Capital+Partners+LLC%2FVA,https://www.linkedin.com/search/results/companies/?keywords=ARC+Capital+Partners+LLC%2FVA,https://www.google.com/search?q=%22ARC+Capital+Partners+LLC%2FVA%22+venture+capital
2,ambiguous_vc_signal,no explicit VC category or strong pooled-fund VC name signal,"Research operating firm, decision-maker, launch evidence, and public presence before rejecting.",Lagniappe Opportunity Fund,"Lagniappe Opportunity Fund, LLC",Trevor Sutterfield,"Executive Officer, Director, Promoter","Trevor Sutterfield (Executive Officer, Director, Promoter); Donald Parker, II (Executive Officer, Director, Promoter)",not_checked,Not checked,Emerging Fund,first_filer,2026,$5M,$5M,2026-07-10,Other Technology - Unknown,JONESBORO,AR,0002142786-26-000002,https://www.sec.gov/Archives/edgar/data/2142786/000214278626000002/0002142786-26-000002-index.htm,https://www.linkedin.com/search/results/people/?keywords=Trevor+Sutterfield+Lagniappe+Opportunity+Fund,https://www.linkedin.com/search/results/companies/?keywords=Lagniappe+Opportunity+Fund,https://www.google.com/search?q=%22Lagniappe+Opportunity+Fund%22+venture+capital
2,ambiguous_vc_signal,no explicit VC category or strong pooled-fund VC name signal,"Research operating firm, decision-maker, launch evidence, and public presence before rejecting.",Argent Vale Capital,Argent Vale Capital Inc.,William Walker,"Executive Officer, Director, Promoter","William Walker (Executive Officer, Director, Promoter)",not_checked,Not checked,Emerging Fund,first_filer,2026,$0,$100M,2026-07-10,Investing - Unknown,NEW YORK,NY,0002141948-26-000001,https://www.sec.gov/Archives/edgar/data/2141948/000214194826000001/0002141948-26-000001-index.htm,https://www.linkedin.com/search/results/people/?keywords=William+Walker+Argent+Vale+Capital,https://www.linkedin.com/search/results/companies/?keywords=Argent+Vale+Capital,https://www.google.com/search?q=%22Argent+Vale+Capital%22+venture+capital
2,ambiguous_vc_signal,no explicit VC category or strong pooled-fund VC name signal,"Research operating firm, decision-maker, launch evidence, and public presence before rejecting.",Helios Ridge,"Helios Ridge Fund 1, LLC",Lucas Nagy,Executive Officer,Lucas Nagy (Executive Officer); Gerardo Herrera (Executive Officer),not_checked,Not checked,Fund I,new_filer,2026,$5M,$2M,2026-07-13,Pooled Investment Fund - Other Investment Fund,DOVER,DE,0002140141-26-000002,https://www.sec.gov/Archives/edgar/data/2140141/000214014126000002/0002140141-26-000002-index.htm,https://www.linkedin.com/search/results/people/?keywords=Lucas+Nagy+Helios+Ridge,https://www.linkedin.com/search/results/companies/?keywords=Helios+Ridge,https://www.google.com/search?q=%22Helios+Ridge%22+venture+capital
2,ambiguous_vc_signal,no explicit VC category or strong pooled-fund VC name signal,"Research operating firm, decision-maker, launch evidence, and public presence before rejecting.",ALM First Capital,"ALM First Capital Fund I, LLC",Travis Goodman,Executive Officer,"Travis Goodman (Executive Officer); . ALM First Fund Manager, LLC (Executive Officer); . ALM First Group, LLC (Executive Officer)",not_checked,Not checked,Fund I,new_filer,2025,$218M,$218M,2026-07-13,Pooled Investment Fund - Other Investment Fund,DALLAS,TX,0002123095-26-000002,https://www.sec.gov/Archives/edgar/data/2123095/000212309526000002/0002123095-26-000002-index.htm,https://www.linkedin.com/search/results/people/?keywords=Travis+Goodman+ALM+First+Capital,https://www.linkedin.com/search/results/companies/?keywords=ALM+First+Capital,https://www.google.com/search?q=%22ALM+First+Capital%22+venture+capital
2,ambiguous_vc_signal,no explicit VC category or strong pooled-fund VC name signal,"Research operating firm, decision-maker, launch evidence, and public presence before rejecting.",Forge Equity Partners,"Forge Equity Partners, LLC",Taylor Davidson,"Executive Officer, Director","Taylor Davidson (Executive Officer, Director); Grant Schafle (Executive Officer, Director)",not_checked,Not checked,Emerging Fund,first_filer,N/A,$5M,$5M,2026-07-13,Investing - Unknown,Brownsburg,IN,0001765874-26-000003,https://www.sec.gov/Archives/edgar/data/1765874/000176587426000003/0001765874-26-000003-index.htm,https://www.linkedin.com/search/results/people/?keywords=Taylor+Davidson+Forge+Equity+Partners,https://www.linkedin.com/search/results/companies/?keywords=Forge+Equity+Partners,https://www.google.com/search?q=%22Forge+Equity+Partners%22+venture+capital
2,ambiguous_vc_signal,no explicit VC category or strong pooled-fund VC name signal,"Research operating firm, decision-maker, launch evidence, and public presence before rejecting.",RYL Growth Partners,RYL Growth Partners LLC,Nicholas Singer,Executive Officer,Nicholas Singer (Executive Officer),not_checked,Not checked,Emerging Fund,first_filer,2025,$0,$20M,2026-07-13,Retailing - Unknown,MIAMI,FL,0002126181-26-000004,https://www.sec.gov/Archives/edgar/data/2126181/000212618126000004/0002126181-26-000004-index.htm,https://www.linkedin.com/search/results/people/?keywords=Nicholas+Singer+RYL+Growth+Partners,https://www.linkedin.com/search/results/companies/?keywords=RYL+Growth+Partners,https://www.google.com/search?q=%22RYL+Growth+Partners%22+venture+capital
2,ambiguous_vc_signal,no explicit VC category or strong pooled-fund VC name signal,"Research operating firm, decision-maker, launch evidence, and public presence before rejecting.",Kolos Partners GPO Fund,"Kolos Partners GPO Fund, LLC",n/a Kolos Partners GPO Fund GP LLC,"Director, Promoter","n/a Kolos Partners GPO Fund GP LLC (Director, Promoter); Ani Sefaj (Executive Officer, Promoter); Arsi Sefaj (Executive Officer, Promoter)",not_checked,Not checked,Emerging Fund,first_filer,2026,$6M,$6M,2026-07-14,Pooled Investment Fund - Other Investment Fund,New York,NY,0001437749-26-023486,https://www.sec.gov/Archives/edgar/data/2142517/000143774926023486/0001437749-26-023486-index.htm,https://www.linkedin.com/search/results/people/?keywords=n%2Fa+Kolos+Partners+GPO+Fund+GP+LLC+Kolos+Partners+GPO+Fund,https://www.linkedin.com/search/results/companies/?keywords=Kolos+Partners+GPO+Fund,https://www.google.com/search?q=%22Kolos+Partners+GPO+Fund%22+venture+capital
2,ambiguous_vc_signal,no explicit VC category or strong pooled-fund VC name signal,"Research operating firm, decision-maker, launch evidence, and public presence before rejecting.",Global Delta Emerging Markets Small Cap Equity Fund,"Global Delta Emerging Markets Small Cap Equity Fund, LP","n/a Global Delta Capital, LLC",Executive Officer,"n/a Global Delta Capital, LLC (Executive Officer); n/a Global Delta GP, LLC (Executive Officer); Asha Mehta (Executive Officer, Promoter)",not_checked,Not checked,Emerging Fund,first_filer,2026,$0,$50M,2026-07-14,Pooled Investment Fund - Other Investment Fund,SOMERVILLE,MA,0002145098-26-000002,https://www.sec.gov/Archives/edgar/data/2145098/000214509826000002/0002145098-26-000002-index.htm,https://www.linkedin.com/search/results/people/?keywords=n%2Fa+Global+Delta+Capital%2C+LLC+Global+Delta+Emerging+Markets+Small+Cap+Equity+Fund,https://www.linkedin.com/search/results/companies/?keywords=Global+Delta+Emerging+Markets+Small+Cap+Equity+Fund,https://www.google.com/search?q=%22Global+Delta+Emerging+Markets+Small+Cap+Equity+Fund%22+venture+capital
2,ambiguous_vc_signal,no explicit VC category or strong pooled-fund VC name signal,"Research operating firm, decision-maker, launch evidence, and public presence before rejecting.",Heritage Venture Holdings,"Heritage Venture Holdings, LLC",Thomas Fanning Jr.,Director,Thomas Fanning Jr. (Director),not_checked,Not checked,Emerging Fund,first_filer,2026,$2M,$2M,2026-07-14,Other - Unknown,WOODBURY,NY,0002145116-26-000001,https://www.sec.gov/Archives/edgar/data/2145116/000214511626000001/0002145116-26-000001-index.htm,https://www.linkedin.com/search/results/people/?keywords=Thomas+Fanning+Jr.+Heritage+Venture+Holdings,https://www.linkedin.com/search/results/companies/?keywords=Heritage+Venture+Holdings,https://www.google.com/search?q=%22Heritage+Venture+Holdings%22+venture+capital
2,ambiguous_vc_signal,no explicit VC category or strong pooled-fund VC name signal,"Research operating firm, decision-maker, launch evidence, and public presence before rejecting.",ARGA Funds Trust,"ARGA Emerging Markets Ex China Fund, a series of ARGA Funds Trust",Avula Krishna,Executive Officer,"Avula Krishna (Executive Officer); N/A ARGA Investment Management, LP (Promoter); N/A ARGA Group Holdings, LLC (Promoter)",not_checked,Not checked,Emerging Fund,first_filer,N/A,$0,$408M,2026-07-14,Pooled Investment Fund - Other Investment Fund,STAMFORD,CT,0001853009-26-000004,https://www.sec.gov/Archives/edgar/data/1853009/000185300926000004/0001853009-26-000004-index.htm,https://www.linkedin.com/search/results/people/?keywords=Avula+Krishna+ARGA+Funds+Trust,https://www.linkedin.com/search/results/companies/?keywords=ARGA+Funds+Trust,https://www.google.com/search?q=%22ARGA+Funds+Trust%22+venture+capital
2,ambiguous_vc_signal,no explicit VC category or strong pooled-fund VC name signal,"Research operating firm, decision-maker, launch evidence, and public presence before rejecting.",ARGA Funds Trust,"ARGA Emerging Markets Equity Fund, a series of ARGA Funds Trust",Avula Krishna,Executive Officer,"Avula Krishna (Executive Officer); N/A ARGA Investment Management, LP (Promoter); Neda ARGA Group Holdings, LLC (Promoter)",not_checked,Not checked,Emerging Fund,first_filer,N/A,$0,$938M,2026-07-14,Pooled Investment Fund - Other Investment Fund,STAMFORD,CT,0001586024-26-000004,https://www.sec.gov/Archives/edgar/data/1586024/000158602426000004/0001586024-26-000004-index.htm,https://www.linkedin.com/search/results/people/?keywords=Avula+Krishna+ARGA+Funds+Trust,https://www.linkedin.com/search/results/companies/?keywords=ARGA+Funds+Trust,https://www.google.com/search?q=%22ARGA+Funds+Trust%22+venture+capital
2,ambiguous_vc_signal,no explicit VC category or strong pooled-fund VC name signal,"Research operating firm, decision-maker, launch evidence, and public presence before rejecting.",Corsa Capital,Corsa Capital LLC,Remon Aziz,Executive Officer,Remon Aziz (Executive Officer); Zachary Christensen (Executive Officer); Guilherme Rossi (Executive Officer),not_checked,Not checked,Emerging Fund,first_filer,2026,$10M,$0,2026-07-14,Business Services - Unknown,CORAL GABLES,FL,0002145454-26-000001,https://www.sec.gov/Archives/edgar/data/2145454/000214545426000001/0002145454-26-000001-index.htm,https://www.linkedin.com/search/results/people/?keywords=Remon+Aziz+Corsa+Capital,https://www.linkedin.com/search/results/companies/?keywords=Corsa+Capital,https://www.google.com/search?q=%22Corsa+Capital%22+venture+capital
2,ambiguous_vc_signal,no explicit VC category or strong pooled-fund VC name signal,"Research operating firm, decision-maker, launch evidence, and public presence before rejecting.",Nilsine Partners NP1X Fund,Nilsine Partners NP1X Fund,Brett Bills,Director,Brett Bills (Director); Bryan Wiggins (Director); Kent Alder (Director); Jason Brown (Executive Officer); Anya Janeway (Executive Officer); Ryan Laughon (Executive Officer); Fredrick Teufel (Executive Officer),not_checked,Not checked,Emerging Fund,first_filer,2025,$0,$3M,2026-07-15,Pooled Investment Fund - Other Investment Fund,INDIANAPOLIS,IN,0000908834-26-000350,https://www.sec.gov/Archives/edgar/data/2103519/000090883426000350/0000908834-26-000350-index.htm,https://www.linkedin.com/search/results/people/?keywords=Brett+Bills+Nilsine+Partners+NP1X+Fund,https://www.linkedin.com/search/results/companies/?keywords=Nilsine+Partners+NP1X+Fund,https://www.google.com/search?q=%22Nilsine+Partners+NP1X+Fund%22+venture+capital
2,ambiguous_vc_signal,no explicit VC category or strong pooled-fund VC name signal,"Research operating firm, decision-maker, launch evidence, and public presence before rejecting.",Radiology Partners Holdings,"Radiology Partners Holdings, LLC",Richard Whitney,"Executive Officer, Director","Richard Whitney (Executive Officer, Director); Jeffrey Immelt (Director); Rodney Owen (Director); Gregory Connor (Director); Kavita Patel (Director); Geoffrey Clark (Director); Mohamad Makhzoumi (Director); David Bassin (Director); Krishna Nallamshetty (Executive Officer); Andrew Litt (Director); Jamie Larsen (Executive Officer); John Pantazis (Executive Officer); John Chiminski (Director); Lawrence, Jr. Hogan (Director)",not_checked,Not checked,Emerging Fund,first_filer,N/A,$0,$0,2026-07-15,Other Health Care - Unknown,Nashville,TN,0000905148-26-003269,https://www.sec.gov/Archives/edgar/data/1608716/000090514826003269/0000905148-26-003269-index.htm,https://www.linkedin.com/search/results/people/?keywords=Richard+Whitney+Radiology+Partners+Holdings,https://www.linkedin.com/search/results/companies/?keywords=Radiology+Partners+Holdings,https://www.google.com/search?q=%22Radiology+Partners+Holdings%22+venture+capital
2,ambiguous_vc_signal,no explicit VC category or strong pooled-fund VC name signal,"Research operating firm, decision-maker, launch evidence, and public presence before rejecting.",OPTIMA HEALTH PARTNERS,"OPTIMA HEALTH PARTNERS, LLC",EILEEN HIGHAM,Executive Officer,EILEEN HIGHAM (Executive Officer),not_checked,Not checked,Emerging Fund,first_filer,2025,"$85,000","$85,000",2026-07-15,Hospitals and Physicians - Unknown,THOUSAND OAKS,CA,0002143539-26-000001,https://www.sec.gov/Archives/edgar/data/2143539/000214353926000001/0002143539-26-000001-index.htm,https://www.linkedin.com/search/results/people/?keywords=EILEEN+HIGHAM+OPTIMA+HEALTH+PARTNERS,https://www.linkedin.com/search/results/companies/?keywords=OPTIMA+HEALTH+PARTNERS,https://www.google.com/search?q=%22OPTIMA+HEALTH+PARTNERS%22+venture+capital
2,ambiguous_vc_signal,no explicit VC category or strong pooled-fund VC name signal,"Research operating firm, decision-maker, launch evidence, and public presence before rejecting.",Mainsheet Capital Partners,"Mainsheet Capital Partners, LLC",William Prioleau,"Executive Officer, Director","William Prioleau (Executive Officer, Director)",not_checked,Not checked,Emerging Fund,first_filer,2026,"$650,000","$650,000",2026-07-15,Other - Unknown,NEWPORT BEACH,CA,0002141840-26-000001,https://www.sec.gov/Archives/edgar/data/2141840/000214184026000001/0002141840-26-000001-index.htm,https://www.linkedin.com/search/results/people/?keywords=William+Prioleau+Mainsheet+Capital+Partners,https://www.linkedin.com/search/results/companies/?keywords=Mainsheet+Capital+Partners,https://www.google.com/search?q=%22Mainsheet+Capital+Partners%22+venture+capital
2,ambiguous_vc_signal,no explicit VC category or strong pooled-fund VC name signal,"Research operating firm, decision-maker, launch evidence, and public presence before rejecting.",KALEIDOSCOPE VENTURES,"KALEIDOSCOPE VENTURES, INC.",WILLIAM BRADY,"Executive Officer, Director","WILLIAM BRADY (Executive Officer, Director); NOEL RIHM (Executive Officer, Director)",not_checked,Not checked,Emerging Fund,first_filer,2025,$4M,"$367,000",2026-07-16,Other - Unknown,LONGBOAT KEY,FL,0002138436-26-000001,https://www.sec.gov/Archives/edgar/data/2138436/000213843626000001/0002138436-26-000001-index.htm,https://www.linkedin.com/search/results/people/?keywords=WILLIAM+BRADY+KALEIDOSCOPE+VENTURES,https://www.linkedin.com/search/results/companies/?keywords=KALEIDOSCOPE+VENTURES,https://www.google.com/search?q=%22KALEIDOSCOPE+VENTURES%22+venture+capital
2,ambiguous_vc_signal,no explicit VC category or strong pooled-fund VC name signal,"Research operating firm, decision-maker, launch evidence, and public presence before rejecting.",Goldmount Capital Partners,Goldmount III a series of Goldmount Capital Partners LLC,LLC Sharding Labs,Director,"LLC Sharding Labs (Director); LLC Allocations Fund Administration, (Executive Officer); Richard Thoms (Executive Officer)",not_checked,Not checked,Emerging Fund,first_filer,2026,"$600,100","$600,100",2026-07-16,Pooled Investment Fund - Other Investment Fund,DOVER,DE,0002145347-26-000001,https://www.sec.gov/Archives/edgar/data/2145347/000214534726000001/0002145347-26-000001-index.htm,https://www.linkedin.com/search/results/people/?keywords=LLC+Sharding+Labs+Goldmount+Capital+Partners,https://www.linkedin.com/search/results/companies/?keywords=Goldmount+Capital+Partners,https://www.google.com/search?q=%22Goldmount+Capital+Partners%22+venture+capital
2,ambiguous_vc_signal,no explicit VC category or strong pooled-fund VC name signal,"Research operating firm, decision-maker, launch evidence, and public presence before rejecting.",West Street Capital Partners IX (Europe) Employee Offshore Fund,West Street Capital Partners IX (Europe) Employee Offshore Fund LP,Michael Brandmeyer,Executive Officer,Michael Brandmeyer (Executive Officer); Harold Hope (Executive Officer),not_checked,Not checked,Emerging Fund,first_filer,2026,$0,$0,2026-07-16,Pooled Investment Fund - Other Investment Fund,NEW YORK,NY,0002142873-26-000001,https://www.sec.gov/Archives/edgar/data/2142873/000214287326000001/0002142873-26-000001-index.htm,https://www.linkedin.com/search/results/people/?keywords=Michael+Brandmeyer+West+Street+Capital+Partners+IX+%28Europe%29+Employee+Offshore+Fund,https://www.linkedin.com/search/results/companies/?keywords=West+Street+Capital+Partners+IX+%28Europe%29+Employee+Offshore+Fund,https://www.google.com/search?q=%22West+Street+Capital+Partners+IX+%28Europe%29+Employee+Offshore+Fund%22+venture+capital
2,ambiguous_vc_signal,no explicit VC category or strong pooled-fund VC name signal,"Research operating firm, decision-maker, launch evidence, and public presence before rejecting.",West Street Capital Partners IX (Europe) Employee Fund,West Street Capital Partners IX (Europe) Employee Fund LP,Michael Brandmeyer,Executive Officer,Michael Brandmeyer (Executive Officer); Harold Hope (Executive Officer),not_checked,Not checked,Emerging Fund,first_filer,2026,$0,$0,2026-07-16,Pooled Investment Fund - Other Investment Fund,NEW YORK,NY,0002142853-26-000001,https://www.sec.gov/Archives/edgar/data/2142853/000214285326000001/0002142853-26-000001-index.htm,https://www.linkedin.com/search/results/people/?keywords=Michael+Brandmeyer+West+Street+Capital+Partners+IX+%28Europe%29+Employee+Fund,https://www.linkedin.com/search/results/companies/?keywords=West+Street+Capital+Partners+IX+%28Europe%29+Employee+Fund,https://www.google.com/search?q=%22West+Street+Capital+Partners+IX+%28Europe%29+Employee+Fund%22+venture+capital
2,ambiguous_vc_signal,no explicit VC category or strong pooled-fund VC name signal,"Research operating firm, decision-maker, launch evidence, and public presence before rejecting.",GAVEKAL DISTRESSED CHINA OPPORTUNITY FUND,GAVEKAL DISTRESSED CHINA OPPORTUNITY FUND,N/A GAVEKAL CAPITAL LIMITED,"Executive Officer, Promoter","N/A GAVEKAL CAPITAL LIMITED (Executive Officer, Promoter)",not_checked,Not checked,Emerging Fund,first_filer,2025,$0,$3M,2026-07-16,Pooled Investment Fund - Other Investment Fund,CAMANA BAY,E9,0001405086-26-000520,https://www.sec.gov/Archives/edgar/data/2146034/000140508626000520/0001405086-26-000520-index.htm,https://www.linkedin.com/search/results/people/?keywords=N%2FA+GAVEKAL+CAPITAL+LIMITED+GAVEKAL+DISTRESSED+CHINA+OPPORTUNITY+FUND,https://www.linkedin.com/search/results/companies/?keywords=GAVEKAL+DISTRESSED+CHINA+OPPORTUNITY+FUND,https://www.google.com/search?q=%22GAVEKAL+DISTRESSED+CHINA+OPPORTUNITY+FUND%22+venture+capital
2,ambiguous_vc_signal,no explicit VC category or strong pooled-fund VC name signal,"Research operating firm, decision-maker, launch evidence, and public presence before rejecting.",Prairie Stone Capital,Prairie Stone Capital LLC,John Payne,Executive Officer,John Payne (Executive Officer); Ben Hamparian (Executive Officer),not_checked,Not checked,Emerging Fund,first_filer,2026,$5M,$0,2026-07-16,Other - Unknown,CHICAGO,IL,0002146029-26-000001,https://www.sec.gov/Archives/edgar/data/2146029/000214602926000001/0002146029-26-000001-index.htm,https://www.linkedin.com/search/results/people/?keywords=John+Payne+Prairie+Stone+Capital,https://www.linkedin.com/search/results/companies/?keywords=Prairie+Stone+Capital,https://www.google.com/search?q=%22Prairie+Stone+Capital%22+venture+capital
2,ambiguous_vc_signal,no explicit VC category or strong pooled-fund VC name signal,"Research operating firm, decision-maker, launch evidence, and public presence before rejecting.",LF Capital Fund GP,"LF Capital Fund GP, L.P.",Keith Brenan,Executive Officer,Keith Brenan (Executive Officer); Luca Franco (Executive Officer),not_checked,Not checked,Emerging Fund,first_filer,2026,$50M,$2M,2026-07-17,Pooled Investment Fund - Other Investment Fund,CHICAGO,IL,0002145784-26-000001,https://www.sec.gov/Archives/edgar/data/2145784/000214578426000001/0002145784-26-000001-index.htm,https://www.linkedin.com/search/results/people/?keywords=Keith+Brenan+LF+Capital+Fund+GP,https://www.linkedin.com/search/results/companies/?keywords=LF+Capital+Fund+GP,https://www.google.com/search?q=%22LF+Capital+Fund+GP%22+venture+capital
2,ambiguous_vc_signal,no explicit VC category or strong pooled-fund VC name signal,"Research operating firm, decision-maker, launch evidence, and public presence before rejecting.",Pan-Am Investment Partners,Pan-Am Investment Partners LLC,Geoffrey Faux,Director,Geoffrey Faux (Director); John Maggard (Director),not_checked,Not checked,Emerging Fund,first_filer,N/A,"$914,043","$914,043",2026-07-20,Pooled Investment Fund - Other Investment Fund,ATLANTA,GA,0001799046-26-000001,https://www.sec.gov/Archives/edgar/data/1799046/000179904626000001/0001799046-26-000001-index.htm,https://www.linkedin.com/search/results/people/?keywords=Geoffrey+Faux+Pan-Am+Investment+Partners,https://www.linkedin.com/search/results/companies/?keywords=Pan-Am+Investment+Partners,https://www.google.com/search?q=%22Pan-Am+Investment+Partners%22+venture+capital
2,ambiguous_vc_signal,no explicit VC category or strong pooled-fund VC name signal,"Research operating firm, decision-maker, launch evidence, and public presence before rejecting.",Aptura Capital Fund,Aptura Capital Fund LLC,"Aptura Capital Fund Manager, LLC","Executive Officer, Director","Aptura Capital Fund Manager, LLC (Executive Officer, Director); Jeffrey Warwick (Executive Officer, Director); Mark Moore (Executive Officer, Director); Phillip Galbreath (Executive Officer, Director)",not_checked,Not checked,Emerging Fund,first_filer,2025,$25M,$0,2026-07-21,Pooled Investment Fund - Other Investment Fund,SUWANEE,GA,0002145705-26-000001,https://www.sec.gov/Archives/edgar/data/2145705/000214570526000001/0002145705-26-000001-index.htm,https://www.linkedin.com/search/results/people/?keywords=Aptura+Capital+Fund+Manager%2C+LLC+Aptura+Capital+Fund,https://www.linkedin.com/search/results/companies/?keywords=Aptura+Capital+Fund,https://www.google.com/search?q=%22Aptura+Capital+Fund%22+venture+capital
2,ambiguous_vc_signal,no explicit VC category or strong pooled-fund VC name signal,"Research operating firm, decision-maker, launch evidence, and public presence before rejecting.",GCM Grosvenor Credit Secondaries,"GCM Grosvenor Credit Secondaries Fund I, L.P.","N/A GCM Investments GP, LLC",Promoter,"N/A GCM Investments GP, LLC (Promoter); N/A GCM Grosvenor L.P. (&quot;Grosvenor&quot;) (Promoter); N/A GCM, L.L.C. (&quot;GCM&quot;) (Promoter); N/A Grosvenor Capital Management Holdings, LLLP (Promoter); Michael Sacks (Executive Officer); Paul Meister (Executive Officer); Jonathan Levin (Executive Officer); Pamela Bentley (Executive Officer); Cara Fixler (Executive Officer); Eric Levin (Executive Officer); Burke Montgomery (Executive Officer); Frederick Pollock (Executive Officer); Stacie Selinger (Executive Officer)",not_checked,Not checked,Fund I,new_filer,2024,$886M,$886M,2026-07-21,Pooled Investment Fund - Other Investment Fund,Chicago,IL,0000929638-26-002648,https://www.sec.gov/Archives/edgar/data/2028092/000092963826002648/0000929638-26-002648-index.htm,https://www.linkedin.com/search/results/people/?keywords=N%2FA+GCM+Investments+GP%2C+LLC+GCM+Grosvenor+Credit+Secondaries,https://www.linkedin.com/search/results/companies/?keywords=GCM+Grosvenor+Credit+Secondaries,https://www.google.com/search?q=%22GCM+Grosvenor+Credit+Secondaries%22+venture+capital
2,ambiguous_vc_signal,no explicit VC category or strong pooled-fund VC name signal,"Research operating firm, decision-maker, launch evidence, and public presence before rejecting.",MegaSurge Capital,MegaSurge Capital Inc,MIGUEL ANGEL MAS MARCOS,Director,MIGUEL ANGEL MAS MARCOS (Director),not_checked,Not checked,Emerging Fund,first_filer,N/A,$100M,$0,2026-07-21,Investing - Unknown,DENVER,CO,0002146409-26-000001,https://www.sec.gov/Archives/edgar/data/2146409/000214640926000001/0002146409-26-000001-index.htm,https://www.linkedin.com/search/results/people/?keywords=MIGUEL+ANGEL+MAS+MARCOS+MegaSurge+Capital,https://www.linkedin.com/search/results/companies/?keywords=MegaSurge+Capital,https://www.google.com/search?q=%22MegaSurge+Capital%22+venture+capital
2,ambiguous_vc_signal,no explicit VC category or strong pooled-fund VC name signal,"Research operating firm, decision-maker, launch evidence, and public presence before rejecting.",BMC Multifamily Value-Add,"BMC Multifamily Value-Add Fund I, LP","n/a BMC Multifamily Value-Add Fund I GP, LLC",Executive Officer,"n/a BMC Multifamily Value-Add Fund I GP, LLC (Executive Officer); Matt Joblon (Executive Officer); Jarrett Posner (Executive Officer)",not_checked,Not checked,Fund I,new_filer,2023,$0,$150M,2026-07-22,Pooled Investment Fund - Other Investment Fund,DENVER,CO,0001999179-26-000003,https://www.sec.gov/Archives/edgar/data/1999179/000199917926000003/0001999179-26-000003-index.htm,https://www.linkedin.com/search/results/people/?keywords=n%2Fa+BMC+Multifamily+Value-Add+Fund+I+GP%2C+LLC+BMC+Multifamily+Value-Add,https://www.linkedin.com/search/results/companies/?keywords=BMC+Multifamily+Value-Add,https://www.google.com/search?q=%22BMC+Multifamily+Value-Add%22+venture+capital
2,ambiguous_vc_signal,no explicit VC category or strong pooled-fund VC name signal,"Research operating firm, decision-maker, launch evidence, and public presence before rejecting.",Lakeland Capital I,Lakeland Capital I LLC,Caleb Gaw,Director,Caleb Gaw (Director),not_checked,Not checked,Emerging Fund,first_filer,2026,$5M,$0,2026-07-22,Pooled Investment Fund - Other Investment Fund,NASHVILLE,TN,0002147068-26-000001,https://www.sec.gov/Archives/edgar/data/2147068/000214706826000001/0002147068-26-000001-index.htm,https://www.linkedin.com/search/results/people/?keywords=Caleb+Gaw+Lakeland+Capital+I,https://www.linkedin.com/search/results/companies/?keywords=Lakeland+Capital+I,https://www.google.com/search?q=%22Lakeland+Capital+I%22+venture+capital
2,ambiguous_vc_signal,no explicit VC category or strong pooled-fund VC name signal,"Research operating firm, decision-maker, launch evidence, and public presence before rejecting.",D. Boral Capital Holdings,"D. Boral Capital Holdings, LLC",David Boral,Executive Officer,David Boral (Executive Officer),not_checked,Not checked,Emerging Fund,first_filer,2026,$15M,"$850,000",2026-07-22,Pooled Investment Fund - Other Investment Fund,NEW YORK,NY,0002146472-26-000001,https://www.sec.gov/Archives/edgar/data/2146472/000214647226000001/0002146472-26-000001-index.htm,https://www.linkedin.com/search/results/people/?keywords=David+Boral+D.+Boral+Capital+Holdings,https://www.linkedin.com/search/results/companies/?keywords=D.+Boral+Capital+Holdings,https://www.google.com/search?q=%22D.+Boral+Capital+Holdings%22+venture+capital
2,ambiguous_vc_signal,no explicit VC category or strong pooled-fund VC name signal,"Research operating firm, decision-maker, launch evidence, and public presence before rejecting.",Driven Ventures,"Driven Ventures, Inc.",Marie Logsden,"Executive Officer, Director","Marie Logsden (Executive Officer, Director); Mark McCollough (Executive Officer, Director); Marc Nager (Director)",not_checked,Not checked,Emerging Fund,first_filer,2025,$6M,$3M,2026-07-22,Other Technology - Unknown,PUEBLO,CO,0002146799-26-000001,https://www.sec.gov/Archives/edgar/data/2146799/000214679926000001/0002146799-26-000001-index.htm,https://www.linkedin.com/search/results/people/?keywords=Marie+Logsden+Driven+Ventures,https://www.linkedin.com/search/results/companies/?keywords=Driven+Ventures,https://www.google.com/search?q=%22Driven+Ventures%22+venture+capital
2,ambiguous_vc_signal,no explicit VC category or strong pooled-fund VC name signal,"Research operating firm, decision-maker, launch evidence, and public presence before rejecting.",UAS Capital,"UAS Capital, LLC",". Pacer Partners Manager - UAS, LLC",Director,". Pacer Partners Manager - UAS, LLC (Director)",not_checked,Not checked,Emerging Fund,first_filer,N/A,$15M,$2M,2026-07-23,Pooled Investment Fund - Other Investment Fund,COHASSET,MA,0001680026-26-000003,https://www.sec.gov/Archives/edgar/data/1680026/000168002626000003/0001680026-26-000003-index.htm,https://www.linkedin.com/search/results/people/?keywords=.+Pacer+Partners+Manager+-+UAS%2C+LLC+UAS+Capital,https://www.linkedin.com/search/results/companies/?keywords=UAS+Capital,https://www.google.com/search?q=%22UAS+Capital%22+venture+capital
2,ambiguous_vc_signal,no explicit VC category or strong pooled-fund VC name signal,"Research operating firm, decision-maker, launch evidence, and public presence before rejecting.",Fusen Stord Capital 2026,Fusen Stord Capital 2026 LLC,"Fusen World, LLC",Promoter,"Fusen World, LLC (Promoter)",not_checked,Not checked,Emerging Fund,first_filer,2026,$1M,$1M,2026-07-23,Pooled Investment Fund - Other Investment Fund,Atlanta,GA,0002146689-26-000001,https://www.sec.gov/Archives/edgar/data/2146689/000214668926000001/0002146689-26-000001-index.htm,https://www.linkedin.com/search/results/people/?keywords=Fusen+World%2C+LLC+Fusen+Stord+Capital+2026,https://www.linkedin.com/search/results/companies/?keywords=Fusen+Stord+Capital+2026,https://www.google.com/search?q=%22Fusen+Stord+Capital+2026%22+venture+capital
2,ambiguous_vc_signal,no explicit VC category or strong pooled-fund VC name signal,"Research operating firm, decision-maker, launch evidence, and public presence before rejecting.",Capital Pulse,"Capital Pulse, Inc.",Alexandria Sakrejda,"Executive Officer, Director","Alexandria Sakrejda (Executive Officer, Director); Josh Holden (Executive Officer, Director); Marc Bajer (Director); Eric Hagan (Director); Susan Estes (Director)",not_checked,Not checked,Emerging Fund,first_filer,2021,$2M,"$125,000",2026-07-23,Other - Unknown,SANTA MONICA,CA,0002044750-26-000003,https://www.sec.gov/Archives/edgar/data/2044750/000204475026000003/0002044750-26-000003-index.htm,https://www.linkedin.com/search/results/people/?keywords=Alexandria+Sakrejda+Capital+Pulse,https://www.linkedin.com/search/results/companies/?keywords=Capital+Pulse,https://www.google.com/search?q=%22Capital+Pulse%22+venture+capital
2,ambiguous_vc_signal,no explicit VC category or strong pooled-fund VC name signal,"Research operating firm, decision-maker, launch evidence, and public presence before rejecting.",Society Hill,"Society Hill Fund I, LP.",LLC Society Hill Capital Fund I GP,Executive Officer,LLC Society Hill Capital Fund I GP (Executive Officer),not_checked,Not checked,Fund I,new_filer,2025,$25M,$8M,2026-07-24,Pooled Investment Fund - Other Investment Fund,TAMPA,FL,0002091705-26-000003,https://www.sec.gov/Archives/edgar/data/2091705/000209170526000003/0002091705-26-000003-index.htm,https://www.linkedin.com/search/results/people/?keywords=LLC+Society+Hill+Capital+Fund+I+GP+Society+Hill,https://www.linkedin.com/search/results/companies/?keywords=Society+Hill,https://www.google.com/search?q=%22Society+Hill%22+venture+capital
2,ambiguous_vc_signal,no explicit VC category or strong pooled-fund VC name signal,"Research operating firm, decision-maker, launch evidence, and public presence before rejecting.",NuProtein Capital,"NuProtein Capital, LLC",Ted Meyers,"Executive Officer, Director","Ted Meyers (Executive Officer, Director)",not_checked,Not checked,Emerging Fund,first_filer,2026,$12M,$12M,2026-07-24,Pooled Investment Fund - Other Investment Fund,ST. CHARLES,IL,0002146401-26-000001,https://www.sec.gov/Archives/edgar/data/2146401/000214640126000001/0002146401-26-000001-index.htm,https://www.linkedin.com/search/results/people/?keywords=Ted+Meyers+NuProtein+Capital,https://www.linkedin.com/search/results/companies/?keywords=NuProtein+Capital,https://www.google.com/search?q=%22NuProtein+Capital%22+venture+capital
2,ambiguous_vc_signal,no explicit VC category or strong pooled-fund VC name signal,"Research operating firm, decision-maker, launch evidence, and public presence before rejecting.",BPTN Capital-A,"BPTN Capital-A, L.P.",Michael Ascione,Executive Officer,Michael Ascione (Executive Officer); Christopher Hadley (Executive Officer); Ross Jones (Executive Officer); Andrew Walker (Executive Officer); John Kelly (Executive Officer),not_checked,Not checked,Emerging Fund,first_filer,2026,$0,$0,2026-07-24,Pooled Investment Fund - Other Investment Fund,BOSTON,MA,0002141405-26-000002,https://www.sec.gov/Archives/edgar/data/2141405/000214140526000002/0002141405-26-000002-index.htm,https://www.linkedin.com/search/results/people/?keywords=Michael+Ascione+BPTN+Capital-A,https://www.linkedin.com/search/results/companies/?keywords=BPTN+Capital-A,https://www.google.com/search?q=%22BPTN+Capital-A%22+venture+capital
2,ambiguous_vc_signal,no explicit VC category or strong pooled-fund VC name signal,"Research operating firm, decision-maker, launch evidence, and public presence before rejecting.",D1 Capital Access Offshore Ltd,D1 Capital Access Offshore Ltd,Richard Ruffer,Director,Richard Ruffer (Director); Jody Flaws (Director); Scott Huff (Director),not_checked,Not checked,Emerging Fund,first_filer,2026,$0,$41M,2026-07-24,Pooled Investment Fund - Other Investment Fund,NEW YORK,NY,0002124397-26-000001,https://www.sec.gov/Archives/edgar/data/2124397/000212439726000001/0002124397-26-000001-index.htm,https://www.linkedin.com/search/results/people/?keywords=Richard+Ruffer+D1+Capital+Access+Offshore+Ltd,https://www.linkedin.com/search/results/companies/?keywords=D1+Capital+Access+Offshore+Ltd,https://www.google.com/search?q=%22D1+Capital+Access+Offshore+Ltd%22+venture+capital
2,ambiguous_vc_signal,no explicit VC category or strong pooled-fund VC name signal,"Research operating firm, decision-maker, launch evidence, and public presence before rejecting.",BPTN Capital,"BPTN Capital, L.P.",Michael Ascione,Executive Officer,Michael Ascione (Executive Officer); Christopher Hadley (Executive Officer); Ross Jones (Executive Officer); Andrew Walker (Executive Officer); John Kelly (Executive Officer),not_checked,Not checked,Emerging Fund,first_filer,2026,$0,$0,2026-07-24,Pooled Investment Fund - Other Investment Fund,BOSTON,MA,0002113806-26-000001,https://www.sec.gov/Archives/edgar/data/2113806/000211380626000001/0002113806-26-000001-index.htm,https://www.linkedin.com/search/results/people/?keywords=Michael+Ascione+BPTN+Capital,https://www.linkedin.com/search/results/companies/?keywords=BPTN+Capital,https://www.google.com/search?q=%22BPTN+Capital%22+venture+capital
2,ambiguous_vc_signal,no explicit VC category or strong pooled-fund VC name signal,"Research operating firm, decision-maker, launch evidence, and public presence before rejecting.",Polk Street Bakeshop Partners,Polk Street Bakeshop Partners LLC,MELISSA PERELLLO,Executive Officer,MELISSA PERELLLO (Executive Officer); MELISSA LOAR (Executive Officer),not_checked,Not checked,Emerging Fund,first_filer,2024,$1M,$1M,2026-07-24,Other - Unknown,FAIRFAX,CA,0002145845-26-000001,https://www.sec.gov/Archives/edgar/data/2145845/000214584526000001/0002145845-26-000001-index.htm,https://www.linkedin.com/search/results/people/?keywords=MELISSA+PERELLLO+Polk+Street+Bakeshop+Partners,https://www.linkedin.com/search/results/companies/?keywords=Polk+Street+Bakeshop+Partners,https://www.google.com/search?q=%22Polk+Street+Bakeshop+Partners%22+venture+capital
2,ambiguous_vc_signal,no explicit VC category or strong pooled-fund VC name signal,"Research operating firm, decision-maker, launch evidence, and public presence before rejecting.",Trilogy Search Partners SP1,"Trilogy Search Partners SP1, L.P.","[NONE] TSP SP1 GP, LLC","Executive Officer, Director","[NONE] TSP SP1 GP, LLC (Executive Officer, Director); Scott Alderman (Director); Aaron Perrine (Director); Mitchell Cohen (Director); Dylan Rebois (Director)",not_checked,Not checked,Emerging Fund,first_filer,2026,$35M,$26M,2026-07-27,Pooled Investment Fund - Other Investment Fund,MERCER ISLAND,WA,0002147182-26-000001,https://www.sec.gov/Archives/edgar/data/2147182/000214718226000001/0002147182-26-000001-index.htm,https://www.linkedin.com/search/results/people/?keywords=%5BNONE%5D+TSP+SP1+GP%2C+LLC+Trilogy+Search+Partners+SP1,https://www.linkedin.com/search/results/companies/?keywords=Trilogy+Search+Partners+SP1,https://www.google.com/search?q=%22Trilogy+Search+Partners+SP1%22+venture+capital
2,ambiguous_vc_signal,no explicit VC category or strong pooled-fund VC name signal,"Research operating firm, decision-maker, launch evidence, and public presence before rejecting.",Hosking Partners Equity Fund,Hosking Partners Equity Fund LLC,N/A Hosking Partners LLP,Promoter,N/A Hosking Partners LLP (Promoter); Clive Harris (Director); Jason Sherwill (Director),not_checked,Not checked,Emerging Fund,first_filer,N/A,$0,$344M,2026-07-27,Pooled Investment Fund - Other Investment Fund,LONDON,X0,0001712539-26-000002,https://www.sec.gov/Archives/edgar/data/1712539/000171253926000002/0001712539-26-000002-index.htm,https://www.linkedin.com/search/results/people/?keywords=N%2FA+Hosking+Partners+LLP+Hosking+Partners+Equity+Fund,https://www.linkedin.com/search/results/companies/?keywords=Hosking+Partners+Equity+Fund,https://www.google.com/search?q=%22Hosking+Partners+Equity+Fund%22+venture+capital
2,ambiguous_vc_signal,no explicit VC category or strong pooled-fund VC name signal,"Research operating firm, decision-maker, launch evidence, and public presence before rejecting.",Point Reyes Partners,"Point Reyes Partners, LLC",Cristian Cornejoi,"Executive Officer, Director, Promoter","Cristian Cornejoi (Executive Officer, Director, Promoter)",not_checked,Not checked,Emerging Fund,first_filer,2025,"$150,000",$0,2026-07-27,Business Services - Unknown,SHERIDAN,WY,0002078914-26-000001,https://www.sec.gov/Archives/edgar/data/2078914/000207891426000001/0002078914-26-000001-index.htm,https://www.linkedin.com/search/results/people/?keywords=Cristian+Cornejoi+Point+Reyes+Partners,https://www.linkedin.com/search/results/companies/?keywords=Point+Reyes+Partners,https://www.google.com/search?q=%22Point+Reyes+Partners%22+venture+capital
2,ambiguous_vc_signal,no explicit VC category or strong pooled-fund VC name signal,"Research operating firm, decision-maker, launch evidence, and public presence before rejecting.",WASHINGTON CAPITAL MANAGEMENT,"WASHINGTON CAPITAL MANAGEMENT, INC",Cory Carlson,"Director, Executive Officer","Cory Carlson (Director, Executive Officer); Robert Kovecs (Executive Officer, Director); Paul Ravetta (Director, Executive Officer); Michael Cheung (Director); Tracey Voll (Director, Executive Officer); Jenny Gage (Director); Melvin Morgan (Director, Executive Officer); Peter Bury (Director); Robin Dean (Director); Matthew DeBellis (Director); Richard Leeret (Director)",not_checked,Not checked,Emerging Fund,first_filer,N/A,"$326,455","$326,455",2026-07-27,Investing - Unknown,Seattle,WA,0000912282-26-001013,https://www.sec.gov/Archives/edgar/data/928566/000091228226001013/0000912282-26-001013-index.htm,https://www.linkedin.com/search/results/people/?keywords=Cory+Carlson+WASHINGTON+CAPITAL+MANAGEMENT,https://www.linkedin.com/search/results/companies/?keywords=WASHINGTON+CAPITAL+MANAGEMENT,https://www.google.com/search?q=%22WASHINGTON+CAPITAL+MANAGEMENT%22+venture+capital
2,ambiguous_vc_signal,no explicit VC category or strong pooled-fund VC name signal,"Research operating firm, decision-maker, launch evidence, and public presence before rejecting.",ReLiftMD Ventures,"ReLiftMD Ventures, LLC",Adam Summers,Executive Officer,Adam Summers (Executive Officer),needs_review,Needs review,Emerging Fund,first_filer,2024,$0,$0,2026-07-28,Other - Unknown,MILLERSVILLE,MD,0002147773-26-000001,https://www.sec.gov/Archives/edgar/data/2147773/000214777326000001/0002147773-26-000001-index.htm,https://www.linkedin.com/search/results/people/?keywords=Adam+Summers+ReLiftMD+Ventures,https://www.linkedin.com/search/results/companies/?keywords=ReLiftMD+Ventures,https://www.google.com/search?q=%22ReLiftMD+Ventures%22+venture+capital
2,ambiguous_vc_signal,no explicit VC category or strong pooled-fund VC name signal,"Research operating firm, decision-maker, launch evidence, and public presence before rejecting.",Goldmount Capital Partners,Goldmount VI a series of Goldmount Capital Partners LLC,LLC Sharding Labs,Director,"LLC Sharding Labs (Director); LLC Allocations Fund Administration, (Executive Officer); Richard Thoms (Executive Officer)",not_checked,Not checked,Emerging Fund,first_filer,2026,$1M,$1M,2026-07-28,Pooled Investment Fund - Other Investment Fund,DOVER,DE,0002147561-26-000001,https://www.sec.gov/Archives/edgar/data/2147561/000214756126000001/0002147561-26-000001-index.htm,https://www.linkedin.com/search/results/people/?keywords=LLC+Sharding+Labs+Goldmount+Capital+Partners,https://www.linkedin.com/search/results/companies/?keywords=Goldmount+Capital+Partners,https://www.google.com/search?q=%22Goldmount+Capital+Partners%22+venture+capital
2,ambiguous_vc_signal,no explicit VC category or strong pooled-fund VC name signal,"Research operating firm, decision-maker, launch evidence, and public presence before rejecting.",ALLOYED STRATEGIES MASTER FUND 1,ALLOYED INCOME FUND 1 A SERIES OF ALLOYED STRATEGIES MASTER FUND 1,Finally Fund Admin LLC,Director,Finally Fund Admin LLC (Director); Melissa Garlough (Executive Officer); Manan Kathuria (Executive Officer); Marshall Long (Executive Officer),not_checked,Not checked,Fund I,new_filer,2025,$0,$2M,2026-07-28,Pooled Investment Fund - Other Investment Fund,AUSTIN,TX,0002100845-26-000006,https://www.sec.gov/Archives/edgar/data/2100845/000210084526000006/0002100845-26-000006-index.htm,https://www.linkedin.com/search/results/people/?keywords=Finally+Fund+Admin+LLC+ALLOYED+STRATEGIES+MASTER+FUND+1,https://www.linkedin.com/search/results/companies/?keywords=ALLOYED+STRATEGIES+MASTER+FUND+1,https://www.google.com/search?q=%22ALLOYED+STRATEGIES+MASTER+FUND+1%22+venture+capital
2,ambiguous_vc_signal,no explicit VC category or strong pooled-fund VC name signal,"Research operating firm, decision-maker, launch evidence, and public presence before rejecting.",Epping Forest Opportunity,"Epping Forest Opportunity Fund I, LLC","N/A Epping Forest Capital GP, LLC",Promoter,"N/A Epping Forest Capital GP, LLC (Promoter); Richard Miller, III (Executive Officer, Director)",not_checked,Not checked,Fund I,new_filer,2026,$76M,$76M,2026-07-28,Investing - Unknown,JACKSONVILLE,FL,0002136922-26-000003,https://www.sec.gov/Archives/edgar/data/2136922/000213692226000003/0002136922-26-000003-index.htm,https://www.linkedin.com/search/results/people/?keywords=N%2FA+Epping+Forest+Capital+GP%2C+LLC+Epping+Forest+Opportunity,https://www.linkedin.com/search/results/companies/?keywords=Epping+Forest+Opportunity,https://www.google.com/search?q=%22Epping+Forest+Opportunity%22+venture+capital
2,ambiguous_vc_signal,no explicit VC category or strong pooled-fund VC name signal,"Research operating firm, decision-maker, launch evidence, and public presence before rejecting.",AACUC CDA,"AACUC CDA Fund I, LLC",Jason Haley,Executive Officer,Jason Haley (Executive Officer); . ALM First Financial Advisors LLC (Executive Officer),not_checked,Not checked,Fund I,new_filer,2024,$0,$38M,2026-07-28,Pooled Investment Fund - Other Investment Fund,DALLAS,TX,0002031789-26-000003,https://www.sec.gov/Archives/edgar/data/2031789/000203178926000003/0002031789-26-000003-index.htm,https://www.linkedin.com/search/results/people/?keywords=Jason+Haley+AACUC+CDA,https://www.linkedin.com/search/results/companies/?keywords=AACUC+CDA,https://www.google.com/search?q=%22AACUC+CDA%22+venture+capital
2,ambiguous_vc_signal,no explicit VC category or strong pooled-fund VC name signal,"Research operating firm, decision-maker, launch evidence, and public presence before rejecting.",Infinitas Capital Master,Korify Capital SPV VI a series of Infinitas Capital Master LLC,Ltd Infinitas Investments,Director,"Ltd Infinitas Investments (Director); LLC Allocations Fund Administration, (Executive Officer); Richard Thoms (Executive Officer)",not_checked,Not checked,Emerging Fund,first_filer,2026,"$456,139","$456,139",2026-07-28,Pooled Investment Fund - Other Investment Fund,Birkirkara,O1,0002147578-26-000001,https://www.sec.gov/Archives/edgar/data/2147578/000214757826000001/0002147578-26-000001-index.htm,https://www.linkedin.com/search/results/people/?keywords=Ltd+Infinitas+Investments+Infinitas+Capital+Master,https://www.linkedin.com/search/results/companies/?keywords=Infinitas+Capital+Master,https://www.google.com/search?q=%22Infinitas+Capital+Master%22+venture+capital
2,ambiguous_vc_signal,no explicit VC category or strong pooled-fund VC name signal,"Research operating firm, decision-maker, launch evidence, and public presence before rejecting.",Infinitas Capital Master,Infinitas Capital SPV XXXVII a series of Infinitas Capital Master LLC,Ltd Infinitas Investments,Director,"Ltd Infinitas Investments (Director); LLC Allocations Fund Administration, (Executive Officer); Richard Thoms (Executive Officer)",not_checked,Not checked,Emerging Fund,first_filer,2026,"$289,979","$289,979",2026-07-28,Pooled Investment Fund - Other Investment Fund,Birkirkara,O1,0002147577-26-000001,https://www.sec.gov/Archives/edgar/data/2147577/000214757726000001/0002147577-26-000001-index.htm,https://www.linkedin.com/search/results/people/?keywords=Ltd+Infinitas+Investments+Infinitas+Capital+Master,https://www.linkedin.com/search/results/companies/?keywords=Infinitas+Capital+Master,https://www.google.com/search?q=%22Infinitas+Capital+Master%22+venture+capital
2,ambiguous_vc_signal,no explicit VC category or strong pooled-fund VC name signal,"Research operating firm, decision-maker, launch evidence, and public presence before rejecting.",Sagard Credit Partners III-U RN (US),Sagard Credit Partners III-U RN (US) LP,Adam Vigna,Executive Officer,"Adam Vigna (Executive Officer); Paul Desmarais III (Executive Officer); Junaid Subhan (Executive Officer); Stephan Klee (Executive Officer); Samuel Robinson (Executive Officer, Director, Promoter); Sagard Credit Partners III-U (Cayman) GP LLC (Promoter); Sagard Holdings Manager (US) LLC (Promoter); Michael Hassan (Executive Officer); Sinead Wagner (Director); Errin Echenique (Director)",not_checked,Not checked,Emerging Fund,first_filer,2025,$0,$140M,2026-07-28,Pooled Investment Fund - Other Investment Fund,WILMINGTON,DE,0002147348-26-000001,https://www.sec.gov/Archives/edgar/data/2147348/000214734826000001/0002147348-26-000001-index.htm,https://www.linkedin.com/search/results/people/?keywords=Adam+Vigna+Sagard+Credit+Partners+III-U+RN+%28US%29,https://www.linkedin.com/search/results/companies/?keywords=Sagard+Credit+Partners+III-U+RN+%28US%29,https://www.google.com/search?q=%22Sagard+Credit+Partners+III-U+RN+%28US%29%22+venture+capital
2,ambiguous_vc_signal,no explicit VC category or strong pooled-fund VC name signal,"Research operating firm, decision-maker, launch evidence, and public presence before rejecting.",liberty Partners Wealth Management,liberty Partners Wealth Management INC,DAVID GRAVES,Director,DAVID GRAVES (Director),not_checked,Not checked,Emerging Fund,first_filer,2026,$100M,$0,2026-07-28,Investing - Unknown,NEW YORK,NY,0002143168-26-000008,https://www.sec.gov/Archives/edgar/data/2143168/000214316826000008/0002143168-26-000008-index.htm,https://www.linkedin.com/search/results/people/?keywords=DAVID+GRAVES+liberty+Partners+Wealth+Management,https://www.linkedin.com/search/results/companies/?keywords=liberty+Partners+Wealth+Management,https://www.google.com/search?q=%22liberty+Partners+Wealth+Management%22+venture+capital
2,ambiguous_vc_signal,no explicit VC category or strong pooled-fund VC name signal,"Research operating firm, decision-maker, launch evidence, and public presence before rejecting.",Harbo Capital Credit Income Fund,Harbo Capital Credit Income Fund LP,Michelle Hughes,Executive Officer,Michelle Hughes (Executive Officer); Darcy Harbott (Executive Officer),not_checked,Not checked,Emerging Fund,first_filer,2025,$0,$2M,2026-07-28,Other - Unknown,SPEARFISH,SD,0002147420-26-000001,https://www.sec.gov/Archives/edgar/data/2147420/000214742026000001/0002147420-26-000001-index.htm,https://www.linkedin.com/search/results/people/?keywords=Michelle+Hughes+Harbo+Capital+Credit+Income+Fund,https://www.linkedin.com/search/results/companies/?keywords=Harbo+Capital+Credit+Income+Fund,https://www.google.com/search?q=%22Harbo+Capital+Credit+Income+Fund%22+venture+capital
2,ambiguous_vc_signal,no explicit VC category or strong pooled-fund VC name signal,"Research operating firm, decision-maker, launch evidence, and public presence before rejecting.",CB Olathe Partners,CB Olathe Partners LLC,James Westphal,Executive Officer,James Westphal (Executive Officer),not_checked,Not checked,Emerging Fund,first_filer,2025,$0,$0,2026-07-28,Restaurants - Unknown,OVERLAND PARK,KS,0002140259-26-000001,https://www.sec.gov/Archives/edgar/data/2140259/000214025926000001/0002140259-26-000001-index.htm,https://www.linkedin.com/search/results/people/?keywords=James+Westphal+CB+Olathe+Partners,https://www.linkedin.com/search/results/companies/?keywords=CB+Olathe+Partners,https://www.google.com/search?q=%22CB+Olathe+Partners%22+venture+capital
2,ambiguous_vc_signal,no explicit VC category or strong pooled-fund VC name signal,"Research operating firm, decision-maker, launch evidence, and public presence before rejecting.",HSA Ventures Ambit,HSA Ventures Ambit LLC,Furber Elizabeth,"Director, Promoter","Furber Elizabeth (Director, Promoter)",likely_new,Likely new firm,Emerging Fund,first_filer,2026,$2M,$2M,2026-07-29,Other - Unknown,Manchester,MA,0002147868-26-000001,https://www.sec.gov/Archives/edgar/data/2147868/000214786826000001/0002147868-26-000001-index.htm,https://www.linkedin.com/search/results/people/?keywords=Furber+Elizabeth+HSA+Ventures+Ambit,https://www.linkedin.com/search/results/companies/?keywords=HSA+Ventures+Ambit,https://www.google.com/search?q=%22HSA+Ventures+Ambit%22+venture+capital
2,ambiguous_vc_signal,no explicit VC category or strong pooled-fund VC name signal,"Research operating firm, decision-maker, launch evidence, and public presence before rejecting.",HSA Ventures Moth,HSA Ventures Moth LLC,Furber Elizabeth,"Director, Promoter","Furber Elizabeth (Director, Promoter)",likely_new,Likely new firm,Emerging Fund,first_filer,2026,$2M,$2M,2026-07-29,Other - Unknown,Manchester,MA,0002135177-26-000001,https://www.sec.gov/Archives/edgar/data/2135177/000213517726000001/0002135177-26-000001-index.htm,https://www.linkedin.com/search/results/people/?keywords=Furber+Elizabeth+HSA+Ventures+Moth,https://www.linkedin.com/search/results/companies/?keywords=HSA+Ventures+Moth,https://www.google.com/search?q=%22HSA+Ventures+Moth%22+venture+capital
2,ambiguous_vc_signal,no explicit VC category or strong pooled-fund VC name signal,"Research operating firm, decision-maker, launch evidence, and public presence before rejecting.",IITM Unicorn Frontier,"IITM Unicorn Frontier Fund I, LP",Bhaskar Majumdar,"Executive Officer, Promoter","Bhaskar Majumdar (Executive Officer, Promoter); Anil Joshi (Executive Officer, Promoter)",not_checked,Not checked,Fund I,new_filer,2026,$25M,$9M,2026-07-29,Pooled Investment Fund - Other Investment Fund,MUMBAI,K7,0002137177-26-000005,https://www.sec.gov/Archives/edgar/data/2137177/000213717726000005/0002137177-26-000005-index.htm,https://www.linkedin.com/search/results/people/?keywords=Bhaskar+Majumdar+IITM+Unicorn+Frontier,https://www.linkedin.com/search/results/companies/?keywords=IITM+Unicorn+Frontier,https://www.google.com/search?q=%22IITM+Unicorn+Frontier%22+venture+capital
2,ambiguous_vc_signal,no explicit VC category or strong pooled-fund VC name signal,"Research operating firm, decision-maker, launch evidence, and public presence before rejecting.",River Partners DC United Collab Fund,"River Partners DC United Collab Fund, LLC",John Levin,Executive Officer,John Levin (Executive Officer); David Sochol (Executive Officer),not_checked,Not checked,Emerging Fund,first_filer,2026,$0,$0,2026-07-29,Pooled Investment Fund - Other Investment Fund,NEW YORK,NY,0002143546-26-000001,https://www.sec.gov/Archives/edgar/data/2143546/000214354626000001/0002143546-26-000001-index.htm,https://www.linkedin.com/search/results/people/?keywords=John+Levin+River+Partners+DC+United+Collab+Fund,https://www.linkedin.com/search/results/companies/?keywords=River+Partners+DC+United+Collab+Fund,https://www.google.com/search?q=%22River+Partners+DC+United+Collab+Fund%22+venture+capital
2,ambiguous_vc_signal,no explicit VC category or strong pooled-fund VC name signal,"Research operating firm, decision-maker, launch evidence, and public presence before rejecting.",Hunter Point Capital Foundation Ltd.,Hunter Point Capital Foundation Ltd.,JOSEPH MARTIN HONAN,Director,JOSEPH MARTIN HONAN (Director),not_checked,Not checked,Emerging Fund,first_filer,2026,$100M,$0,2026-07-29,Investing - Unknown,DENVER,CO,0002146157-26-000002,https://www.sec.gov/Archives/edgar/data/2146157/000214615726000002/0002146157-26-000002-index.htm,https://www.linkedin.com/search/results/people/?keywords=JOSEPH+MARTIN+HONAN+Hunter+Point+Capital+Foundation+Ltd.,https://www.linkedin.com/search/results/companies/?keywords=Hunter+Point+Capital+Foundation+Ltd.,https://www.google.com/search?q=%22Hunter+Point+Capital+Foundation+Ltd.%22+venture+capital
2,ambiguous_vc_signal,no explicit VC category or strong pooled-fund VC name signal,"Research operating firm, decision-maker, launch evidence, and public presence before rejecting.",Courage Healthcare SBIC,"Courage Healthcare SBIC Fund I, L.P.","Courage Healthcare SBIC I, LLC",Executive Officer,"Courage Healthcare SBIC I, LLC (Executive Officer); Courage Healthcare Partners, LLC (Executive Officer); Mayur Tipnis (Executive Officer); Erik Larsen (Executive Officer)",not_checked,Not checked,Fund I,new_filer,2024,$0,$43M,2026-07-30,Pooled Investment Fund - Other Investment Fund,NASHVILLE,TN,0002079991-26-000001,https://www.sec.gov/Archives/edgar/data/2079991/000207999126000001/0002079991-26-000001-index.htm,https://www.linkedin.com/search/results/people/?keywords=Courage+Healthcare+SBIC+I%2C+LLC+Courage+Healthcare+SBIC,https://www.linkedin.com/search/results/companies/?keywords=Courage+Healthcare+SBIC,https://www.google.com/search?q=%22Courage+Healthcare+SBIC%22+venture+capital
2,ambiguous_vc_signal,no explicit VC category or strong pooled-fund VC name signal,"Research operating firm, decision-maker, launch evidence, and public presence before rejecting.",SILK CITY CAPITAL,SILK CITY CAPITAL LP,NONE VELOCE CAPITAL GP LLC,Executive Officer,NONE VELOCE CAPITAL GP LLC (Executive Officer); NONE VELOCE MANAGEMENT LLC (Executive Officer); SURFARAZ DINANI (Executive Officer); RYAN YATES (Executive Officer); CHARLES FLORIO (Executive Officer),not_checked,Not checked,Emerging Fund,first_filer,2025,$0,"$374,663",2026-07-30,Pooled Investment Fund - Other Investment Fund,HACKENSACK,NJ,0002113645-26-000001,https://www.sec.gov/Archives/edgar/data/2113645/000211364526000001/0002113645-26-000001-index.htm,https://www.linkedin.com/search/results/people/?keywords=NONE+VELOCE+CAPITAL+GP+LLC+SILK+CITY+CAPITAL,https://www.linkedin.com/search/results/companies/?keywords=SILK+CITY+CAPITAL,https://www.google.com/search?q=%22SILK+CITY+CAPITAL%22+venture+capital
2,ambiguous_vc_signal,no explicit VC category or strong pooled-fund VC name signal,"Research operating firm, decision-maker, launch evidence, and public presence before rejecting.",Alter Growth Capital,"Alter Growth Capital, LLC",Lucas Lagos,Executive Officer,Lucas Lagos (Executive Officer),not_checked,Not checked,Emerging Fund,first_filer,2025,$3M,$3M,2026-07-30,Agriculture - Unknown,HOUSTON,TX,0002146386-26-000001,https://www.sec.gov/Archives/edgar/data/2146386/000214638626000001/0002146386-26-000001-index.htm,https://www.linkedin.com/search/results/people/?keywords=Lucas+Lagos+Alter+Growth+Capital,https://www.linkedin.com/search/results/companies/?keywords=Alter+Growth+Capital,https://www.google.com/search?q=%22Alter+Growth+Capital%22+venture+capital
2,ambiguous_vc_signal,no explicit VC category or strong pooled-fund VC name signal,"Research operating firm, decision-maker, launch evidence, and public presence before rejecting.",Parti Pris Investment Partners,"Parti Pris Investment Partners, Inc.",Arthur Lutschaunig,"Executive Officer, Director","Arthur Lutschaunig (Executive Officer, Director); Joseph Smith (Director); Stephen Johnson (Director); Christopher Stewart (Director); Theodore Aronson (Director)",not_checked,Not checked,Emerging Fund,first_filer,2023,$4M,$2M,2026-07-30,Other Technology - Unknown,Morro Bay,CA,0002043874-26-000003,https://www.sec.gov/Archives/edgar/data/2043874/000204387426000003/0002043874-26-000003-index.htm,https://www.linkedin.com/search/results/people/?keywords=Arthur+Lutschaunig+Parti+Pris+Investment+Partners,https://www.linkedin.com/search/results/companies/?keywords=Parti+Pris+Investment+Partners,https://www.google.com/search?q=%22Parti+Pris+Investment+Partners%22+venture+capital
2,ambiguous_vc_signal,no explicit VC category or strong pooled-fund VC name signal,"Research operating firm, decision-maker, launch evidence, and public presence before rejecting.",Thoreau Partners,"Thoreau Partners, LP","General Partner Thoreau Partners I GP, LLC",Promoter,"General Partner Thoreau Partners I GP, LLC (Promoter); Matthew Holt (Executive Officer); Jim Lacy (Executive Officer)",not_checked,Not checked,Emerging Fund,first_filer,2026,$0,$0,2026-07-31,Pooled Investment Fund - Other Investment Fund,PALM BEACH,FL,0002147018-26-000001,https://www.sec.gov/Archives/edgar/data/2147018/000214701826000001/0002147018-26-000001-index.htm,https://www.linkedin.com/search/results/people/?keywords=General+Partner+Thoreau+Partners+I+GP%2C+LLC+Thoreau+Partners,https://www.linkedin.com/search/results/companies/?keywords=Thoreau+Partners,https://www.google.com/search?q=%22Thoreau+Partners%22+venture+capital
2,ambiguous_vc_signal,no explicit VC category or strong pooled-fund VC name signal,"Research operating firm, decision-maker, launch evidence, and public presence before rejecting.",CenterNode Renewables Opportunity Fund,CenterNode Renewables Opportunity Fund LP,N/A CenterNode Renewables Opportunity Fund GP LLC,Executive Officer,N/A CenterNode Renewables Opportunity Fund GP LLC (Executive Officer); N/A CenterNode Group LLC (Executive Officer); Seth Zeleznik (Executive Officer); Zachary Tarica (Executive Officer),not_checked,Not checked,Emerging Fund,first_filer,2026,$0,$0,2026-07-31,Pooled Investment Fund - Other Investment Fund,Los Angeles,CA,0002147402-26-000001,https://www.sec.gov/Archives/edgar/data/2147402/000214740226000001/0002147402-26-000001-index.htm,https://www.linkedin.com/search/results/people/?keywords=N%2FA+CenterNode+Renewables+Opportunity+Fund+GP+LLC+CenterNode+Renewables+Opportunity+Fund,https://www.linkedin.com/search/results/companies/?keywords=CenterNode+Renewables+Opportunity+Fund,https://www.google.com/search?q=%22CenterNode+Renewables+Opportunity+Fund%22+venture+capital
2,ambiguous_vc_signal,no explicit VC category or strong pooled-fund VC name signal,"Research operating firm, decision-maker, launch evidence, and public presence before rejecting.",FIELDLINK VENTURES,"FIELDLINK VENTURES, LLC",John Martin,Executive Officer,John Martin (Executive Officer),not_checked,Not checked,Emerging Fund,first_filer,2024,$0,$1M,2026-07-31,Other - Unknown,EVANSTON,IL,0002072524-26-000001,https://www.sec.gov/Archives/edgar/data/2072524/000207252426000001/0002072524-26-000001-index.htm,https://www.linkedin.com/search/results/people/?keywords=John+Martin+FIELDLINK+VENTURES,https://www.linkedin.com/search/results/companies/?keywords=FIELDLINK+VENTURES,https://www.google.com/search?q=%22FIELDLINK+VENTURES%22+venture+capital
2,ambiguous_vc_signal,no explicit VC category or strong pooled-fund VC name signal,"Research operating firm, decision-maker, launch evidence, and public presence before rejecting.",Youth Enrichment Alliance Partners,"Youth Enrichment Alliance Partners, LLC",Rishabh Agarwal,"Executive Officer, Director","Rishabh Agarwal (Executive Officer, Director); Daniel Ovelar (Executive Officer, Director); Brandon Karkhanis (Executive Officer, Director); Robert Brown (Director)",not_checked,Not checked,Emerging Fund,first_filer,2026,$35M,$16M,2026-07-31,Other - Unknown,NEW YORK,NY,0002147770-26-000001,https://www.sec.gov/Archives/edgar/data/2147770/000214777026000001/0002147770-26-000001-index.htm,https://www.linkedin.com/search/results/people/?keywords=Rishabh+Agarwal+Youth+Enrichment+Alliance+Partners,https://www.linkedin.com/search/results/companies/?keywords=Youth+Enrichment+Alliance+Partners,https://www.google.com/search?q=%22Youth+Enrichment+Alliance+Partners%22+venture+capital
2,ambiguous_vc_signal,no explicit VC category or strong pooled-fund VC name signal,"Research operating firm, decision-maker, launch evidence, and public presence before rejecting.","Bain Capital European Direct Lending Fund (U), I.","Bain Capital European Direct Lending Fund (U), I.L.P.",ANDREW PAIN,Director,ANDREW PAIN (Director); RAY COLLERAN (Director); PHILIP MCENROE (Director),not_checked,Not checked,Emerging Fund,first_filer,2025,$0,$0,2026-08-03,Pooled Investment Fund - Other Investment Fund,BOSTON,MA,0000904454-26-000428,https://www.sec.gov/Archives/edgar/data/2102822/000090445426000428/0000904454-26-000428-index.htm,https://www.linkedin.com/search/results/people/?keywords=ANDREW+PAIN+Bain+Capital+European+Direct+Lending+Fund+%28U%29%2C+I.,https://www.linkedin.com/search/results/companies/?keywords=Bain+Capital+European+Direct+Lending+Fund+%28U%29%2C+I.,https://www.google.com/search?q=%22Bain+Capital+European+Direct+Lending+Fund+%28U%29%2C+I.%22+venture+capital
2,ambiguous_vc_signal,no explicit VC category or strong pooled-fund VC name signal,"Research operating firm, decision-maker, launch evidence, and public presence before rejecting.",Endurion Capital Holdings,"Endurion Capital Holdings, LP",Tommy Hoegstroem,"Executive Officer, Director","Tommy Hoegstroem (Executive Officer, Director); Marcus Jorgensen (Executive Officer, Director)",not_checked,Not checked,Emerging Fund,first_filer,2026,$44M,$39M,2026-08-03,Investing - Unknown,NEW YORK,NY,0002146950-26-000001,https://www.sec.gov/Archives/edgar/data/2146950/000214695026000001/0002146950-26-000001-index.htm,https://www.linkedin.com/search/results/people/?keywords=Tommy+Hoegstroem+Endurion+Capital+Holdings,https://www.linkedin.com/search/results/companies/?keywords=Endurion+Capital+Holdings,https://www.google.com/search?q=%22Endurion+Capital+Holdings%22+venture+capital
2,ambiguous_vc_signal,no explicit VC category or strong pooled-fund VC name signal,"Research operating firm, decision-maker, launch evidence, and public presence before rejecting.",Westbury Partners,"Westbury Partners, LLC",Blake McBee,"Executive Officer, Promoter","Blake McBee (Executive Officer, Promoter); Christopher Swiney (Executive Officer, Promoter); Kyle Brown (Executive Officer, Promoter)",not_checked,Not checked,Emerging Fund,first_filer,2026,$2M,$2M,2026-08-03,Other - Unknown,INDIANAPOLIS,IN,0001213900-26-084465,https://www.sec.gov/Archives/edgar/data/2147732/000121390026084465/0001213900-26-084465-index.htm,https://www.linkedin.com/search/results/people/?keywords=Blake+McBee+Westbury+Partners,https://www.linkedin.com/search/results/companies/?keywords=Westbury+Partners,https://www.google.com/search?q=%22Westbury+Partners%22+venture+capital
2,ambiguous_vc_signal,no explicit VC category or strong pooled-fund VC name signal,"Research operating firm, decision-maker, launch evidence, and public presence before rejecting.",Arctos Keystone Partners SO Blocked,"Arctos Keystone Partners SO Blocked, LP",IAN CHARLES,"Executive Officer, Promoter","IAN CHARLES (Executive Officer, Promoter)",not_checked,Not checked,Emerging Fund,first_filer,2026,$0,$25M,2026-08-04,Pooled Investment Fund - Other Investment Fund,NEW YORK,NY,0002147475-26-000001,https://www.sec.gov/Archives/edgar/data/2147475/000214747526000001/0002147475-26-000001-index.htm,https://www.linkedin.com/search/results/people/?keywords=IAN+CHARLES+Arctos+Keystone+Partners+SO+Blocked,https://www.linkedin.com/search/results/companies/?keywords=Arctos+Keystone+Partners+SO+Blocked,https://www.google.com/search?q=%22Arctos+Keystone+Partners+SO+Blocked%22+venture+capital
2,ambiguous_vc_signal,no explicit VC category or strong pooled-fund VC name signal,"Research operating firm, decision-maker, launch evidence, and public presence before rejecting.",Newbrook Capital Skyland Investors,Newbrook Capital Skyland Investors LLC,James Broyer,Executive Officer,James Broyer (Executive Officer); Robert Boucai (Executive Officer),not_checked,Not checked,Emerging Fund,first_filer,2026,$0,$15M,2026-08-04,Pooled Investment Fund - Other Investment Fund,NEW YORK,NY,0002146770-26-000001,https://www.sec.gov/Archives/edgar/data/2146770/000214677026000001/0002146770-26-000001-index.htm,https://www.linkedin.com/search/results/people/?keywords=James+Broyer+Newbrook+Capital+Skyland+Investors,https://www.linkedin.com/search/results/companies/?keywords=Newbrook+Capital+Skyland+Investors,https://www.google.com/search?q=%22Newbrook+Capital+Skyland+Investors%22+venture+capital
2,ambiguous_vc_signal,no explicit VC category or strong pooled-fund VC name signal,"Research operating firm, decision-maker, launch evidence, and public presence before rejecting.",Newbrook Capital Eastpointe Ridge Investors,Newbrook Capital Eastpointe Ridge Investors LLC,James Broyer,Executive Officer,James Broyer (Executive Officer); Robert Boucai (Executive Officer),not_checked,Not checked,Emerging Fund,first_filer,2026,$0,$13M,2026-08-04,Pooled Investment Fund - Other Investment Fund,NEW YORK,NY,0002146768-26-000001,https://www.sec.gov/Archives/edgar/data/2146768/000214676826000001/0002146768-26-000001-index.htm,https://www.linkedin.com/search/results/people/?keywords=James+Broyer+Newbrook+Capital+Eastpointe+Ridge+Investors,https://www.linkedin.com/search/results/companies/?keywords=Newbrook+Capital+Eastpointe+Ridge+Investors,https://www.google.com/search?q=%22Newbrook+Capital+Eastpointe+Ridge+Investors%22+venture+capital
2,ambiguous_vc_signal,no explicit VC category or strong pooled-fund VC name signal,"Research operating firm, decision-maker, launch evidence, and public presence before rejecting.",UNITED EQUITY PARTNERS,UNITED EQUITY PARTNERS LLC,Emerson Murray,Executive Officer,Emerson Murray (Executive Officer),not_checked,Not checked,Emerging Fund,first_filer,2026,$50M,$50M,2026-08-04,Investing - Unknown,SHERIDAN,WY,0002148793-26-000001,https://www.sec.gov/Archives/edgar/data/2148793/000214879326000001/0002148793-26-000001-index.htm,https://www.linkedin.com/search/results/people/?keywords=Emerson+Murray+UNITED+EQUITY+PARTNERS,https://www.linkedin.com/search/results/companies/?keywords=UNITED+EQUITY+PARTNERS,https://www.google.com/search?q=%22UNITED+EQUITY+PARTNERS%22+venture+capital
2,ambiguous_vc_signal,no explicit VC category or strong pooled-fund VC name signal,"Research operating firm, decision-maker, launch evidence, and public presence before rejecting.",Cypress Bay Partners,"Cypress Bay Partners, LLC",Derrek Drozdyk,"Executive Officer, Director","Derrek Drozdyk (Executive Officer, Director)",not_checked,Not checked,Emerging Fund,first_filer,2026,"$750,000","$750,000",2026-08-04,Other - Unknown,WEST PALM BEACH,FL,0002146089-26-000001,https://www.sec.gov/Archives/edgar/data/2146089/000214608926000001/0002146089-26-000001-index.htm,https://www.linkedin.com/search/results/people/?keywords=Derrek+Drozdyk+Cypress+Bay+Partners,https://www.linkedin.com/search/results/companies/?keywords=Cypress+Bay+Partners,https://www.google.com/search?q=%22Cypress+Bay+Partners%22+venture+capital
2,ambiguous_vc_signal,no explicit VC category or strong pooled-fund VC name signal,"Research operating firm, decision-maker, launch evidence, and public presence before rejecting.",Maclin Capital Tactical,Maclin Capital Tactical LLC,Evan Maclin,Executive Officer,Evan Maclin (Executive Officer),not_checked,Not checked,Emerging Fund,first_filer,2021,$0,$0,2026-08-04,Other - Unknown,UPLAND,CA,0002080068-26-000001,https://www.sec.gov/Archives/edgar/data/2080068/000208006826000001/0002080068-26-000001-index.htm,https://www.linkedin.com/search/results/people/?keywords=Evan+Maclin+Maclin+Capital+Tactical,https://www.linkedin.com/search/results/companies/?keywords=Maclin+Capital+Tactical,https://www.google.com/search?q=%22Maclin+Capital+Tactical%22+venture+capital
2,ambiguous_vc_signal,no explicit VC category or strong pooled-fund VC name signal,"Research operating firm, decision-maker, launch evidence, and public presence before rejecting.",Maclin Capital,Maclin Capital LLC,Evan Maclin,Executive Officer,Evan Maclin (Executive Officer),not_checked,Not checked,Emerging Fund,first_filer,2021,$0,$0,2026-08-04,Other - Unknown,LOS ANGELES,CA,0001911330-26-000001,https://www.sec.gov/Archives/edgar/data/1911330/000191133026000001/0001911330-26-000001-index.htm,https://www.linkedin.com/search/results/people/?keywords=Evan+Maclin+Maclin+Capital,https://www.linkedin.com/search/results/companies/?keywords=Maclin+Capital,https://www.google.com/search?q=%22Maclin+Capital%22+venture+capital
2,ambiguous_vc_signal,no explicit VC category or strong pooled-fund VC name signal,"Research operating firm, decision-maker, launch evidence, and public presence before rejecting.","Blue Sky Capital Group, LLC - BSC Secondaries","Blue Sky Capital Group, LLC - BSC Secondaries","BSC Admin, LLC",Executive Officer,"BSC Admin, LLC (Executive Officer); Henry Elmslie (Executive Officer)",not_checked,Not checked,Emerging Fund,first_filer,2026,$39M,$39M,2026-08-05,Pooled Investment Fund - Other Investment Fund,NEW YORK,NY,0002148754-26-000004,https://www.sec.gov/Archives/edgar/data/2148754/000214875426000004/0002148754-26-000004-index.htm,https://www.linkedin.com/search/results/people/?keywords=BSC+Admin%2C+LLC+Blue+Sky+Capital+Group%2C+LLC+-+BSC+Secondaries,https://www.linkedin.com/search/results/companies/?keywords=Blue+Sky+Capital+Group%2C+LLC+-+BSC+Secondaries,https://www.google.com/search?q=%22Blue+Sky+Capital+Group%2C+LLC+-+BSC+Secondaries%22+venture+capital
2,ambiguous_vc_signal,no explicit VC category or strong pooled-fund VC name signal,"Research operating firm, decision-maker, launch evidence, and public presence before rejecting.",Lido Colossus Private Equity,"Lido Colossus Private Equity Fund I, L.P.","N/A Lido Colossus Private Equity Fund GP, LLC",Executive Officer,"N/A Lido Colossus Private Equity Fund GP, LLC (Executive Officer); N/A Lido Advisors, LLC (Executive Officer); Jefrey Garden (Executive Officer); Jason Lee (Executive Officer)",not_checked,Not checked,Fund I,new_filer,2025,$0,$16M,2026-08-05,Pooled Investment Fund - Other Investment Fund,LOS ANGELES,CA,0001315863-26-000566,https://www.sec.gov/Archives/edgar/data/2081073/000131586326000566/0001315863-26-000566-index.htm,https://www.linkedin.com/search/results/people/?keywords=N%2FA+Lido+Colossus+Private+Equity+Fund+GP%2C+LLC+Lido+Colossus+Private+Equity,https://www.linkedin.com/search/results/companies/?keywords=Lido+Colossus+Private+Equity,https://www.google.com/search?q=%22Lido+Colossus+Private+Equity%22+venture+capital
2,ambiguous_vc_signal,no explicit VC category or strong pooled-fund VC name signal,"Research operating firm, decision-maker, launch evidence, and public presence before rejecting.",Chicago First,Chicago First Fund I LLC,Dan Byrne,Executive Officer,Dan Byrne (Executive Officer),not_checked,Not checked,Fund I,new_filer,2025,$10M,$2M,2026-08-06,Pooled Investment Fund - Other Investment Fund,FORT LAUDERDALE,FL,0002077375-26-000003,https://www.sec.gov/Archives/edgar/data/2077375/000207737526000003/0002077375-26-000003-index.htm,https://www.linkedin.com/search/results/people/?keywords=Dan+Byrne+Chicago+First,https://www.linkedin.com/search/results/companies/?keywords=Chicago+First,https://www.google.com/search?q=%22Chicago+First%22+venture+capital
2,ambiguous_vc_signal,no explicit VC category or strong pooled-fund VC name signal,"Research operating firm, decision-maker, launch evidence, and public presence before rejecting.",FUTURE VALE CAPITAL,FUTURE VALE CAPITAL INC.,NICHOLAS CAMPBELL KLISE,Director,NICHOLAS CAMPBELL KLISE (Director),not_checked,Not checked,Emerging Fund,first_filer,2026,$100M,$0,2026-08-06,Investing - Unknown,NEW YORK,NY,0002148980-26-000001,https://www.sec.gov/Archives/edgar/data/2148980/000214898026000001/0002148980-26-000001-index.htm,https://www.linkedin.com/search/results/people/?keywords=NICHOLAS+CAMPBELL+KLISE+FUTURE+VALE+CAPITAL,https://www.linkedin.com/search/results/companies/?keywords=FUTURE+VALE+CAPITAL,https://www.google.com/search?q=%22FUTURE+VALE+CAPITAL%22+venture+capital
2,ambiguous_vc_signal,no explicit VC category or strong pooled-fund VC name signal,"Research operating firm, decision-maker, launch evidence, and public presence before rejecting.",Broad Street Capital,Broad Street Capital LLC,Joshua Schaap,Director,Joshua Schaap (Director); Lindsey Cooper Jr (Director),not_checked,Not checked,Emerging Fund,first_filer,2026,$10M,$2M,2026-08-06,Other Banking and Financial Services - Unknown,CHARLESTON,SC,0002148949-26-000001,https://www.sec.gov/Archives/edgar/data/2148949/000214894926000001/0002148949-26-000001-index.htm,https://www.linkedin.com/search/results/people/?keywords=Joshua+Schaap+Broad+Street+Capital,https://www.linkedin.com/search/results/companies/?keywords=Broad+Street+Capital,https://www.google.com/search?q=%22Broad+Street+Capital%22+venture+capital
2,ambiguous_vc_signal,no explicit VC category or strong pooled-fund VC name signal,"Research operating firm, decision-maker, launch evidence, and public presence before rejecting.",Deerpath Capital Advantage VIII (US),"Deerpath Capital Advantage VIII (US), LP",Anish Bahl,"Executive Officer, Promoter","Anish Bahl (Executive Officer, Promoter); James Kirby (Executive Officer, Director, Promoter); Tasabbur Hasan (Executive Officer, Director, Promoter); Derek Dubois (Director); Mathew Douglass (Director); Jeffrey Dickson (Director); Matthew Harvey (Director)",not_checked,Not checked,Emerging Fund,first_filer,2026,$0,$25M,2026-08-10,Pooled Investment Fund - Other Investment Fund,FORT LAUDERDALE,FL,0002149338-26-000001,https://www.sec.gov/Archives/edgar/data/2149338/000214933826000001/0002149338-26-000001-index.htm,https://www.linkedin.com/search/results/people/?keywords=Anish+Bahl+Deerpath+Capital+Advantage+VIII+%28US%29,https://www.linkedin.com/search/results/companies/?keywords=Deerpath+Capital+Advantage+VIII+%28US%29,https://www.google.com/search?q=%22Deerpath+Capital+Advantage+VIII+%28US%29%22+venture+capital
2,ambiguous_vc_signal,no explicit VC category or strong pooled-fund VC name signal,"Research operating firm, decision-maker, launch evidence, and public presence before rejecting.",Precision Medical Ventures,Precision Medical Ventures Inc.,Chris Wood,"Executive Officer, Director, Promoter","Chris Wood (Executive Officer, Director, Promoter); Mathew Brevard (Director); Rick Rubin (Director); Stuart Gardner (Director); Michael Beck (Director); Michael Calhoun (Executive Officer, Director); Greg Mogel (Director)",needs_review,Needs review,Emerging Fund,first_filer,N/A,$8M,$7M,2026-08-12,Other Technology - Unknown,SEATTLE,WA,0001885740-26-000002,https://www.sec.gov/Archives/edgar/data/1885740/000188574026000002/0001885740-26-000002-index.htm,https://www.linkedin.com/search/results/people/?keywords=Chris+Wood+Precision+Medical+Ventures,https://www.linkedin.com/search/results/companies/?keywords=Precision+Medical+Ventures,https://www.google.com/search?q=%22Precision+Medical+Ventures%22+venture+capital
3,ambiguous_vc_signal,no explicit VC category or strong pooled-fund VC name signal,"Research operating firm, decision-maker, launch evidence, and public presence before rejecting.",TERRA MARIS CAPITAL,TERRA MARIS CAPITAL LLC,Domenico Apollaro,"Executive Officer, Director","Domenico Apollaro (Executive Officer, Director)",not_checked,Not checked,Emerging Fund,new_filer,2025,$100M,$0,2026-06-15,Pooled Investment Fund - Other Investment Fund,WASHINGTON,DC,0002071233-26-000001,https://www.sec.gov/Archives/edgar/data/2071233/000207123326000001/0002071233-26-000001-index.htm,https://www.linkedin.com/search/results/people/?keywords=Domenico+Apollaro+TERRA+MARIS+CAPITAL,https://www.linkedin.com/search/results/companies/?keywords=TERRA+MARIS+CAPITAL,https://www.google.com/search?q=%22TERRA+MARIS+CAPITAL%22+venture+capital
3,ambiguous_vc_signal,no explicit VC category or strong pooled-fund VC name signal,"Research operating firm, decision-maker, launch evidence, and public presence before rejecting.",Blackstone Infrastructure Partners (Supplemental Account I-A),Blackstone Infrastructure Partners (Supplemental Account I-A) L.P.,n/a Blackstone Infrastructure Associates L.P.,Promoter,n/a Blackstone Infrastructure Associates L.P. (Promoter); n/a BIA GP L.P. (Promoter); n/a BIA GP L.L.C. (Promoter); n/a Blackstone Infrastructure Advisors L.L.C. (Promoter); Sean Klimczak (Executive Officer); Vikrant Sawhney (Executive Officer); Christopher Striano (Executive Officer); Joseph Rocco (Executive Officer); Michael Knauss (Executive Officer); Paul Schlaack (Executive Officer); Christopher Placca (Executive Officer),not_checked,Not checked,Emerging Fund,new_filer,2022,$0,$200M,2026-06-15,Pooled Investment Fund - Other Investment Fund,NEW YORK,NY,0001937830-26-000001,https://www.sec.gov/Archives/edgar/data/1937830/000193783026000001/0001937830-26-000001-index.htm,https://www.linkedin.com/search/results/people/?keywords=n%2Fa+Blackstone+Infrastructure+Associates+L.P.+Blackstone+Infrastructure+Partners+%28Supplemental+Account+I-A%29,https://www.linkedin.com/search/results/companies/?keywords=Blackstone+Infrastructure+Partners+%28Supplemental+Account+I-A%29,https://www.google.com/search?q=%22Blackstone+Infrastructure+Partners+%28Supplemental+Account+I-A%29%22+venture+capital
3,ambiguous_vc_signal,no explicit VC category or strong pooled-fund VC name signal,"Research operating firm, decision-maker, launch evidence, and public presence before rejecting.",Chicago Partners Diversified Tax Aware Fund,"Chicago Partners Diversified Tax Aware Fund, LLC",NA Chicago Partners Investment Group LLC,Promoter,NA Chicago Partners Investment Group LLC (Promoter); James Hagedorn (Executive Officer); Nicholas Guido (Executive Officer),not_checked,Not checked,Emerging Fund,new_filer,2025,$0,$43M,2026-06-15,Pooled Investment Fund - Other Investment Fund,CHICAGO,IL,0001213900-26-068887,https://www.sec.gov/Archives/edgar/data/2089130/000121390026068887/0001213900-26-068887-index.htm,https://www.linkedin.com/search/results/people/?keywords=NA+Chicago+Partners+Investment+Group+LLC+Chicago+Partners+Diversified+Tax+Aware+Fund,https://www.linkedin.com/search/results/companies/?keywords=Chicago+Partners+Diversified+Tax+Aware+Fund,https://www.google.com/search?q=%22Chicago+Partners+Diversified+Tax+Aware+Fund%22+venture+capital
3,ambiguous_vc_signal,no explicit VC category or strong pooled-fund VC name signal,"Research operating firm, decision-maker, launch evidence, and public presence before rejecting.",Wash42 Ventures,"Wash42 Ventures, LLC",Wesley Dawson,"Executive Officer, Director, Promoter","Wesley Dawson (Executive Officer, Director, Promoter); Frank Bazzel, Jr. (Executive Officer, Director, Promoter); Mark Sealy (Executive Officer, Director, Promoter); Benjamin Sims (Executive Officer, Director, Promoter); Garry Houston (Executive Officer, Director, Promoter)",not_checked,Not checked,Emerging Fund,new_filer,2025,$8M,$6M,2026-06-15,Manufacturing - Unknown,IRVING,TX,0002067595-26-000004,https://www.sec.gov/Archives/edgar/data/2067595/000206759526000004/0002067595-26-000004-index.htm,https://www.linkedin.com/search/results/people/?keywords=Wesley+Dawson+Wash42+Ventures,https://www.linkedin.com/search/results/companies/?keywords=Wash42+Ventures,https://www.google.com/search?q=%22Wash42+Ventures%22+venture+capital
3,ambiguous_vc_signal,no explicit VC category or strong pooled-fund VC name signal,"Research operating firm, decision-maker, launch evidence, and public presence before rejecting.",Marathon-London Emerging Markets Investment Trust,Marathon-London Emerging Markets Investment Trust,See Clarification See Clarification,Executive Officer,See Clarification See Clarification (Executive Officer); See Clarification See Clarification (Promoter),not_checked,Not checked,Emerging Fund,new_filer,N/A,$0,$286M,2026-06-15,Pooled Investment Fund - Other Investment Fund,CHICAGO,IL,0001692687-26-000004,https://www.sec.gov/Archives/edgar/data/1692687/000169268726000004/0001692687-26-000004-index.htm,https://www.linkedin.com/search/results/people/?keywords=See+Clarification+See+Clarification+Marathon-London+Emerging+Markets+Investment+Trust,https://www.linkedin.com/search/results/companies/?keywords=Marathon-London+Emerging+Markets+Investment+Trust,https://www.google.com/search?q=%22Marathon-London+Emerging+Markets+Investment+Trust%22+venture+capital
3,ambiguous_vc_signal,no explicit VC category or strong pooled-fund VC name signal,"Research operating firm, decision-maker, launch evidence, and public presence before rejecting.",Marathon UCITS Funds - Emerging Markets Equity Fund,Marathon UCITS Funds - Emerging Markets Equity Fund,See Clarification See Clarification,Executive Officer,See Clarification See Clarification (Executive Officer); See Clarification See Clarification (Promoter); See Clarification See Clarification (Promoter),not_checked,Not checked,Emerging Fund,new_filer,N/A,$0,$268M,2026-06-15,Pooled Investment Fund - Other Investment Fund,DUBLIN,L2,0001592554-26-000003,https://www.sec.gov/Archives/edgar/data/1592554/000159255426000003/0001592554-26-000003-index.htm,https://www.linkedin.com/search/results/people/?keywords=See+Clarification+See+Clarification+Marathon+UCITS+Funds+-+Emerging+Markets+Equity+Fund,https://www.linkedin.com/search/results/companies/?keywords=Marathon+UCITS+Funds+-+Emerging+Markets+Equity+Fund,https://www.google.com/search?q=%22Marathon+UCITS+Funds+-+Emerging+Markets+Equity+Fund%22+venture+capital
3,ambiguous_vc_signal,no explicit VC category or strong pooled-fund VC name signal,"Research operating firm, decision-maker, launch evidence, and public presence before rejecting.",Alpine Fitness Ventures,Alpine Fitness Ventures LLC,John Lynch,Promoter,John Lynch (Promoter),not_checked,Not checked,Emerging Fund,new_filer,2025,"$400,005","$337,014",2026-06-15,Other - Unknown,HENDERSONVILLE,NC,0002134783-26-000002,https://www.sec.gov/Archives/edgar/data/2134783/000213478326000002/0002134783-26-000002-index.htm,https://www.linkedin.com/search/results/people/?keywords=John+Lynch+Alpine+Fitness+Ventures,https://www.linkedin.com/search/results/companies/?keywords=Alpine+Fitness+Ventures,https://www.google.com/search?q=%22Alpine+Fitness+Ventures%22+venture+capital
3,ambiguous_vc_signal,no explicit VC category or strong pooled-fund VC name signal,"Research operating firm, decision-maker, launch evidence, and public presence before rejecting.",SECURE NET CAPITAL,SECURE NET CAPITAL LLC,Secure Net Management LLC,Executive Officer,Secure Net Management LLC (Executive Officer),not_checked,Not checked,Emerging Fund,new_filer,2024,$0,$28M,2026-06-17,Pooled Investment Fund - Other Investment Fund,CLEARWATER,FL,0002040453-26-000006,https://www.sec.gov/Archives/edgar/data/2040453/000204045326000006/0002040453-26-000006-index.htm,https://www.linkedin.com/search/results/people/?keywords=Secure+Net+Management+LLC+SECURE+NET+CAPITAL,https://www.linkedin.com/search/results/companies/?keywords=SECURE+NET+CAPITAL,https://www.google.com/search?q=%22SECURE+NET+CAPITAL%22+venture+capital
3,ambiguous_vc_signal,no explicit VC category or strong pooled-fund VC name signal,"Research operating firm, decision-maker, launch evidence, and public presence before rejecting.",ALLENS CREEK PARTNERS,"ALLENS CREEK PARTNERS, LP","Allens Creek, LLC",Executive Officer,"Allens Creek, LLC (Executive Officer); Vincent Crane (Executive Officer); Michael Rizzolo (Executive Officer); Thomas Hawks III (Executive Officer)",not_checked,Not checked,Emerging Fund,new_filer,2023,$0,$33M,2026-06-17,Pooled Investment Fund - Other Investment Fund,PITTSFORD,NY,0002020086-26-000003,https://www.sec.gov/Archives/edgar/data/2020086/000202008626000003/0002020086-26-000003-index.htm,https://www.linkedin.com/search/results/people/?keywords=Allens+Creek%2C+LLC+ALLENS+CREEK+PARTNERS,https://www.linkedin.com/search/results/companies/?keywords=ALLENS+CREEK+PARTNERS,https://www.google.com/search?q=%22ALLENS+CREEK+PARTNERS%22+venture+capital
3,ambiguous_vc_signal,no explicit VC category or strong pooled-fund VC name signal,"Research operating firm, decision-maker, launch evidence, and public presence before rejecting.",Legal & General Scientific Beta Emerging Markets Fund,"Legal & General Scientific Beta Emerging Markets Fund, LLC","n/a Legal &amp; General Investment Management America, Inc.",Executive Officer,"n/a Legal &amp; General Investment Management America, Inc. (Executive Officer); Kristina St. Charles (Executive Officer); Patrick Ryan (Executive Officer, Director); Jason Shoup (Executive Officer, Director); Alexia Gottschalch (Executive Officer); Mike Reiffsteck (Executive Officer); Jed Plafker (Executive Officer, Director)",not_checked,Not checked,Emerging Fund,new_filer,N/A,$0,$133M,2026-06-17,Pooled Investment Fund - Other Investment Fund,Chicago,IL,0000905148-26-002957,https://www.sec.gov/Archives/edgar/data/1711650/000090514826002957/0000905148-26-002957-index.htm,https://www.linkedin.com/search/results/people/?keywords=n%2Fa+Legal+%26amp%3B+General+Investment+Management+America%2C+Inc.+Legal+%26+General+Scientific+Beta+Emerging+Markets+Fund,https://www.linkedin.com/search/results/companies/?keywords=Legal+%26+General+Scientific+Beta+Emerging+Markets+Fund,https://www.google.com/search?q=%22Legal+%26+General+Scientific+Beta+Emerging+Markets+Fund%22+venture+capital
3,ambiguous_vc_signal,no explicit VC category or strong pooled-fund VC name signal,"Research operating firm, decision-maker, launch evidence, and public presence before rejecting.",SAVA Capital,SAVA Capital Inc.,Sabyr Bukeikhanov,Director,Sabyr Bukeikhanov (Director),not_checked,Not checked,Emerging Fund,new_filer,2021,"$250,000","$250,000",2026-06-17,Investing - Unknown,NAPLES,FL,0001946415-26-000006,https://www.sec.gov/Archives/edgar/data/1946415/000194641526000006/0001946415-26-000006-index.htm,https://www.linkedin.com/search/results/people/?keywords=Sabyr+Bukeikhanov+SAVA+Capital,https://www.linkedin.com/search/results/companies/?keywords=SAVA+Capital,https://www.google.com/search?q=%22SAVA+Capital%22+venture+capital
3,ambiguous_vc_signal,no explicit VC category or strong pooled-fund VC name signal,"Research operating firm, decision-maker, launch evidence, and public presence before rejecting.",2026 STRATEGIC OPPORTUNITY FUND,2026 STRATEGIC OPPORTUNITY FUND LLC,2026 Strategic Opportunity Management LLC,Executive Officer,2026 Strategic Opportunity Management LLC (Executive Officer); Anthony Gardini (Executive Officer); Anthony Simone (Executive Officer),not_checked,Not checked,Emerging Fund,new_filer,2026,$100M,$27M,2026-06-22,Pooled Investment Fund - Other Investment Fund,HAUPPAUGE,NY,0002121023-26-000005,https://www.sec.gov/Archives/edgar/data/2121023/000212102326000005/0002121023-26-000005-index.htm,https://www.linkedin.com/search/results/people/?keywords=2026+Strategic+Opportunity+Management+LLC+2026+STRATEGIC+OPPORTUNITY+FUND,https://www.linkedin.com/search/results/companies/?keywords=2026+STRATEGIC+OPPORTUNITY+FUND,https://www.google.com/search?q=%222026+STRATEGIC+OPPORTUNITY+FUND%22+venture+capital
3,ambiguous_vc_signal,no explicit VC category or strong pooled-fund VC name signal,"Research operating firm, decision-maker, launch evidence, and public presence before rejecting.",West Street Asia Equity Partners I Offshore,West Street Asia Equity Partners I Offshore LP,Daniel Foran,Director,Daniel Foran (Director); Stephane Lachance (Director); Coleen Gasiewski (Director),not_checked,Not checked,Emerging Fund,new_filer,2024,$0,$986M,2026-06-22,Pooled Investment Fund - Other Investment Fund,NEW YORK,NY,0002046583-26-000001,https://www.sec.gov/Archives/edgar/data/2046583/000204658326000001/0002046583-26-000001-index.htm,https://www.linkedin.com/search/results/people/?keywords=Daniel+Foran+West+Street+Asia+Equity+Partners+I+Offshore,https://www.linkedin.com/search/results/companies/?keywords=West+Street+Asia+Equity+Partners+I+Offshore,https://www.google.com/search?q=%22West+Street+Asia+Equity+Partners+I+Offshore%22+venture+capital
3,ambiguous_vc_signal,no explicit VC category or strong pooled-fund VC name signal,"Research operating firm, decision-maker, launch evidence, and public presence before rejecting.","SEGALL BRYANT & HAMILL EMERGING MARKETS OFFSHORE FUND, LTD.","SEGALL BRYANT & HAMILL EMERGING MARKETS OFFSHORE FUND, LTD.","N/A Segall Bryant &amp; Hamill, LLC",Executive Officer,"N/A Segall Bryant &amp; Hamill, LLC (Executive Officer); James Dadura (Director); Jasper Frontz (Executive Officer)",not_checked,Not checked,Emerging Fund,new_filer,N/A,$0,$144M,2026-06-22,Pooled Investment Fund - Other Investment Fund,GRAND CAYMAN,E9,0001213900-26-070587,https://www.sec.gov/Archives/edgar/data/1718895/000121390026070587/0001213900-26-070587-index.htm,https://www.linkedin.com/search/results/people/?keywords=N%2FA+Segall+Bryant+%26amp%3B+Hamill%2C+LLC+SEGALL+BRYANT+%26+HAMILL+EMERGING+MARKETS+OFFSHORE+FUND%2C+LTD.,https://www.linkedin.com/search/results/companies/?keywords=SEGALL+BRYANT+%26+HAMILL+EMERGING+MARKETS+OFFSHORE+FUND%2C+LTD.,https://www.google.com/search?q=%22SEGALL+BRYANT+%26+HAMILL+EMERGING+MARKETS+OFFSHORE+FUND%2C+LTD.%22+venture+capital
3,ambiguous_vc_signal,no explicit VC category or strong pooled-fund VC name signal,"Research operating firm, decision-maker, launch evidence, and public presence before rejecting.",SEGALL BRYANT & HAMILL EMERGING MARKETS SMALL CAP FUND,"SEGALL BRYANT & HAMILL EMERGING MARKETS SMALL CAP FUND, LP","N/A LWF, Inc.",Executive Officer,"N/A LWF, Inc. (Executive Officer); N/A Segall Bryant &amp; Hamill, LLC (Executive Officer); James Dadura (Executive Officer); Jasper Frontz (Executive Officer)",not_checked,Not checked,Emerging Fund,new_filer,N/A,$0,$8M,2026-06-22,Pooled Investment Fund - Other Investment Fund,CHICAGO,IL,0001213900-26-070555,https://www.sec.gov/Archives/edgar/data/1671537/000121390026070555/0001213900-26-070555-index.htm,https://www.linkedin.com/search/results/people/?keywords=N%2FA+LWF%2C+Inc.+SEGALL+BRYANT+%26+HAMILL+EMERGING+MARKETS+SMALL+CAP+FUND,https://www.linkedin.com/search/results/companies/?keywords=SEGALL+BRYANT+%26+HAMILL+EMERGING+MARKETS+SMALL+CAP+FUND,https://www.google.com/search?q=%22SEGALL+BRYANT+%26+HAMILL+EMERGING+MARKETS+SMALL+CAP+FUND%22+venture+capital
3,ambiguous_vc_signal,no explicit VC category or strong pooled-fund VC name signal,"Research operating firm, decision-maker, launch evidence, and public presence before rejecting.",SEGALL BRYANT & HAMILL EMERGING MARKETS FUND,"SEGALL BRYANT & HAMILL EMERGING MARKETS FUND, LP","N/A LWF, Inc.",Executive Officer,"N/A LWF, Inc. (Executive Officer); N/A Segall Bryant &amp; Hamill, LLC (Executive Officer); James Dadura (Executive Officer); Jasper Frontz (Executive Officer)",not_checked,Not checked,Emerging Fund,new_filer,N/A,$0,$144M,2026-06-22,Pooled Investment Fund - Other Investment Fund,CHICAGO,IL,0001213900-26-070554,https://www.sec.gov/Archives/edgar/data/1718885/000121390026070554/0001213900-26-070554-index.htm,https://www.linkedin.com/search/results/people/?keywords=N%2FA+LWF%2C+Inc.+SEGALL+BRYANT+%26+HAMILL+EMERGING+MARKETS+FUND,https://www.linkedin.com/search/results/companies/?keywords=SEGALL+BRYANT+%26+HAMILL+EMERGING+MARKETS+FUND,https://www.google.com/search?q=%22SEGALL+BRYANT+%26+HAMILL+EMERGING+MARKETS+FUND%22+venture+capital
3,ambiguous_vc_signal,no explicit VC category or strong pooled-fund VC name signal,"Research operating firm, decision-maker, launch evidence, and public presence before rejecting.",Partner Community Capital,"Partner Community Capital, Inc.",Marten Jenkins,Executive Officer,"Marten Jenkins (Executive Officer); Gat Caperton (Director); Dwain Neeley (Director); Jeffrey Austin (Director); Mark Gabriel Little (Director); Erika McGilley (Executive Officer); Ray Daffner (Director); Karen Jacobson (Director); LaKeisha Kennedy-Flores (Executive Officer); Minal Patel (Executive Officer, Director); Vicki Lee Parker-High (Executive Officer, Director); Rosalind Black (Executive Officer); Anna Tefft (Executive Officer); Jessie Maxwell (Executive Officer)",not_checked,Not checked,Emerging Fund,new_filer,N/A,$20M,$8M,2026-06-22,Other Banking and Financial Services - Unknown,CHARLES TOWN,WV,0000905729-26-000115,https://www.sec.gov/Archives/edgar/data/1791499/000090572926000115/0000905729-26-000115-index.htm,https://www.linkedin.com/search/results/people/?keywords=Marten+Jenkins+Partner+Community+Capital,https://www.linkedin.com/search/results/companies/?keywords=Partner+Community+Capital,https://www.google.com/search?q=%22Partner+Community+Capital%22+venture+capital
3,older_issuer_review,issuer formed outside the broad emerging-manager window,Check whether a newer operating brand exists despite older legal issuer.,LHCC Aging Innovation,"LHCC Aging Innovation Fund I, LP",Stephen Cunanan,Executive Officer,Stephen Cunanan (Executive Officer),not_checked,Not checked,Fund I,new_filer,2022,$0,$8M,2026-06-23,Pooled Investment Fund - Other Investment Fund,LOUISVILLE,KY,0000906791-26-000125,https://www.sec.gov/Archives/edgar/data/2067471/000090679126000125/0000906791-26-000125-index.htm,https://www.linkedin.com/search/results/people/?keywords=Stephen+Cunanan+LHCC+Aging+Innovation,https://www.linkedin.com/search/results/companies/?keywords=LHCC+Aging+Innovation,https://www.google.com/search?q=%22LHCC+Aging+Innovation%22+venture+capital
3,ambiguous_vc_signal,no explicit VC category or strong pooled-fund VC name signal,"Research operating firm, decision-maker, launch evidence, and public presence before rejecting.",GT PARTNERS - LONE CYPRESS OFFSHORE FUND,"GT PARTNERS - LONE CYPRESS OFFSHORE FUND, LP",Jeffrey Willardson,Executive Officer,"Jeffrey Willardson (Executive Officer); Scott Warner (Executive Officer); Mark Fox (Executive Officer); --- GT Partners - Lone Cypress GP, LLC (Executive Officer, Promoter)",not_checked,Not checked,Emerging Fund,new_filer,2023,$0,$149M,2026-06-23,Pooled Investment Fund - Other Investment Fund,"GEORGE TOWN, GRAND CAYMAN",E9,0002025626-26-000003,https://www.sec.gov/Archives/edgar/data/2025626/000202562626000003/0002025626-26-000003-index.htm,https://www.linkedin.com/search/results/people/?keywords=Jeffrey+Willardson+GT+PARTNERS+-+LONE+CYPRESS+OFFSHORE+FUND,https://www.linkedin.com/search/results/companies/?keywords=GT+PARTNERS+-+LONE+CYPRESS+OFFSHORE+FUND,https://www.google.com/search?q=%22GT+PARTNERS+-+LONE+CYPRESS+OFFSHORE+FUND%22+venture+capital
3,ambiguous_vc_signal,no explicit VC category or strong pooled-fund VC name signal,"Research operating firm, decision-maker, launch evidence, and public presence before rejecting.",GT Partners - Lone Cypress Fund,"GT Partners - Lone Cypress Fund, LP",Jeffrey Willardson,Executive Officer,"Jeffrey Willardson (Executive Officer); Scott Warner (Executive Officer); Mark Fox (Executive Officer); -- GT Partners - Lone Cypress GP, LLC (Executive Officer, Promoter)",not_checked,Not checked,Emerging Fund,new_filer,2023,$0,$139M,2026-06-23,Pooled Investment Fund - Other Investment Fund,IRVINE,CA,0001981565-26-000003,https://www.sec.gov/Archives/edgar/data/1981565/000198156526000003/0001981565-26-000003-index.htm,https://www.linkedin.com/search/results/people/?keywords=Jeffrey+Willardson+GT+Partners+-+Lone+Cypress+Fund,https://www.linkedin.com/search/results/companies/?keywords=GT+Partners+-+Lone+Cypress+Fund,https://www.google.com/search?q=%22GT+Partners+-+Lone+Cypress+Fund%22+venture+capital
3,older_issuer_review,issuer formed outside the broad emerging-manager window,Check whether a newer operating brand exists despite older legal issuer.,Branch Venture Partners Fund,"Branch Venture Partners Fund, LP","N/A Branch Venture Partners Fund GP, LLC",Executive Officer,"N/A Branch Venture Partners Fund GP, LLC (Executive Officer); N/A Branch Venture Group, Inc. (Executive Officer); Marcia Hooper (Executive Officer); Lauren Abda (Executive Officer)",not_checked,Not checked,Emerging Fund,first_filer,2022,$0,$0,2026-06-24,Pooled Investment Fund - Venture Capital Fund,BOSTON,MA,0002132105-26-000001,https://www.sec.gov/Archives/edgar/data/2132105/000213210526000001/0002132105-26-000001-index.htm,https://www.linkedin.com/search/results/people/?keywords=N%2FA+Branch+Venture+Partners+Fund+GP%2C+LLC+Branch+Venture+Partners+Fund,https://www.linkedin.com/search/results/companies/?keywords=Branch+Venture+Partners+Fund,https://www.google.com/search?q=%22Branch+Venture+Partners+Fund%22+venture+capital
3,ambiguous_vc_signal,no explicit VC category or strong pooled-fund VC name signal,"Research operating firm, decision-maker, launch evidence, and public presence before rejecting.",Barings Capital Solutions Perpetual Fund (CA),"Barings Capital Solutions Perpetual Fund (CA), L.P.",N/A Barings Capital Solutions Perpetual Fund GP LLC,Promoter,N/A Barings Capital Solutions Perpetual Fund GP LLC (Promoter),not_checked,Not checked,Emerging Fund,new_filer,2023,$0,$150M,2026-06-24,Pooled Investment Fund - Other Investment Fund,CHARLOTTE,NC,0002036129-26-000001,https://www.sec.gov/Archives/edgar/data/2036129/000203612926000001/0002036129-26-000001-index.htm,https://www.linkedin.com/search/results/people/?keywords=N%2FA+Barings+Capital+Solutions+Perpetual+Fund+GP+LLC+Barings+Capital+Solutions+Perpetual+Fund+%28CA%29,https://www.linkedin.com/search/results/companies/?keywords=Barings+Capital+Solutions+Perpetual+Fund+%28CA%29,https://www.google.com/search?q=%22Barings+Capital+Solutions+Perpetual+Fund+%28CA%29%22+venture+capital
3,ambiguous_vc_signal,no explicit VC category or strong pooled-fund VC name signal,"Research operating firm, decision-maker, launch evidence, and public presence before rejecting.",Barings Capital Solutions Perpetual Fund (DE),"Barings Capital Solutions Perpetual Fund (DE), L.P.",N/A Barings Capital Solutions Perpetual Fund GP LLC,Promoter,N/A Barings Capital Solutions Perpetual Fund GP LLC (Promoter),not_checked,Not checked,Emerging Fund,new_filer,2023,$0,$256M,2026-06-24,Pooled Investment Fund - Other Investment Fund,CHARLOTTE,NC,0002036123-26-000001,https://www.sec.gov/Archives/edgar/data/2036123/000203612326000001/0002036123-26-000001-index.htm,https://www.linkedin.com/search/results/people/?keywords=N%2FA+Barings+Capital+Solutions+Perpetual+Fund+GP+LLC+Barings+Capital+Solutions+Perpetual+Fund+%28DE%29,https://www.linkedin.com/search/results/companies/?keywords=Barings+Capital+Solutions+Perpetual+Fund+%28DE%29,https://www.google.com/search?q=%22Barings+Capital+Solutions+Perpetual+Fund+%28DE%29%22+venture+capital
3,ambiguous_vc_signal,no explicit VC category or strong pooled-fund VC name signal,"Research operating firm, decision-maker, launch evidence, and public presence before rejecting.",AFPC DIVERSIFIED PARTNERS III L P,AFPC DIVERSIFIED PARTNERS III L P,"Partners, Inc. Diversified",Director,"Partners, Inc. Diversified (Director); Thomas Parker (Executive Officer, Director); Heather Hale (Executive Officer)",not_checked,Not checked,Emerging Fund,new_filer,N/A,$0,$36M,2026-06-24,Pooled Investment Fund - Other Investment Fund,BRENTWOOD,TN,0001143770-26-000004,https://www.sec.gov/Archives/edgar/data/1143770/000114377026000004/0001143770-26-000004-index.htm,https://www.linkedin.com/search/results/people/?keywords=Partners%2C+Inc.+Diversified+AFPC+DIVERSIFIED+PARTNERS+III+L+P,https://www.linkedin.com/search/results/companies/?keywords=AFPC+DIVERSIFIED+PARTNERS+III+L+P,https://www.google.com/search?q=%22AFPC+DIVERSIFIED+PARTNERS+III+L+P%22+venture+capital
3,ambiguous_vc_signal,no explicit VC category or strong pooled-fund VC name signal,"Research operating firm, decision-maker, launch evidence, and public presence before rejecting.",AFPC DIVERSIFIED PARTNERS II L P,AFPC DIVERSIFIED PARTNERS II L P,"Partners, Inc. Diversified",Director,"Partners, Inc. Diversified (Director); Thomas Parker (Executive Officer, Director); Heather Hale (Executive Officer)",not_checked,Not checked,Emerging Fund,new_filer,N/A,$0,$50M,2026-06-24,Pooled Investment Fund - Other Investment Fund,BRENTWOOD,TN,0000947486-26-000005,https://www.sec.gov/Archives/edgar/data/947486/000094748626000005/0000947486-26-000005-index.htm,https://www.linkedin.com/search/results/people/?keywords=Partners%2C+Inc.+Diversified+AFPC+DIVERSIFIED+PARTNERS+II+L+P,https://www.linkedin.com/search/results/companies/?keywords=AFPC+DIVERSIFIED+PARTNERS+II+L+P,https://www.google.com/search?q=%22AFPC+DIVERSIFIED+PARTNERS+II+L+P%22+venture+capital
3,ambiguous_vc_signal,no explicit VC category or strong pooled-fund VC name signal,"Research operating firm, decision-maker, launch evidence, and public presence before rejecting.",AFPC DIVERSIFIED PARTNERS L P,AFPC DIVERSIFIED PARTNERS L P,"Partners, Inc. Diversified",Director,"Partners, Inc. Diversified (Director); Thomas Parker (Executive Officer, Director); Heather Hale (Executive Officer)",not_checked,Not checked,Emerging Fund,new_filer,N/A,$0,$70M,2026-06-24,Pooled Investment Fund - Other Investment Fund,BRENTWOOD,TN,0000911283-26-000005,https://www.sec.gov/Archives/edgar/data/911283/000091128326000005/0000911283-26-000005-index.htm,https://www.linkedin.com/search/results/people/?keywords=Partners%2C+Inc.+Diversified+AFPC+DIVERSIFIED+PARTNERS+L+P,https://www.linkedin.com/search/results/companies/?keywords=AFPC+DIVERSIFIED+PARTNERS+L+P,https://www.google.com/search?q=%22AFPC+DIVERSIFIED+PARTNERS+L+P%22+venture+capital
3,ambiguous_vc_signal,no explicit VC category or strong pooled-fund VC name signal,"Research operating firm, decision-maker, launch evidence, and public presence before rejecting.",Templeton & Phillips Partners Fund,"Templeton & Phillips Partners Fund, LLC",Scott Phillips,"Executive Officer, Promoter","Scott Phillips (Executive Officer, Promoter); Lauren Templeton (Executive Officer, Promoter)",not_checked,Not checked,Emerging Fund,new_filer,N/A,$0,$30M,2026-06-24,Pooled Investment Fund - Other Investment Fund,LOOKOUT MOUNTAIN,TN,0001398344-26-011191,https://www.sec.gov/Archives/edgar/data/1816463/000139834426011191/0001398344-26-011191-index.htm,https://www.linkedin.com/search/results/people/?keywords=Scott+Phillips+Templeton+%26+Phillips+Partners+Fund,https://www.linkedin.com/search/results/companies/?keywords=Templeton+%26+Phillips+Partners+Fund,https://www.google.com/search?q=%22Templeton+%26+Phillips+Partners+Fund%22+venture+capital
3,ambiguous_vc_signal,no explicit VC category or strong pooled-fund VC name signal,"Research operating firm, decision-maker, launch evidence, and public presence before rejecting.",Clever Capital Fund,"Clever Capital Fund, LLC",Bryant Aplass,Executive Officer,Bryant Aplass (Executive Officer); Cody Sperber (Executive Officer),not_checked,Not checked,Emerging Fund,new_filer,2024,$50M,$3M,2026-06-24,Investing - Unknown,TEMPE,AZ,0002027995-26-000003,https://www.sec.gov/Archives/edgar/data/2027995/000202799526000003/0002027995-26-000003-index.htm,https://www.linkedin.com/search/results/people/?keywords=Bryant+Aplass+Clever+Capital+Fund,https://www.linkedin.com/search/results/companies/?keywords=Clever+Capital+Fund,https://www.google.com/search?q=%22Clever+Capital+Fund%22+venture+capital
3,older_issuer_review,issuer formed outside the broad emerging-manager window,Check whether a newer operating brand exists despite older legal issuer.,Aurum VP,Aurum VP Fund I L.P.,Finally Fund Admin LLC,Director,Finally Fund Admin LLC (Director); Melissa Garlough (Executive Officer); Narasimham Ayyagari (Executive Officer),not_checked,Not checked,Fund I,new_filer,2022,$0,$7M,2026-06-25,Pooled Investment Fund - Venture Capital Fund,PLEASANTON,CA,0002085102-26-000002,https://www.sec.gov/Archives/edgar/data/2085102/000208510226000002/0002085102-26-000002-index.htm,https://www.linkedin.com/search/results/people/?keywords=Finally+Fund+Admin+LLC+Aurum+VP,https://www.linkedin.com/search/results/companies/?keywords=Aurum+VP,https://www.google.com/search?q=%22Aurum+VP%22+venture+capital
3,ambiguous_vc_signal,no explicit VC category or strong pooled-fund VC name signal,"Research operating firm, decision-maker, launch evidence, and public presence before rejecting.",New Circle Capital Solutions,"New Circle Capital Solutions, LP","N/A NCCS GP, LLC",Promoter,"N/A NCCS GP, LLC (Promoter); Osman Ahmed (Executive Officer); BJ Arnold (Executive Officer)",not_checked,Not checked,Emerging Fund,new_filer,2026,$0,$0,2026-06-25,Pooled Investment Fund - Other Investment Fund,NEW YORK,NY,0002140207-26-000003,https://www.sec.gov/Archives/edgar/data/2140207/000214020726000003/0002140207-26-000003-index.htm,https://www.linkedin.com/search/results/people/?keywords=N%2FA+NCCS+GP%2C+LLC+New+Circle+Capital+Solutions,https://www.linkedin.com/search/results/companies/?keywords=New+Circle+Capital+Solutions,https://www.google.com/search?q=%22New+Circle+Capital+Solutions%22+venture+capital
3,ambiguous_vc_signal,no explicit VC category or strong pooled-fund VC name signal,"Research operating firm, decision-maker, launch evidence, and public presence before rejecting.",New Frontiers Capital Partners,"New Frontiers Capital Partners, LP","N/A New Frontiers Capital Partners GP, LLC",Executive Officer,"N/A New Frontiers Capital Partners GP, LLC (Executive Officer); N/A New Frontiers Capital Management, LLC (Executive Officer)",not_checked,Not checked,Emerging Fund,new_filer,2023,$0,$2M,2026-06-25,Pooled Investment Fund - Other Investment Fund,NEW YORK,NY,0002019445-26-000001,https://www.sec.gov/Archives/edgar/data/2019445/000201944526000001/0002019445-26-000001-index.htm,https://www.linkedin.com/search/results/people/?keywords=N%2FA+New+Frontiers+Capital+Partners+GP%2C+LLC+New+Frontiers+Capital+Partners,https://www.linkedin.com/search/results/companies/?keywords=New+Frontiers+Capital+Partners,https://www.google.com/search?q=%22New+Frontiers+Capital+Partners%22+venture+capital
3,ambiguous_vc_signal,no explicit VC category or strong pooled-fund VC name signal,"Research operating firm, decision-maker, launch evidence, and public presence before rejecting.",CG Partners Limited Partnership,CG Partners Limited Partnership,General Partner CG Partners,GP) Inc. (Promoter,General Partner CG Partners (GP) Inc. (Promoter),not_checked,Not checked,Emerging Fund,new_filer,2024,$0,$108M,2026-06-25,Pooled Investment Fund - Other Investment Fund,TORONTO,A6,0001470831-26-000653,https://www.sec.gov/Archives/edgar/data/2029600/000147083126000653/0001470831-26-000653-index.htm,https://www.linkedin.com/search/results/people/?keywords=General+Partner+CG+Partners+CG+Partners+Limited+Partnership,https://www.linkedin.com/search/results/companies/?keywords=CG+Partners+Limited+Partnership,https://www.google.com/search?q=%22CG+Partners+Limited+Partnership%22+venture+capital
3,older_issuer_review,issuer formed outside the broad emerging-manager window,Check whether a newer operating brand exists despite older legal issuer.,New Era Ventures ApS,New Era Ventures ApS,Rasmus Schultz,Executive Officer,Rasmus Schultz (Executive Officer); Hanghoj Spurre (Executive Officer),not_checked,Not checked,Emerging Fund,first_filer,2021,"$120,000","$120,000",2026-06-26,Pooled Investment Fund - Venture Capital Fund,COPENHAGEN,G7,0002142426-26-000003,https://www.sec.gov/Archives/edgar/data/2142426/000214242626000003/0002142426-26-000003-index.htm,https://www.linkedin.com/search/results/people/?keywords=Rasmus+Schultz+New+Era+Ventures+ApS,https://www.linkedin.com/search/results/companies/?keywords=New+Era+Ventures+ApS,https://www.google.com/search?q=%22New+Era+Ventures+ApS%22+venture+capital
3,ambiguous_vc_signal,no explicit VC category or strong pooled-fund VC name signal,"Research operating firm, decision-maker, launch evidence, and public presence before rejecting.",FIAM Select Emerging Markets Equity Fund,"FIAM Select Emerging Markets Equity Fund, LP","N/A FIAM Institutional Funds Manager, LLC","Executive Officer, Promoter","N/A FIAM Institutional Funds Manager, LLC (Executive Officer, Promoter); Risteard Hogan (Executive Officer, Director); Casey Condron (Executive Officer); Laura Del Prato (Executive Officer, Director); Thomas Vercillo (Executive Officer); Joseph Benedetti (Executive Officer)",not_checked,Not checked,Emerging Fund,new_filer,N/A,$0,$716M,2026-06-26,Pooled Investment Fund - Other Investment Fund,SMITHFIELD,RI,0001559070-26-000004,https://www.sec.gov/Archives/edgar/data/1559070/000155907026000004/0001559070-26-000004-index.htm,https://www.linkedin.com/search/results/people/?keywords=N%2FA+FIAM+Institutional+Funds+Manager%2C+LLC+FIAM+Select+Emerging+Markets+Equity+Fund,https://www.linkedin.com/search/results/companies/?keywords=FIAM+Select+Emerging+Markets+Equity+Fund,https://www.google.com/search?q=%22FIAM+Select+Emerging+Markets+Equity+Fund%22+venture+capital
3,ambiguous_vc_signal,no explicit VC category or strong pooled-fund VC name signal,"Research operating firm, decision-maker, launch evidence, and public presence before rejecting.","Condire Resource Offshore Partners, Ltd.","Condire Resource Offshore Partners, Ltd.","n/a Condire Management, LP",Executive Officer,"n/a Condire Management, LP (Executive Officer); Ryan Schedler (Executive Officer, Director); Bradley Shisler (Executive Officer, Director); Ted Seides (Director); n/a Condire Management GP Holdings, LLC (Executive Officer)",not_checked,Not checked,Emerging Fund,new_filer,N/A,$0,$43M,2026-06-26,Pooled Investment Fund - Other Investment Fund,GRAND CAYMAN,E9,0001744094-26-000003,https://www.sec.gov/Archives/edgar/data/1744094/000174409426000003/0001744094-26-000003-index.htm,https://www.linkedin.com/search/results/people/?keywords=n%2Fa+Condire+Management%2C+LP+Condire+Resource+Offshore+Partners%2C+Ltd.,https://www.linkedin.com/search/results/companies/?keywords=Condire+Resource+Offshore+Partners%2C+Ltd.,https://www.google.com/search?q=%22Condire+Resource+Offshore+Partners%2C+Ltd.%22+venture+capital
3,ambiguous_vc_signal,no explicit VC category or strong pooled-fund VC name signal,"Research operating firm, decision-maker, launch evidence, and public presence before rejecting.",Condire Resource Partners,"Condire Resource Partners, LP","n/a Condire Investors, LLC",Director,"n/a Condire Investors, LLC (Director); n/a Condire Management, LP (Executive Officer); Ryan Schedler (Executive Officer); Bradley Shisler (Executive Officer); n/a Condire Management GP Holdings, LLC (Executive Officer)",not_checked,Not checked,Emerging Fund,new_filer,N/A,$0,$747M,2026-06-26,Pooled Investment Fund - Other Investment Fund,DALLAS,TX,0001554471-26-000001,https://www.sec.gov/Archives/edgar/data/1554471/000155447126000001/0001554471-26-000001-index.htm,https://www.linkedin.com/search/results/people/?keywords=n%2Fa+Condire+Investors%2C+LLC+Condire+Resource+Partners,https://www.linkedin.com/search/results/companies/?keywords=Condire+Resource+Partners,https://www.google.com/search?q=%22Condire+Resource+Partners%22+venture+capital
3,ambiguous_vc_signal,no explicit VC category or strong pooled-fund VC name signal,"Research operating firm, decision-maker, launch evidence, and public presence before rejecting.",LCG Structured Capital Solutions - Lot Development 3,"LCG Structured Capital Solutions - Lot Development 3, LP","N/A LCG Lot Development 3 GP, LLC",Executive Officer,"N/A LCG Lot Development 3 GP, LLC (Executive Officer); N/A LotCo Group, LP (Promoter); Christian Leone (Promoter)",not_checked,Not checked,Emerging Fund,new_filer,2024,$200M,$66M,2026-06-26,Pooled Investment Fund - Other Investment Fund,NEW YORK,NY,0001013594-26-000692,https://www.sec.gov/Archives/edgar/data/2027741/000101359426000692/0001013594-26-000692-index.htm,https://www.linkedin.com/search/results/people/?keywords=N%2FA+LCG+Lot+Development+3+GP%2C+LLC+LCG+Structured+Capital+Solutions+-+Lot+Development+3,https://www.linkedin.com/search/results/companies/?keywords=LCG+Structured+Capital+Solutions+-+Lot+Development+3,https://www.google.com/search?q=%22LCG+Structured+Capital+Solutions+-+Lot+Development+3%22+venture+capital
3,ambiguous_vc_signal,no explicit VC category or strong pooled-fund VC name signal,"Research operating firm, decision-maker, launch evidence, and public presence before rejecting.",LCG Structured Capital Solutions - Lot Development 3 Investor,"LCG Structured Capital Solutions - Lot Development 3 Investor, LP","N/A LCG Lot Development 3 GP, LLC",Executive Officer,"N/A LCG Lot Development 3 GP, LLC (Executive Officer); N/A LotCo Group, LLC (Promoter); Christian Leone (Promoter)",not_checked,Not checked,Emerging Fund,new_filer,2024,$200M,$14M,2026-06-26,Pooled Investment Fund - Other Investment Fund,NEW YORK,NY,0001013594-26-000691,https://www.sec.gov/Archives/edgar/data/2027742/000101359426000691/0001013594-26-000691-index.htm,https://www.linkedin.com/search/results/people/?keywords=N%2FA+LCG+Lot+Development+3+GP%2C+LLC+LCG+Structured+Capital+Solutions+-+Lot+Development+3+Investor,https://www.linkedin.com/search/results/companies/?keywords=LCG+Structured+Capital+Solutions+-+Lot+Development+3+Investor,https://www.google.com/search?q=%22LCG+Structured+Capital+Solutions+-+Lot+Development+3+Investor%22+venture+capital
3,ambiguous_vc_signal,no explicit VC category or strong pooled-fund VC name signal,"Research operating firm, decision-maker, launch evidence, and public presence before rejecting.",Mansby Capital Income Fund,"Mansby Capital Income Fund, LP",Max Kozower,"Executive Officer, Promoter","Max Kozower (Executive Officer, Promoter); n/a MANSBY CAPITAL, LLC (Promoter); Simon Balaj (Executive Officer)",not_checked,Not checked,Emerging Fund,new_filer,2022,$0,$21M,2026-06-26,Pooled Investment Fund - Other Investment Fund,NEW YORK,NY,0001928803-26-000001,https://www.sec.gov/Archives/edgar/data/1928803/000192880326000001/0001928803-26-000001-index.htm,https://www.linkedin.com/search/results/people/?keywords=Max+Kozower+Mansby+Capital+Income+Fund,https://www.linkedin.com/search/results/companies/?keywords=Mansby+Capital+Income+Fund,https://www.google.com/search?q=%22Mansby+Capital+Income+Fund%22+venture+capital
3,ambiguous_vc_signal,no explicit VC category or strong pooled-fund VC name signal,"Research operating firm, decision-maker, launch evidence, and public presence before rejecting.",Lord Abbett Committed Capital Management - Custom Liquidity Credit Trust,Lord Abbett Committed Capital Management - Custom Liquidity Credit Trust,n/a Lord Abbett Distributor,Promoter,n/a Lord Abbett Distributor (Promoter),not_checked,Not checked,Emerging Fund,new_filer,2024,$0,$220M,2026-06-26,Pooled Investment Fund - Other Investment Fund,JERSEY CITY,NJ,0002033074-26-000002,https://www.sec.gov/Archives/edgar/data/2033074/000203307426000002/0002033074-26-000002-index.htm,https://www.linkedin.com/search/results/people/?keywords=n%2Fa+Lord+Abbett+Distributor+Lord+Abbett+Committed+Capital+Management+-+Custom+Liquidity+Credit+Trust,https://www.linkedin.com/search/results/companies/?keywords=Lord+Abbett+Committed+Capital+Management+-+Custom+Liquidity+Credit+Trust,https://www.google.com/search?q=%22Lord+Abbett+Committed+Capital+Management+-+Custom+Liquidity+Credit+Trust%22+venture+capital
3,older_issuer_review,issuer formed outside the broad emerging-manager window,Check whether a newer operating brand exists despite older legal issuer.,ARK Venture Fund Holdings,ARK Venture Fund Holdings LLC,N/A ARK Investment Management LLC,Promoter,N/A ARK Investment Management LLC (Promoter); Catherine Wood (Executive Officer); Kellen Carter (Executive Officer); Mark Keller (Executive Officer); Thomas Staudt (Executive Officer); Paul Wilson (Executive Officer),not_checked,Not checked,Emerging Fund,new_filer,2022,$0,$5M,2026-06-29,Pooled Investment Fund - Other Investment Fund,ST. PETERSBURG,FL,0001952209-26-000001,https://www.sec.gov/Archives/edgar/data/1952209/000195220926000001/0001952209-26-000001-index.htm,https://www.linkedin.com/search/results/people/?keywords=N%2FA+ARK+Investment+Management+LLC+ARK+Venture+Fund+Holdings,https://www.linkedin.com/search/results/companies/?keywords=ARK+Venture+Fund+Holdings,https://www.google.com/search?q=%22ARK+Venture+Fund+Holdings%22+venture+capital
3,ambiguous_vc_signal,no explicit VC category or strong pooled-fund VC name signal,"Research operating firm, decision-maker, launch evidence, and public presence before rejecting.",Trinity Capital SBIC,Trinity Capital SBIC LP,Kyle Brown,Executive Officer,"Kyle Brown (Executive Officer); Trinity SBIC GP, LLC (Executive Officer); Trinity Capital Adviser LLC (Promoter); Gerald Harder (Executive Officer); Ronald Kundich (Executive Officer); Clay Dumas (Director); Samuel Romer (Director); Ian Pearce (Director)",not_checked,Not checked,Emerging Fund,new_filer,2025,$0,$74M,2026-06-30,Pooled Investment Fund - Other Investment Fund,PHOENIX,AZ,0002116497-26-000002,https://www.sec.gov/Archives/edgar/data/2116497/000211649726000002/0002116497-26-000002-index.htm,https://www.linkedin.com/search/results/people/?keywords=Kyle+Brown+Trinity+Capital+SBIC,https://www.linkedin.com/search/results/companies/?keywords=Trinity+Capital+SBIC,https://www.google.com/search?q=%22Trinity+Capital+SBIC%22+venture+capital
3,ambiguous_vc_signal,no explicit VC category or strong pooled-fund VC name signal,"Research operating firm, decision-maker, launch evidence, and public presence before rejecting.",Barings Global Emerging Markets Equity Fund,Barings Global Emerging Markets Equity Fund,Managing Member Barings LLC,Promoter,"Managing Member Barings LLC (Promoter); Investment Manager Baring International Investment Limited (Promoter); Lewis Foster (Executive Officer, Director)",not_checked,Not checked,Emerging Fund,new_filer,N/A,$0,$11M,2026-06-30,Pooled Investment Fund - Other Investment Fund,CHARLOTTE,NC,0001822225-26-000003,https://www.sec.gov/Archives/edgar/data/1822225/000182222526000003/0001822225-26-000003-index.htm,https://www.linkedin.com/search/results/people/?keywords=Managing+Member+Barings+LLC+Barings+Global+Emerging+Markets+Equity+Fund,https://www.linkedin.com/search/results/companies/?keywords=Barings+Global+Emerging+Markets+Equity+Fund,https://www.google.com/search?q=%22Barings+Global+Emerging+Markets+Equity+Fund%22+venture+capital
3,ambiguous_vc_signal,no explicit VC category or strong pooled-fund VC name signal,"Research operating firm, decision-maker, launch evidence, and public presence before rejecting.",Cahaba Partners Equity Plus Fund,Cahaba Partners Equity Plus Fund,Global Trust Company,"Director, Promoter","Global Trust Company (Director, Promoter); Highland Associates, Inc. (Promoter)",not_checked,Not checked,Emerging Fund,new_filer,N/A,$0,$841M,2026-06-30,Pooled Investment Fund - Other Investment Fund,WOBURN,MA,0001753556-26-000002,https://www.sec.gov/Archives/edgar/data/1753556/000175355626000002/0001753556-26-000002-index.htm,https://www.linkedin.com/search/results/people/?keywords=Global+Trust+Company+Cahaba+Partners+Equity+Plus+Fund,https://www.linkedin.com/search/results/companies/?keywords=Cahaba+Partners+Equity+Plus+Fund,https://www.google.com/search?q=%22Cahaba+Partners+Equity+Plus+Fund%22+venture+capital
3,ambiguous_vc_signal,no explicit VC category or strong pooled-fund VC name signal,"Research operating firm, decision-maker, launch evidence, and public presence before rejecting.",Monroe Capital Income Plus Corp,Monroe Capital Income Plus Corp,Theodore Koenig,"Executive Officer, Director","Theodore Koenig (Executive Officer, Director); Lewis Solimene (Executive Officer); Russel Miron (Director); Roger Schoenfeld (Director); Thomas Allison (Director); Ronald Holinsky (Executive Officer)",not_checked,Not checked,Emerging Fund,new_filer,N/A,$0,$3054M,2026-06-30,Pooled Investment Fund - Other Investment Fund,CHICAGO,IL,0001742313-26-000036,https://www.sec.gov/Archives/edgar/data/1742313/000174231326000036/0001742313-26-000036-index.htm,https://www.linkedin.com/search/results/people/?keywords=Theodore+Koenig+Monroe+Capital+Income+Plus+Corp,https://www.linkedin.com/search/results/companies/?keywords=Monroe+Capital+Income+Plus+Corp,https://www.google.com/search?q=%22Monroe+Capital+Income+Plus+Corp%22+venture+capital
3,ambiguous_vc_signal,no explicit VC category or strong pooled-fund VC name signal,"Research operating firm, decision-maker, launch evidence, and public presence before rejecting.",Cahaba Partners Total Return Fund,Cahaba Partners Total Return Fund,Global Trust Company,Director,"Global Trust Company (Director); Highland Associates, Inc. (Promoter)",not_checked,Not checked,Emerging Fund,new_filer,N/A,$0,$0,2026-06-30,Pooled Investment Fund - Other Investment Fund,WOBURN,MA,0001669127-26-000002,https://www.sec.gov/Archives/edgar/data/1669127/000166912726000002/0001669127-26-000002-index.htm,https://www.linkedin.com/search/results/people/?keywords=Global+Trust+Company+Cahaba+Partners+Total+Return+Fund,https://www.linkedin.com/search/results/companies/?keywords=Cahaba+Partners+Total+Return+Fund,https://www.google.com/search?q=%22Cahaba+Partners+Total+Return+Fund%22+venture+capital
3,ambiguous_vc_signal,no explicit VC category or strong pooled-fund VC name signal,"Research operating firm, decision-maker, launch evidence, and public presence before rejecting.",Cahaba Partners Public Inflation Hedges Fund,Cahaba Partners Public Inflation Hedges Fund,Global Trust Company,Director,"Global Trust Company (Director); Highland Associates, Inc. (Promoter)",not_checked,Not checked,Emerging Fund,new_filer,N/A,$0,$179M,2026-06-30,Pooled Investment Fund - Other Investment Fund,WOBURN,MA,0001650772-26-000002,https://www.sec.gov/Archives/edgar/data/1650772/000165077226000002/0001650772-26-000002-index.htm,https://www.linkedin.com/search/results/people/?keywords=Global+Trust+Company+Cahaba+Partners+Public+Inflation+Hedges+Fund,https://www.linkedin.com/search/results/companies/?keywords=Cahaba+Partners+Public+Inflation+Hedges+Fund,https://www.google.com/search?q=%22Cahaba+Partners+Public+Inflation+Hedges+Fund%22+venture+capital
3,ambiguous_vc_signal,no explicit VC category or strong pooled-fund VC name signal,"Research operating firm, decision-maker, launch evidence, and public presence before rejecting.",Cahaba Partners Core Fixed Income Fund,Cahaba Partners Core Fixed Income Fund,Global Trust Company,Director,"Global Trust Company (Director); Highland Associates, Inc. (Promoter)",not_checked,Not checked,Emerging Fund,new_filer,N/A,$0,$453M,2026-06-30,Pooled Investment Fund - Other Investment Fund,WOBURN,MA,0001650769-26-000002,https://www.sec.gov/Archives/edgar/data/1650769/000165076926000002/0001650769-26-000002-index.htm,https://www.linkedin.com/search/results/people/?keywords=Global+Trust+Company+Cahaba+Partners+Core+Fixed+Income+Fund,https://www.linkedin.com/search/results/companies/?keywords=Cahaba+Partners+Core+Fixed+Income+Fund,https://www.google.com/search?q=%22Cahaba+Partners+Core+Fixed+Income+Fund%22+venture+capital
3,ambiguous_vc_signal,no explicit VC category or strong pooled-fund VC name signal,"Research operating firm, decision-maker, launch evidence, and public presence before rejecting.",Barings Emerging Markets Debt Blended Total Return Fund,Barings Emerging Markets Debt Blended Total Return Fund,Managing Member Barings LLC,Promoter,"Managing Member Barings LLC (Promoter); Investment Manager Barings International Investment Limited (Promoter); Lewis Foster (Executive Officer, Director)",not_checked,Not checked,Emerging Fund,new_filer,2021,$0,$362M,2026-06-30,Pooled Investment Fund - Other Investment Fund,CHARLOTTE,NC,0001903879-26-000003,https://www.sec.gov/Archives/edgar/data/1903879/000190387926000003/0001903879-26-000003-index.htm,https://www.linkedin.com/search/results/people/?keywords=Managing+Member+Barings+LLC+Barings+Emerging+Markets+Debt+Blended+Total+Return+Fund,https://www.linkedin.com/search/results/companies/?keywords=Barings+Emerging+Markets+Debt+Blended+Total+Return+Fund,https://www.google.com/search?q=%22Barings+Emerging+Markets+Debt+Blended+Total+Return+Fund%22+venture+capital
3,older_issuer_review,issuer formed outside the broad emerging-manager window,Check whether a newer operating brand exists despite older legal issuer.,Suncoast Ventures,"Suncoast Ventures Fund I, LP",Genevieve Vaschetto,"Executive Officer, Director","Genevieve Vaschetto (Executive Officer, Director); Suncoast Ventures GP, LLC (Executive Officer); Suncoast Ventures Management, LLC (Executive Officer)",not_checked,Not checked,Fund I,new_filer,2021,$15M,$4M,2026-07-01,Pooled Investment Fund - Venture Capital Fund,Walnut Creek,CA,0001901959-26-000001,https://www.sec.gov/Archives/edgar/data/1901959/000190195926000001/0001901959-26-000001-index.htm,https://www.linkedin.com/search/results/people/?keywords=Genevieve+Vaschetto+Suncoast+Ventures,https://www.linkedin.com/search/results/companies/?keywords=Suncoast+Ventures,https://www.google.com/search?q=%22Suncoast+Ventures%22+venture+capital
3,ambiguous_vc_signal,no explicit VC category or strong pooled-fund VC name signal,"Research operating firm, decision-maker, launch evidence, and public presence before rejecting.",NS Partners Trust,"NS Partners Emerging Markets Equity Fund, a Series of NS Partners Trust",n/a NS Partners Ltd,Executive Officer,n/a NS Partners Ltd (Executive Officer); n/a The Northern Trust Company of Delaware (Director); n/a The Northern Trust Company (Director); Timothy Bray (Director),not_checked,Not checked,Emerging Fund,new_filer,N/A,$0,$883M,2026-07-07,Pooled Investment Fund - Other Investment Fund,London,X0,0000905148-26-003177,https://www.sec.gov/Archives/edgar/data/1668894/000090514826003177/0000905148-26-003177-index.htm,https://www.linkedin.com/search/results/people/?keywords=n%2Fa+NS+Partners+Ltd+NS+Partners+Trust,https://www.linkedin.com/search/results/companies/?keywords=NS+Partners+Trust,https://www.google.com/search?q=%22NS+Partners+Trust%22+venture+capital
3,ambiguous_vc_signal,no explicit VC category or strong pooled-fund VC name signal,"Research operating firm, decision-maker, launch evidence, and public presence before rejecting.",OC Fusion Partners,"OC Fusion Partners, LLC","N/A OC Fusion Partners GP, LLC",Director,"N/A OC Fusion Partners GP, LLC (Director); Chadd Evans (Director)",not_checked,Not checked,Emerging Fund,new_filer,2025,$15M,$7M,2026-07-07,Other - Unknown,ALPHARETTA,GA,0000914062-26-000045,https://www.sec.gov/Archives/edgar/data/2066236/000091406226000045/0000914062-26-000045-index.htm,https://www.linkedin.com/search/results/people/?keywords=N%2FA+OC+Fusion+Partners+GP%2C+LLC+OC+Fusion+Partners,https://www.linkedin.com/search/results/companies/?keywords=OC+Fusion+Partners,https://www.google.com/search?q=%22OC+Fusion+Partners%22+venture+capital
3,older_issuer_review,issuer formed outside the broad emerging-manager window,Check whether a newer operating brand exists despite older legal issuer.,Blu Venture Investors Core,"BVI Core Q32021-6 Series, a Series of Blu Venture Investors Core, LLC","N/A Blu Venture Management, LLC",Executive Officer,"N/A Blu Venture Management, LLC (Executive Officer); Pawan Malhotra (Executive Officer); J.S. Gamble (Executive Officer); Eric Adler (Executive Officer)",not_checked,Not checked,Emerging Fund,new_filer,2021,$0,$1M,2026-07-08,Pooled Investment Fund - Venture Capital Fund,Arlington,VA,0001888595-26-000001,https://www.sec.gov/Archives/edgar/data/1888595/000188859526000001/0001888595-26-000001-index.htm,https://www.linkedin.com/search/results/people/?keywords=N%2FA+Blu+Venture+Management%2C+LLC+Blu+Venture+Investors+Core,https://www.linkedin.com/search/results/companies/?keywords=Blu+Venture+Investors+Core,https://www.google.com/search?q=%22Blu+Venture+Investors+Core%22+venture+capital
3,older_issuer_review,issuer formed outside the broad emerging-manager window,Check whether a newer operating brand exists despite older legal issuer.,Rendered VC,"AL Fund I, a series of Rendered VC, LP","N/A Belltower Fund Group, Ltd.",Director,"N/A Belltower Fund Group, Ltd. (Director); N/A Fund GP, LLC (Director)",not_checked,Not checked,Fund I,new_filer,2022,$10M,$2M,2026-07-09,Pooled Investment Fund - Venture Capital Fund,SEATTLE,WA,0001938221-26-000002,https://www.sec.gov/Archives/edgar/data/1938221/000193822126000002/0001938221-26-000002-index.htm,https://www.linkedin.com/search/results/people/?keywords=N%2FA+Belltower+Fund+Group%2C+Ltd.+Rendered+VC,https://www.linkedin.com/search/results/companies/?keywords=Rendered+VC,https://www.google.com/search?q=%22Rendered+VC%22+venture+capital
3,ambiguous_vc_signal,no explicit VC category or strong pooled-fund VC name signal,"Research operating firm, decision-maker, launch evidence, and public presence before rejecting.",Catalur Capital Solutions Fund,"Catalur Capital Solutions Fund, LP",N/A Catalur Capital Solutions,"GP), LLC (Promoter","N/A Catalur Capital Solutions (GP), LLC (Promoter); N/A Catalur Capital Management, LP (Executive Officer); Michael Salatto (Executive Officer)",not_checked,Not checked,Emerging Fund,new_filer,2025,$72M,$54M,2026-07-09,Pooled Investment Fund - Other Investment Fund,NEW YORK,NY,0002101358-26-000001,https://www.sec.gov/Archives/edgar/data/2101358/000210135826000001/0002101358-26-000001-index.htm,https://www.linkedin.com/search/results/people/?keywords=N%2FA+Catalur+Capital+Solutions+Catalur+Capital+Solutions+Fund,https://www.linkedin.com/search/results/companies/?keywords=Catalur+Capital+Solutions+Fund,https://www.google.com/search?q=%22Catalur+Capital+Solutions+Fund%22+venture+capital
3,ambiguous_vc_signal,no explicit VC category or strong pooled-fund VC name signal,"Research operating firm, decision-maker, launch evidence, and public presence before rejecting.",Jaffa Capital Fund,"Jaffa Capital Fund, LP","N/A Jaffa GP, LLC",Director,"N/A Jaffa GP, LLC (Director); N/A Jaffa Capital Management, LLC (Executive Officer); Jack Brown (Executive Officer); Mark Zarkhin (Executive Officer)",not_checked,Not checked,Emerging Fund,new_filer,2023,$0,$197M,2026-07-09,Pooled Investment Fund - Other Investment Fund,CLIFTON,NJ,0001985135-26-000001,https://www.sec.gov/Archives/edgar/data/1985135/000198513526000001/0001985135-26-000001-index.htm,https://www.linkedin.com/search/results/people/?keywords=N%2FA+Jaffa+GP%2C+LLC+Jaffa+Capital+Fund,https://www.linkedin.com/search/results/companies/?keywords=Jaffa+Capital+Fund,https://www.google.com/search?q=%22Jaffa+Capital+Fund%22+venture+capital
3,ambiguous_vc_signal,no explicit VC category or strong pooled-fund VC name signal,"Research operating firm, decision-maker, launch evidence, and public presence before rejecting.",PX3 Partners Trajan,PX3 Partners Trajan LP,Andrew Whittaker,Director,Andrew Whittaker (Director); Jonathan Young (Director); Matthew Wood (Director); Jonathan Coates (Director),not_checked,Not checked,Emerging Fund,new_filer,2025,$0,$3M,2026-07-09,Pooled Investment Fund - Other Investment Fund,ST PETER PORT,Y7,0002075927-26-000002,https://www.sec.gov/Archives/edgar/data/2075927/000207592726000002/0002075927-26-000002-index.htm,https://www.linkedin.com/search/results/people/?keywords=Andrew+Whittaker+PX3+Partners+Trajan,https://www.linkedin.com/search/results/companies/?keywords=PX3+Partners+Trajan,https://www.google.com/search?q=%22PX3+Partners+Trajan%22+venture+capital
3,ambiguous_vc_signal,no explicit VC category or strong pooled-fund VC name signal,"Research operating firm, decision-maker, launch evidence, and public presence before rejecting.",Capital United Casa Lucera I,"Capital United Casa Lucera I, LLC","N/A CapU PR III, LLC",Director,"N/A CapU PR III, LLC (Director); Brian Fuller (Executive Officer); Bradford Stedem (Executive Officer); Tiffany Winkles (Executive Officer); Thomas Martin (Executive Officer)",not_checked,Not checked,Emerging Fund,new_filer,2026,$16M,"$500,000",2026-07-09,Other - Unknown,HILLSBORO,OR,0002139030-26-000002,https://www.sec.gov/Archives/edgar/data/2139030/000213903026000002/0002139030-26-000002-index.htm,https://www.linkedin.com/search/results/people/?keywords=N%2FA+CapU+PR+III%2C+LLC+Capital+United+Casa+Lucera+I,https://www.linkedin.com/search/results/companies/?keywords=Capital+United+Casa+Lucera+I,https://www.google.com/search?q=%22Capital+United+Casa+Lucera+I%22+venture+capital
3,ambiguous_vc_signal,no explicit VC category or strong pooled-fund VC name signal,"Research operating firm, decision-maker, launch evidence, and public presence before rejecting.",Independent Franchise Partners Global Equity,"Independent Franchise Partners Global Equity, L.P.","N/A Independent Franchise Partners GP, LLC",Promoter,"N/A Independent Franchise Partners GP, LLC (Promoter); Sandeep Ghela (Executive Officer); Scott Craven-Jones (Executive Officer); Joseph Hardiman (Executive Officer)",not_checked,Not checked,Emerging Fund,new_filer,N/A,$0,$3269M,2026-07-10,Pooled Investment Fund - Other Investment Fund,CHICAGO,IL,0001669906-26-000001,https://www.sec.gov/Archives/edgar/data/1669906/000166990626000001/0001669906-26-000001-index.htm,https://www.linkedin.com/search/results/people/?keywords=N%2FA+Independent+Franchise+Partners+GP%2C+LLC+Independent+Franchise+Partners+Global+Equity,https://www.linkedin.com/search/results/companies/?keywords=Independent+Franchise+Partners+Global+Equity,https://www.google.com/search?q=%22Independent+Franchise+Partners+Global+Equity%22+venture+capital
3,older_issuer_review,issuer formed outside the broad emerging-manager window,Check whether a newer operating brand exists despite older legal issuer.,WHC,WHC Fund I LP,Bade Aluko,"Executive Officer, Director","Bade Aluko (Executive Officer, Director); White Hibiscus Capital LLC (Executive Officer); White Hibiscus Partners LLC (Executive Officer)",not_checked,Not checked,Fund I,new_filer,2021,$5M,$1M,2026-07-13,Pooled Investment Fund - Venture Capital Fund,HOUSTON,TX,0001876050-26-000001,https://www.sec.gov/Archives/edgar/data/1876050/000187605026000001/0001876050-26-000001-index.htm,https://www.linkedin.com/search/results/people/?keywords=Bade+Aluko+WHC,https://www.linkedin.com/search/results/companies/?keywords=WHC,https://www.google.com/search?q=%22WHC%22+venture+capital
3,ambiguous_vc_signal,no explicit VC category or strong pooled-fund VC name signal,"Research operating firm, decision-maker, launch evidence, and public presence before rejecting.",SPAC Special Opportunity Fund,"SPAC Special Opportunity Fund, LP","LLC Meteora Capital GP,","Executive Officer, Director, Promoter","LLC Meteora Capital GP, (Executive Officer, Director, Promoter); Vikas Mittal (Executive Officer)",not_checked,Not checked,Emerging Fund,new_filer,2025,$11M,$11M,2026-07-15,Pooled Investment Fund - Other Investment Fund,BOCA RATON,FL,0002076946-26-000001,https://www.sec.gov/Archives/edgar/data/2076946/000207694626000001/0002076946-26-000001-index.htm,https://www.linkedin.com/search/results/people/?keywords=LLC+Meteora+Capital+GP%2C+SPAC+Special+Opportunity+Fund,https://www.linkedin.com/search/results/companies/?keywords=SPAC+Special+Opportunity+Fund,https://www.google.com/search?q=%22SPAC+Special+Opportunity+Fund%22+venture+capital
3,ambiguous_vc_signal,no explicit VC category or strong pooled-fund VC name signal,"Research operating firm, decision-maker, launch evidence, and public presence before rejecting.",Golub Capital Partners 15,"Golub Capital Partners 15, L.P.","N/A Golub Onshore GP 3, LLC",Executive Officer,"N/A Golub Onshore GP 3, LLC (Executive Officer); Lawrence Golub (Executive Officer); David Golub (Executive Officer)",not_checked,Not checked,Emerging Fund,new_filer,2022,$0,$601M,2026-07-15,Pooled Investment Fund - Other Investment Fund,CHICAGO,IL,0001960895-26-000001,https://www.sec.gov/Archives/edgar/data/1960895/000196089526000001/0001960895-26-000001-index.htm,https://www.linkedin.com/search/results/people/?keywords=N%2FA+Golub+Onshore+GP+3%2C+LLC+Golub+Capital+Partners+15,https://www.linkedin.com/search/results/companies/?keywords=Golub+Capital+Partners+15,https://www.google.com/search?q=%22Golub+Capital+Partners+15%22+venture+capital
3,ambiguous_vc_signal,no explicit VC category or strong pooled-fund VC name signal,"Research operating firm, decision-maker, launch evidence, and public presence before rejecting.",Golub Capital Partners International 15,"Golub Capital Partners International 15, L.P.","N/A Golub Offshore GP, Ltd.",Executive Officer,"N/A Golub Offshore GP, Ltd. (Executive Officer); Pierre-Olivier Lamoureux (Executive Officer); Francis Straub III (Executive Officer)",not_checked,Not checked,Emerging Fund,new_filer,2022,$0,$1978M,2026-07-15,Pooled Investment Fund - Other Investment Fund,GRAND CAYMAN,E9,0001960452-26-000002,https://www.sec.gov/Archives/edgar/data/1960452/000196045226000002/0001960452-26-000002-index.htm,https://www.linkedin.com/search/results/people/?keywords=N%2FA+Golub+Offshore+GP%2C+Ltd.+Golub+Capital+Partners+International+15,https://www.linkedin.com/search/results/companies/?keywords=Golub+Capital+Partners+International+15,https://www.google.com/search?q=%22Golub+Capital+Partners+International+15%22+venture+capital
3,ambiguous_vc_signal,no explicit VC category or strong pooled-fund VC name signal,"Research operating firm, decision-maker, launch evidence, and public presence before rejecting.",Atyant Capital India Fund-I,Atyant Capital India Fund-I,Rahul Saraogi,Executive Officer,"Rahul Saraogi (Executive Officer); Gaurav Manghnani (Director, Promoter)",not_checked,Not checked,Emerging Fund,new_filer,N/A,$0,$49M,2026-07-15,Pooled Investment Fund - Other Investment Fund,PORT LOUIS,O4,0002077844-26-000001,https://www.sec.gov/Archives/edgar/data/2077844/000207784426000001/0002077844-26-000001-index.htm,https://www.linkedin.com/search/results/people/?keywords=Rahul+Saraogi+Atyant+Capital+India+Fund-I,https://www.linkedin.com/search/results/companies/?keywords=Atyant+Capital+India+Fund-I,https://www.google.com/search?q=%22Atyant+Capital+India+Fund-I%22+venture+capital
3,ambiguous_vc_signal,no explicit VC category or strong pooled-fund VC name signal,"Research operating firm, decision-maker, launch evidence, and public presence before rejecting.",Atyant Capital India Fund-I,Atyant Capital India Fund-I LP,Rahul Saraogi,Executive Officer,"Rahul Saraogi (Executive Officer); Gaurav Manghnani (Director, Promoter)",not_checked,Not checked,Emerging Fund,new_filer,N/A,$0,$57M,2026-07-15,Pooled Investment Fund - Other Investment Fund,CORAL SPRINGS,FL,0002077843-26-000001,https://www.sec.gov/Archives/edgar/data/2077843/000207784326000001/0002077843-26-000001-index.htm,https://www.linkedin.com/search/results/people/?keywords=Rahul+Saraogi+Atyant+Capital+India+Fund-I,https://www.linkedin.com/search/results/companies/?keywords=Atyant+Capital+India+Fund-I,https://www.google.com/search?q=%22Atyant+Capital+India+Fund-I%22+venture+capital
3,ambiguous_vc_signal,no explicit VC category or strong pooled-fund VC name signal,"Research operating firm, decision-maker, launch evidence, and public presence before rejecting.",Brookfield Middle East Partners,Brookfield Middle East Partners L.P.,Gregory Morrison,"Executive Officer, Director","Gregory Morrison (Executive Officer, Director); Gregory McConnie (Executive Officer, Director); James Bodi (Director); Michelle Jacobs (Executive Officer); Terry Gittens (Executive Officer); Jane Sheere (Executive Officer)",not_checked,Not checked,Emerging Fund,new_filer,2024,$0,$1933M,2026-07-15,Pooled Investment Fund - Other Investment Fund,NEW YORK,NY,0002015763-26-000002,https://www.sec.gov/Archives/edgar/data/2015763/000201576326000002/0002015763-26-000002-index.htm,https://www.linkedin.com/search/results/people/?keywords=Gregory+Morrison+Brookfield+Middle+East+Partners,https://www.linkedin.com/search/results/companies/?keywords=Brookfield+Middle+East+Partners,https://www.google.com/search?q=%22Brookfield+Middle+East+Partners%22+venture+capital
3,ambiguous_vc_signal,no explicit VC category or strong pooled-fund VC name signal,"Research operating firm, decision-maker, launch evidence, and public presence before rejecting.",INTEGRATED CAPITAL FIBERS FUND,"INTEGRATED CAPITAL FIBERS FUND, LLC",N/A Fibers Collective,"Executive Officer, Director","N/A Fibers Collective (Executive Officer, Director); Sarah Kelley (Promoter)",not_checked,Not checked,Emerging Fund,new_filer,2024,$8M,"$700,000",2026-07-15,Other Banking and Financial Services - Unknown,WASHINGTON,DC,0002055144-26-000001,https://www.sec.gov/Archives/edgar/data/2055144/000205514426000001/0002055144-26-000001-index.htm,https://www.linkedin.com/search/results/people/?keywords=N%2FA+Fibers+Collective+INTEGRATED+CAPITAL+FIBERS+FUND,https://www.linkedin.com/search/results/companies/?keywords=INTEGRATED+CAPITAL+FIBERS+FUND,https://www.google.com/search?q=%22INTEGRATED+CAPITAL+FIBERS+FUND%22+venture+capital
3,ambiguous_vc_signal,no explicit VC category or strong pooled-fund VC name signal,"Research operating firm, decision-maker, launch evidence, and public presence before rejecting.",ASP Partners GSF 8,ASP Partners GSF 8 LP,"N/A Adams Street Partners, LLC",Director,"N/A Adams Street Partners, LLC (Director); Jeffrey Akers (Executive Officer); David Brett (Executive Officer); Sara Dasse (Executive Officer); Jeffrey Diehl (Executive Officer); Miguel Gonzalo (Executive Officer); Brijesh Jeevarathnam (Executive Officer); Michael Kurlander (Executive Officer); Eric Mansell (Executive Officer); Steven Montag (Executive Officer); Robin Murray (Executive Officer); Kevin O'Donnell (Executive Officer); Alicia Pando (Executive Officer); William Sacher (Executive Officer)",not_checked,Not checked,Emerging Fund,new_filer,2024,$0,$9M,2026-07-16,Pooled Investment Fund - Other Investment Fund,CHICAGO,IL,0001012975-26-000668,https://www.sec.gov/Archives/edgar/data/2013159/000101297526000668/0001012975-26-000668-index.htm,https://www.linkedin.com/search/results/people/?keywords=N%2FA+Adams+Street+Partners%2C+LLC+ASP+Partners+GSF+8,https://www.linkedin.com/search/results/companies/?keywords=ASP+Partners+GSF+8,https://www.google.com/search?q=%22ASP+Partners+GSF+8%22+venture+capital
3,ambiguous_vc_signal,no explicit VC category or strong pooled-fund VC name signal,"Research operating firm, decision-maker, launch evidence, and public presence before rejecting.",Vadera Capital Corp,Vadera Capital Corp,Angel Rivera,Executive Officer,Angel Rivera (Executive Officer),not_checked,Not checked,Emerging Fund,new_filer,2021,$10M,$1M,2026-07-16,Other Banking and Financial Services - Unknown,ORLANDO,FL,0002076030-26-000003,https://www.sec.gov/Archives/edgar/data/2076030/000207603026000003/0002076030-26-000003-index.htm,https://www.linkedin.com/search/results/people/?keywords=Angel+Rivera+Vadera+Capital+Corp,https://www.linkedin.com/search/results/companies/?keywords=Vadera+Capital+Corp,https://www.google.com/search?q=%22Vadera+Capital+Corp%22+venture+capital
3,ambiguous_vc_signal,no explicit VC category or strong pooled-fund VC name signal,"Research operating firm, decision-maker, launch evidence, and public presence before rejecting.",NCS GROUP TRUST GLOBAL EMERGING MARKETS FUND,NCS GROUP TRUST GLOBAL EMERGING MARKETS FUND,"n/a BNY Mellon Investment Adviser, Inc.",Promoter,"n/a BNY Mellon Investment Adviser, Inc. (Promoter); Investment Manager Walter Scott &amp; Partners Limited (Promoter)",not_checked,Not checked,Emerging Fund,new_filer,N/A,$0,$51M,2026-07-17,Pooled Investment Fund - Other Investment Fund,EDINBURGH,X0,0001566114-26-000067,https://www.sec.gov/Archives/edgar/data/1462401/000156611426000067/0001566114-26-000067-index.htm,https://www.linkedin.com/search/results/people/?keywords=n%2Fa+BNY+Mellon+Investment+Adviser%2C+Inc.+NCS+GROUP+TRUST+GLOBAL+EMERGING+MARKETS+FUND,https://www.linkedin.com/search/results/companies/?keywords=NCS+GROUP+TRUST+GLOBAL+EMERGING+MARKETS+FUND,https://www.google.com/search?q=%22NCS+GROUP+TRUST+GLOBAL+EMERGING+MARKETS+FUND%22+venture+capital
3,ambiguous_vc_signal,no explicit VC category or strong pooled-fund VC name signal,"Research operating firm, decision-maker, launch evidence, and public presence before rejecting.",Wahdy Capital,Wahdy Capital LP,Muhammad Wahdy,"Executive Officer, Director","Muhammad Wahdy (Executive Officer, Director)",not_checked,Not checked,Emerging Fund,new_filer,2024,$0,$2M,2026-07-17,Pooled Investment Fund - Other Investment Fund,SAN FRANCISCO,CA,0001814554-26-000141,https://www.sec.gov/Archives/edgar/data/2042401/000181455426000141/0001814554-26-000141-index.htm,https://www.linkedin.com/search/results/people/?keywords=Muhammad+Wahdy+Wahdy+Capital,https://www.linkedin.com/search/results/companies/?keywords=Wahdy+Capital,https://www.google.com/search?q=%22Wahdy+Capital%22+venture+capital
3,ambiguous_vc_signal,no explicit VC category or strong pooled-fund VC name signal,"Research operating firm, decision-maker, launch evidence, and public presence before rejecting.",BLAVIN CAPITAL PARTNERS,BLAVIN CAPITAL PARTNERS LLC,Justin Kasieta,Director,Justin Kasieta (Director); Jack Juliano (Director),not_checked,Not checked,Emerging Fund,new_filer,2026,$100M,$3M,2026-07-17,Investing - Unknown,BLOOMFIELD HILLS,MI,0001213900-26-079069,https://www.sec.gov/Archives/edgar/data/2129052/000121390026079069/0001213900-26-079069-index.htm,https://www.linkedin.com/search/results/people/?keywords=Justin+Kasieta+BLAVIN+CAPITAL+PARTNERS,https://www.linkedin.com/search/results/companies/?keywords=BLAVIN+CAPITAL+PARTNERS,https://www.google.com/search?q=%22BLAVIN+CAPITAL+PARTNERS%22+venture+capital
3,ambiguous_vc_signal,no explicit VC category or strong pooled-fund VC name signal,"Research operating firm, decision-maker, launch evidence, and public presence before rejecting.","Eaton Vance Emerging Markets Debt Opportunities Master Fund, Ltd.","Eaton Vance Emerging Markets Debt Opportunities Master Fund, Ltd.",N/A Eaton Vance Management,Promoter,N/A Eaton Vance Management (Promoter); N/A Boston Management and Research (Executive Officer); James Kirchner (Director); Michael Key (Director); Deidre Walsh (Executive Officer),not_checked,Not checked,Emerging Fund,new_filer,N/A,$0,$776M,2026-07-17,Pooled Investment Fund - Other Investment Fund,BOSTON,MA,0000945621-26-000931,https://www.sec.gov/Archives/edgar/data/1815118/000094562126000931/0000945621-26-000931-index.htm,https://www.linkedin.com/search/results/people/?keywords=N%2FA+Eaton+Vance+Management+Eaton+Vance+Emerging+Markets+Debt+Opportunities+Master+Fund%2C+Ltd.,https://www.linkedin.com/search/results/companies/?keywords=Eaton+Vance+Emerging+Markets+Debt+Opportunities+Master+Fund%2C+Ltd.,https://www.google.com/search?q=%22Eaton+Vance+Emerging+Markets+Debt+Opportunities+Master+Fund%2C+Ltd.%22+venture+capital
3,ambiguous_vc_signal,no explicit VC category or strong pooled-fund VC name signal,"Research operating firm, decision-maker, launch evidence, and public presence before rejecting.",Crazy Happy Capital,Crazy Happy Capital LLC,Aaron Thomas,Executive Officer,Aaron Thomas (Executive Officer),not_checked,Not checked,Emerging Fund,new_filer,2025,$4M,$2M,2026-07-20,Pooled Investment Fund - Other Investment Fund,TULSA,OK,0002079020-26-000001,https://www.sec.gov/Archives/edgar/data/2079020/000207902026000001/0002079020-26-000001-index.htm,https://www.linkedin.com/search/results/people/?keywords=Aaron+Thomas+Crazy+Happy+Capital,https://www.linkedin.com/search/results/companies/?keywords=Crazy+Happy+Capital,https://www.google.com/search?q=%22Crazy+Happy+Capital%22+venture+capital
3,ambiguous_vc_signal,no explicit VC category or strong pooled-fund VC name signal,"Research operating firm, decision-maker, launch evidence, and public presence before rejecting.",Horizon Inclusive Growth Partners I Employee Fund,"Horizon Inclusive Growth Partners I Employee Fund, L.P.",Michael Brandmeyer,Executive Officer,Michael Brandmeyer (Executive Officer); Harold Hope (Executive Officer),not_checked,Not checked,Emerging Fund,new_filer,2024,$0,$53M,2026-07-20,Pooled Investment Fund - Other Investment Fund,NEW YORK,NY,0002027870-26-000001,https://www.sec.gov/Archives/edgar/data/2027870/000202787026000001/0002027870-26-000001-index.htm,https://www.linkedin.com/search/results/people/?keywords=Michael+Brandmeyer+Horizon+Inclusive+Growth+Partners+I+Employee+Fund,https://www.linkedin.com/search/results/companies/?keywords=Horizon+Inclusive+Growth+Partners+I+Employee+Fund,https://www.google.com/search?q=%22Horizon+Inclusive+Growth+Partners+I+Employee+Fund%22+venture+capital
3,ambiguous_vc_signal,no explicit VC category or strong pooled-fund VC name signal,"Research operating firm, decision-maker, launch evidence, and public presence before rejecting.",Horizon Inclusive Growth Partners I Employee Offshore Fund,"Horizon Inclusive Growth Partners I Employee Offshore Fund, L.P.",Michael Brandmeyer,Executive Officer,Michael Brandmeyer (Executive Officer); Harold Hope (Executive Officer),not_checked,Not checked,Emerging Fund,new_filer,2024,$0,$13M,2026-07-20,Pooled Investment Fund - Other Investment Fund,NEW YORK,NY,0002027861-26-000001,https://www.sec.gov/Archives/edgar/data/2027861/000202786126000001/0002027861-26-000001-index.htm,https://www.linkedin.com/search/results/people/?keywords=Michael+Brandmeyer+Horizon+Inclusive+Growth+Partners+I+Employee+Offshore+Fund,https://www.linkedin.com/search/results/companies/?keywords=Horizon+Inclusive+Growth+Partners+I+Employee+Offshore+Fund,https://www.google.com/search?q=%22Horizon+Inclusive+Growth+Partners+I+Employee+Offshore+Fund%22+venture+capital
3,ambiguous_vc_signal,no explicit VC category or strong pooled-fund VC name signal,"Research operating firm, decision-maker, launch evidence, and public presence before rejecting.",West Street Capital Partners IX Employee Fund,"West Street Capital Partners IX Employee Fund, L.P.",Michael Brandmeyer,Executive Officer,Michael Brandmeyer (Executive Officer); Harold Hope (Executive Officer),not_checked,Not checked,Emerging Fund,new_filer,2024,$0,$1166M,2026-07-20,Pooled Investment Fund - Other Investment Fund,NEW YORK,NY,0002027762-26-000001,https://www.sec.gov/Archives/edgar/data/2027762/000202776226000001/0002027762-26-000001-index.htm,https://www.linkedin.com/search/results/people/?keywords=Michael+Brandmeyer+West+Street+Capital+Partners+IX+Employee+Fund,https://www.linkedin.com/search/results/companies/?keywords=West+Street+Capital+Partners+IX+Employee+Fund,https://www.google.com/search?q=%22West+Street+Capital+Partners+IX+Employee+Fund%22+venture+capital
3,ambiguous_vc_signal,no explicit VC category or strong pooled-fund VC name signal,"Research operating firm, decision-maker, launch evidence, and public presence before rejecting.",West Street Capital Partners IX Employee Offshore Fund,"West Street Capital Partners IX Employee Offshore Fund, L.P.",Michael Brandmeyer,Executive Officer,Michael Brandmeyer (Executive Officer); Harold Hope (Executive Officer),not_checked,Not checked,Emerging Fund,new_filer,2024,$0,$119M,2026-07-20,Pooled Investment Fund - Other Investment Fund,NEW YORK,NY,0002027761-26-000001,https://www.sec.gov/Archives/edgar/data/2027761/000202776126000001/0002027761-26-000001-index.htm,https://www.linkedin.com/search/results/people/?keywords=Michael+Brandmeyer+West+Street+Capital+Partners+IX+Employee+Offshore+Fund,https://www.linkedin.com/search/results/companies/?keywords=West+Street+Capital+Partners+IX+Employee+Offshore+Fund,https://www.google.com/search?q=%22West+Street+Capital+Partners+IX+Employee+Offshore+Fund%22+venture+capital
3,ambiguous_vc_signal,no explicit VC category or strong pooled-fund VC name signal,"Research operating firm, decision-maker, launch evidence, and public presence before rejecting.",West Street Capital Partners IX Employee UK Fund,"West Street Capital Partners IX Employee UK Fund, L.P.",Michael Brandmeyer,Executive Officer,Michael Brandmeyer (Executive Officer); Harold Hope (Executive Officer),not_checked,Not checked,Emerging Fund,new_filer,2024,$0,$188M,2026-07-20,Pooled Investment Fund - Other Investment Fund,NEW YORK,NY,0002027759-26-000001,https://www.sec.gov/Archives/edgar/data/2027759/000202775926000001/0002027759-26-000001-index.htm,https://www.linkedin.com/search/results/people/?keywords=Michael+Brandmeyer+West+Street+Capital+Partners+IX+Employee+UK+Fund,https://www.linkedin.com/search/results/companies/?keywords=West+Street+Capital+Partners+IX+Employee+UK+Fund,https://www.google.com/search?q=%22West+Street+Capital+Partners+IX+Employee+UK+Fund%22+venture+capital
3,ambiguous_vc_signal,no explicit VC category or strong pooled-fund VC name signal,"Research operating firm, decision-maker, launch evidence, and public presence before rejecting.",Infinitas Capital Master,Infinitas Capital SPV XXVI a series of Infinitas Capital Master LLC,Ltd Infinitas Investments,Director,"Ltd Infinitas Investments (Director); LLC Allocations Fund Administration, (Executive Officer); Richard Thoms (Executive Officer)",not_checked,Not checked,Emerging Fund,new_filer,2025,$2M,$2M,2026-07-21,Pooled Investment Fund - Other Investment Fund,Birkirkara,O1,0002099827-26-000008,https://www.sec.gov/Archives/edgar/data/2099827/000209982726000008/0002099827-26-000008-index.htm,https://www.linkedin.com/search/results/people/?keywords=Ltd+Infinitas+Investments+Infinitas+Capital+Master,https://www.linkedin.com/search/results/companies/?keywords=Infinitas+Capital+Master,https://www.google.com/search?q=%22Infinitas+Capital+Master%22+venture+capital
3,ambiguous_vc_signal,no explicit VC category or strong pooled-fund VC name signal,"Research operating firm, decision-maker, launch evidence, and public presence before rejecting.",Tyrus Capital Global Alpha Fund,"Tyrus Capital Global Alpha Fund, L.P.",N/A Tyrus Capital Global Alpha General Partner Limited,"Executive Officer, Promoter","N/A Tyrus Capital Global Alpha General Partner Limited (Executive Officer, Promoter); Antoine (Tony) Chedraoui (Director); Keith Day (Director); Hilmi Unver (Director)",not_checked,Not checked,Emerging Fund,new_filer,N/A,$0,$274M,2026-07-21,Pooled Investment Fund - Other Investment Fund,"GEORGE TOWN, GRAND CAYMAN",E9,0001315863-26-000541,https://www.sec.gov/Archives/edgar/data/1877279/000131586326000541/0001315863-26-000541-index.htm,https://www.linkedin.com/search/results/people/?keywords=N%2FA+Tyrus+Capital+Global+Alpha+General+Partner+Limited+Tyrus+Capital+Global+Alpha+Fund,https://www.linkedin.com/search/results/companies/?keywords=Tyrus+Capital+Global+Alpha+Fund,https://www.google.com/search?q=%22Tyrus+Capital+Global+Alpha+Fund%22+venture+capital
3,ambiguous_vc_signal,no explicit VC category or strong pooled-fund VC name signal,"Research operating firm, decision-maker, launch evidence, and public presence before rejecting.",Russian River Partners,"Russian River Partners, LLC",Eric Flanagan,Executive Officer,Eric Flanagan (Executive Officer),not_checked,Not checked,Emerging Fund,new_filer,N/A,$0,$17M,2026-07-21,Pooled Investment Fund - Other Investment Fund,WINDSOR,CA,0001013594-26-000751,https://www.sec.gov/Archives/edgar/data/1613338/000101359426000751/0001013594-26-000751-index.htm,https://www.linkedin.com/search/results/people/?keywords=Eric+Flanagan+Russian+River+Partners,https://www.linkedin.com/search/results/companies/?keywords=Russian+River+Partners,https://www.google.com/search?q=%22Russian+River+Partners%22+venture+capital
3,ambiguous_vc_signal,no explicit VC category or strong pooled-fund VC name signal,"Research operating firm, decision-maker, launch evidence, and public presence before rejecting.",Peak Energy Capital,Peak Energy Capital LP,N/A Peak Energy Management LLC,"Executive Officer, Director, Promoter","N/A Peak Energy Management LLC (Executive Officer, Director, Promoter)",not_checked,Not checked,Emerging Fund,new_filer,N/A,$0,$136M,2026-07-21,Pooled Investment Fund - Other Investment Fund,BRADENTON,FL,0001694447-26-000003,https://www.sec.gov/Archives/edgar/data/1694447/000169444726000003/0001694447-26-000003-index.htm,https://www.linkedin.com/search/results/people/?keywords=N%2FA+Peak+Energy+Management+LLC+Peak+Energy+Capital,https://www.linkedin.com/search/results/companies/?keywords=Peak+Energy+Capital,https://www.google.com/search?q=%22Peak+Energy+Capital%22+venture+capital
3,ambiguous_vc_signal,no explicit VC category or strong pooled-fund VC name signal,"Research operating firm, decision-maker, launch evidence, and public presence before rejecting.",Torque Share Partners,Torque Share Partners LP,NA Torque GP LLC,Executive Officer,NA Torque GP LLC (Executive Officer); NA Torque Asset Management LLC (Executive Officer); Stephanie Star (Executive Officer); James Star (Executive Officer),not_checked,Not checked,Emerging Fund,new_filer,2025,$0,$116M,2026-07-22,Pooled Investment Fund - Other Investment Fund,OMAHA,NE,0001213900-26-080186,https://www.sec.gov/Archives/edgar/data/2077840/000121390026080186/0001213900-26-080186-index.htm,https://www.linkedin.com/search/results/people/?keywords=NA+Torque+GP+LLC+Torque+Share+Partners,https://www.linkedin.com/search/results/companies/?keywords=Torque+Share+Partners,https://www.google.com/search?q=%22Torque+Share+Partners%22+venture+capital
3,ambiguous_vc_signal,no explicit VC category or strong pooled-fund VC name signal,"Research operating firm, decision-maker, launch evidence, and public presence before rejecting.",FI Institutional Group Emerging Markets Equity Fund,FI Institutional Group Emerging Markets Equity Fund,Kenneth Fisher,Promoter,Kenneth Fisher (Promoter),not_checked,Not checked,Emerging Fund,new_filer,N/A,$0,$0,2026-07-22,Pooled Investment Fund - Other Investment Fund,PLANO,TX,0001478708-26-000001,https://www.sec.gov/Archives/edgar/data/1478708/000147870826000001/0001478708-26-000001-index.htm,https://www.linkedin.com/search/results/people/?keywords=Kenneth+Fisher+FI+Institutional+Group+Emerging+Markets+Equity+Fund,https://www.linkedin.com/search/results/companies/?keywords=FI+Institutional+Group+Emerging+Markets+Equity+Fund,https://www.google.com/search?q=%22FI+Institutional+Group+Emerging+Markets+Equity+Fund%22+venture+capital
3,ambiguous_vc_signal,no explicit VC category or strong pooled-fund VC name signal,"Research operating firm, decision-maker, launch evidence, and public presence before rejecting.",Providence Dental Partners,Providence Dental Partners LLC,Salem VanderStel,Promoter,Salem VanderStel (Promoter); Steve Lyman (Promoter); Mark DeMonaco (Promoter); Andrew Goldberger (Promoter),not_checked,Not checked,Emerging Fund,new_filer,2023,$100M,$34M,2026-07-22,Other Health Care - Unknown,ATLANTA,GA,0002004245-26-000001,https://www.sec.gov/Archives/edgar/data/2004245/000200424526000001/0002004245-26-000001-index.htm,https://www.linkedin.com/search/results/people/?keywords=Salem+VanderStel+Providence+Dental+Partners,https://www.linkedin.com/search/results/companies/?keywords=Providence+Dental+Partners,https://www.google.com/search?q=%22Providence+Dental+Partners%22+venture+capital
3,ambiguous_vc_signal,no explicit VC category or strong pooled-fund VC name signal,"Research operating firm, decision-maker, launch evidence, and public presence before rejecting.",Shift7 Capital,Shift7 Capital LLC,John Alexander,Director,John Alexander (Director); David Kowach (Director); Kristi Mitchem (Director); Kellie Lyons (Director); Scott Nelson (Director),not_checked,Not checked,Emerging Fund,new_filer,2025,$75M,$75M,2026-07-23,Pooled Investment Fund - Other Investment Fund,CLAYTON,MO,0002124638-26-000004,https://www.sec.gov/Archives/edgar/data/2124638/000212463826000004/0002124638-26-000004-index.htm,https://www.linkedin.com/search/results/people/?keywords=John+Alexander+Shift7+Capital,https://www.linkedin.com/search/results/companies/?keywords=Shift7+Capital,https://www.google.com/search?q=%22Shift7+Capital%22+venture+capital
3,ambiguous_vc_signal,no explicit VC category or strong pooled-fund VC name signal,"Research operating firm, decision-maker, launch evidence, and public presence before rejecting.",Stewart Investors Global Emerging Markets Leaders Fund (DST),Stewart Investors Global Emerging Markets Leaders Fund (DST),Vicky Kubitscheck,Director,Vicky Kubitscheck (Director); Francis Johnson (Director); Garry Cotton (Director); Jacqueline Lowe (Director); Kerry-Leigh Baronet (Director); Ryan Mitchell (Director),not_checked,Not checked,Emerging Fund,new_filer,N/A,$0,$1208M,2026-07-23,Pooled Investment Fund - Other Investment Fund,LONDON,X0,0002081111-26-000145,https://www.sec.gov/Archives/edgar/data/1404833/000208111126000145/0002081111-26-000145-index.htm,https://www.linkedin.com/search/results/people/?keywords=Vicky+Kubitscheck+Stewart+Investors+Global+Emerging+Markets+Leaders+Fund+%28DST%29,https://www.linkedin.com/search/results/companies/?keywords=Stewart+Investors+Global+Emerging+Markets+Leaders+Fund+%28DST%29,https://www.google.com/search?q=%22Stewart+Investors+Global+Emerging+Markets+Leaders+Fund+%28DST%29%22+venture+capital
3,ambiguous_vc_signal,no explicit VC category or strong pooled-fund VC name signal,"Research operating firm, decision-maker, launch evidence, and public presence before rejecting.",Point Nemo Capital,"Point Nemo Capital, LLC",Brian Anderson,"Executive Officer, Promoter","Brian Anderson (Executive Officer, Promoter)",not_checked,Not checked,Emerging Fund,new_filer,2023,$0,"$650,000",2026-07-23,Investing - Unknown,DRIPPING SPRINGS,TX,0001988307-26-000003,https://www.sec.gov/Archives/edgar/data/1988307/000198830726000003/0001988307-26-000003-index.htm,https://www.linkedin.com/search/results/people/?keywords=Brian+Anderson+Point+Nemo+Capital,https://www.linkedin.com/search/results/companies/?keywords=Point+Nemo+Capital,https://www.google.com/search?q=%22Point+Nemo+Capital%22+venture+capital
3,ambiguous_vc_signal,no explicit VC category or strong pooled-fund VC name signal,"Research operating firm, decision-maker, launch evidence, and public presence before rejecting.",HINES U.S. PROPERTY PARTNERS II LUX SCSP,HINES U.S. PROPERTY PARTNERS II LUX SCSP,JEFFREY HINES,Executive Officer,JEFFREY HINES (Executive Officer); ALFONSO MUNK (Executive Officer); ADRIANA DE ALCANTARA (Executive Officer); JEFFREY FOLKERTS (Executive Officer),not_checked,Not checked,Emerging Fund,new_filer,2021,$0,$2096M,2026-07-27,Pooled Investment Fund - Other Investment Fund,LUXEMBOURG,N4,0001873486-26-000003,https://www.sec.gov/Archives/edgar/data/1873486/000187348626000003/0001873486-26-000003-index.htm,https://www.linkedin.com/search/results/people/?keywords=JEFFREY+HINES+HINES+U.S.+PROPERTY+PARTNERS+II+LUX+SCSP,https://www.linkedin.com/search/results/companies/?keywords=HINES+U.S.+PROPERTY+PARTNERS+II+LUX+SCSP,https://www.google.com/search?q=%22HINES+U.S.+PROPERTY+PARTNERS+II+LUX+SCSP%22+venture+capital
3,ambiguous_vc_signal,no explicit VC category or strong pooled-fund VC name signal,"Research operating firm, decision-maker, launch evidence, and public presence before rejecting.",HINES U.S. PROPERTY PARTNERS LUX SCSP,HINES U.S. PROPERTY PARTNERS LUX SCSP,JEFFREY HINES,Executive Officer,JEFFREY HINES (Executive Officer); ALFONSO MUNK (Executive Officer); ADRIANA DE ALCANTARA (Executive Officer); JEFFREY FOLKERTS (Executive Officer),not_checked,Not checked,Emerging Fund,new_filer,2021,$0,$2096M,2026-07-27,Pooled Investment Fund - Other Investment Fund,LUXEMBOURG,N4,0001873066-26-000004,https://www.sec.gov/Archives/edgar/data/1873066/000187306626000004/0001873066-26-000004-index.htm,https://www.linkedin.com/search/results/people/?keywords=JEFFREY+HINES+HINES+U.S.+PROPERTY+PARTNERS+LUX+SCSP,https://www.linkedin.com/search/results/companies/?keywords=HINES+U.S.+PROPERTY+PARTNERS+LUX+SCSP,https://www.google.com/search?q=%22HINES+U.S.+PROPERTY+PARTNERS+LUX+SCSP%22+venture+capital
3,ambiguous_vc_signal,no explicit VC category or strong pooled-fund VC name signal,"Research operating firm, decision-maker, launch evidence, and public presence before rejecting.",HINES U.S. PROPERTY PARTNERS,HINES U.S. PROPERTY PARTNERS LP,JEFFREY HINES,Executive Officer,JEFFREY HINES (Executive Officer); ALFONSO MUNK (Executive Officer); ADRIANA DE ALCANTARA (Executive Officer); JEFFREY FOLKERTS (Executive Officer),not_checked,Not checked,Emerging Fund,new_filer,N/A,$0,$2096M,2026-07-27,Pooled Investment Fund - Other Investment Fund,HOUSTON,TX,0001833410-26-000004,https://www.sec.gov/Archives/edgar/data/1833410/000183341026000004/0001833410-26-000004-index.htm,https://www.linkedin.com/search/results/people/?keywords=JEFFREY+HINES+HINES+U.S.+PROPERTY+PARTNERS,https://www.linkedin.com/search/results/companies/?keywords=HINES+U.S.+PROPERTY+PARTNERS,https://www.google.com/search?q=%22HINES+U.S.+PROPERTY+PARTNERS%22+venture+capital
3,ambiguous_vc_signal,no explicit VC category or strong pooled-fund VC name signal,"Research operating firm, decision-maker, launch evidence, and public presence before rejecting.",Build Capital,Build Capital LLC,Trushar Bhakta,Executive Officer,Trushar Bhakta (Executive Officer); Jay Bhakta (Executive Officer); Udaya Bhakta (Executive Officer); Arjun Gokal (Executive Officer),not_checked,Not checked,Emerging Fund,new_filer,2024,$0,$0,2026-07-27,Pooled Investment Fund - Other Investment Fund,IRVING,TX,0001657425-26-000004,https://www.sec.gov/Archives/edgar/data/2045515/000165742526000004/0001657425-26-000004-index.htm,https://www.linkedin.com/search/results/people/?keywords=Trushar+Bhakta+Build+Capital,https://www.linkedin.com/search/results/companies/?keywords=Build+Capital,https://www.google.com/search?q=%22Build+Capital%22+venture+capital
3,ambiguous_vc_signal,no explicit VC category or strong pooled-fund VC name signal,"Research operating firm, decision-maker, launch evidence, and public presence before rejecting.",Valhalla Capital Partners I,"Valhalla Capital Partners I, L.P.","Valhalla Capital Partners GP I, LLC",Executive Officer,"Valhalla Capital Partners GP I, LLC (Executive Officer); Valhalla Group, LLC (Executive Officer); James Hart III (Executive Officer); Brendan Aronson (Executive Officer)",not_checked,Not checked,Emerging Fund,new_filer,2024,$0,$60M,2026-07-28,Pooled Investment Fund - Other Investment Fund,CHICAGO,IL,0002079076-26-000003,https://www.sec.gov/Archives/edgar/data/2079076/000207907626000003/0002079076-26-000003-index.htm,https://www.linkedin.com/search/results/people/?keywords=Valhalla+Capital+Partners+GP+I%2C+LLC+Valhalla+Capital+Partners+I,https://www.linkedin.com/search/results/companies/?keywords=Valhalla+Capital+Partners+I,https://www.google.com/search?q=%22Valhalla+Capital+Partners+I%22+venture+capital
3,older_issuer_review,issuer formed outside the broad emerging-manager window,Check whether a newer operating brand exists despite older legal issuer.,Ahead VC,"Ahead VC Fund I, LP",Prateek Sharma,"Executive Officer, Director","Prateek Sharma (Executive Officer, Director); N/A Ahead VC GP, LLC (Executive Officer); N/A Ahead VC, LLC (Executive Officer)",not_checked,Not checked,Fund I,new_filer,2022,$5M,$4M,2026-07-30,Pooled Investment Fund - Venture Capital Fund,Palo Alto,CA,0001941939-26-000001,https://www.sec.gov/Archives/edgar/data/1941939/000194193926000001/0001941939-26-000001-index.htm,https://www.linkedin.com/search/results/people/?keywords=Prateek+Sharma+Ahead+VC,https://www.linkedin.com/search/results/companies/?keywords=Ahead+VC,https://www.google.com/search?q=%22Ahead+VC%22+venture+capital
3,ambiguous_vc_signal,no explicit VC category or strong pooled-fund VC name signal,"Research operating firm, decision-maker, launch evidence, and public presence before rejecting.",LMI Partners,"LMI Partners, LLC","[none] Landmark Management, LLC",Executive Officer,"[none] Landmark Management, LLC (Executive Officer); Earl Samson (Executive Officer); Allyson Samson (Executive Officer)",not_checked,Not checked,Emerging Fund,new_filer,N/A,$0,$1776M,2026-07-30,Pooled Investment Fund - Other Investment Fund,NEW YORK,NY,0001857121-26-000001,https://www.sec.gov/Archives/edgar/data/1857121/000185712126000001/0001857121-26-000001-index.htm,https://www.linkedin.com/search/results/people/?keywords=%5Bnone%5D+Landmark+Management%2C+LLC+LMI+Partners,https://www.linkedin.com/search/results/companies/?keywords=LMI+Partners,https://www.google.com/search?q=%22LMI+Partners%22+venture+capital
3,ambiguous_vc_signal,no explicit VC category or strong pooled-fund VC name signal,"Research operating firm, decision-maker, launch evidence, and public presence before rejecting.",Lazard Emerging Markets Core Equity Trust,Lazard Emerging Markets Core Equity Trust,of New Hampshire State Street Bank and Trust,Executive Officer,of New Hampshire State Street Bank and Trust (Executive Officer),not_checked,Not checked,Emerging Fund,new_filer,N/A,$0,$174M,2026-07-30,Pooled Investment Fund - Other Investment Fund,NASHUA,NH,0001597552-26-000001,https://www.sec.gov/Archives/edgar/data/1597552/000159755226000001/0001597552-26-000001-index.htm,https://www.linkedin.com/search/results/people/?keywords=of+New+Hampshire+State+Street+Bank+and+Trust+Lazard+Emerging+Markets+Core+Equity+Trust,https://www.linkedin.com/search/results/companies/?keywords=Lazard+Emerging+Markets+Core+Equity+Trust,https://www.google.com/search?q=%22Lazard+Emerging+Markets+Core+Equity+Trust%22+venture+capital
3,ambiguous_vc_signal,no explicit VC category or strong pooled-fund VC name signal,"Research operating firm, decision-maker, launch evidence, and public presence before rejecting.",OPEN DOORS PARTNERS,"OPEN DOORS PARTNERS, LLC",Pramod Dabir,"Executive Officer, Director","Pramod Dabir (Executive Officer, Director)",not_checked,Not checked,Emerging Fund,new_filer,N/A,$4M,$4M,2026-07-30,Other - Unknown,WOODSIDE,CA,0001724977-26-000024,https://www.sec.gov/Archives/edgar/data/1724977/000172497726000024/0001724977-26-000024-index.htm,https://www.linkedin.com/search/results/people/?keywords=Pramod+Dabir+OPEN+DOORS+PARTNERS,https://www.linkedin.com/search/results/companies/?keywords=OPEN+DOORS+PARTNERS,https://www.google.com/search?q=%22OPEN+DOORS+PARTNERS%22+venture+capital
3,ambiguous_vc_signal,no explicit VC category or strong pooled-fund VC name signal,"Research operating firm, decision-maker, launch evidence, and public presence before rejecting.",Jubilee Quest Capital Ltd,Jubilee Quest Capital Ltd,RICHARD DANIEL NORMAN,Director,RICHARD DANIEL NORMAN (Director),not_checked,Not checked,Emerging Fund,new_filer,N/A,$0,$100M,2026-07-30,Other Banking and Financial Services - Unknown,DENVER,CO,0002129925-26-000004,https://www.sec.gov/Archives/edgar/data/2129925/000212992526000004/0002129925-26-000004-index.htm,https://www.linkedin.com/search/results/people/?keywords=RICHARD+DANIEL+NORMAN+Jubilee+Quest+Capital+Ltd,https://www.linkedin.com/search/results/companies/?keywords=Jubilee+Quest+Capital+Ltd,https://www.google.com/search?q=%22Jubilee+Quest+Capital+Ltd%22+venture+capital
3,ambiguous_vc_signal,no explicit VC category or strong pooled-fund VC name signal,"Research operating firm, decision-maker, launch evidence, and public presence before rejecting.","StepStone Capital Partners VI-E Europe, SCSp","StepStone Capital Partners VI-E Europe, SCSp",StepStone Capital VI,GP) S.a r.l. (Promoter,"StepStone Capital VI (GP) S.a r.l. (Promoter); Lindsay Creedon (Executive Officer, Promoter); Darren Friedman (Executive Officer); Geoffrey Dolan (Executive Officer); David Jeffrey (Executive Officer); Timothy Weld (Executive Officer); Bernard De Backer (Executive Officer)",not_checked,Not checked,Emerging Fund,new_filer,2025,$0,$240M,2026-07-31,Pooled Investment Fund - Other Investment Fund,MUNCHBACH,N4,0002062357-26-000335,https://www.sec.gov/Archives/edgar/data/2073341/000206235726000335/0002062357-26-000335-index.htm,https://www.linkedin.com/search/results/people/?keywords=StepStone+Capital+VI+StepStone+Capital+Partners+VI-E+Europe%2C+SCSp,https://www.linkedin.com/search/results/companies/?keywords=StepStone+Capital+Partners+VI-E+Europe%2C+SCSp,https://www.google.com/search?q=%22StepStone+Capital+Partners+VI-E+Europe%2C+SCSp%22+venture+capital
3,ambiguous_vc_signal,no explicit VC category or strong pooled-fund VC name signal,"Research operating firm, decision-maker, launch evidence, and public presence before rejecting.","StepStone Capital Partners VI Europe, SCSp","StepStone Capital Partners VI Europe, SCSp",StepStone Capital VI,GP) S.a r.l. (Promoter,StepStone Capital VI (GP) S.a r.l. (Promoter); Lindsay Creedon (Executive Officer); Darren Friedman (Executive Officer); Geoffrey Dolan (Executive Officer); David Jeffrey (Executive Officer); Timothy Weld (Executive Officer); Bernard De Backer (Executive Officer),not_checked,Not checked,Emerging Fund,new_filer,2024,$0,$54M,2026-07-31,Pooled Investment Fund - Other Investment Fund,MUNCHBACH,N4,0002062357-26-000333,https://www.sec.gov/Archives/edgar/data/2074431/000206235726000333/0002062357-26-000333-index.htm,https://www.linkedin.com/search/results/people/?keywords=StepStone+Capital+VI+StepStone+Capital+Partners+VI+Europe%2C+SCSp,https://www.linkedin.com/search/results/companies/?keywords=StepStone+Capital+Partners+VI+Europe%2C+SCSp,https://www.google.com/search?q=%22StepStone+Capital+Partners+VI+Europe%2C+SCSp%22+venture+capital
3,ambiguous_vc_signal,no explicit VC category or strong pooled-fund VC name signal,"Research operating firm, decision-maker, launch evidence, and public presence before rejecting.",StepStone Capital Partners VI Offshore,"StepStone Capital Partners VI Offshore, L.P.",STEPSTONE CAPITAL VI,"GP), LLC (Promoter","STEPSTONE CAPITAL VI (GP), LLC (Promoter); Lindsay Creedon (Executive Officer); Darren Friedman (Executive Officer); Geoffrey Dolan (Executive Officer); David Jeffrey (Executive Officer); Timothy Weld (Executive Officer); Bernard De Backer (Executive Officer)",not_checked,Not checked,Emerging Fund,new_filer,2024,$0,$942M,2026-07-31,Pooled Investment Fund - Other Investment Fund,LA JOLLA,CA,0002062357-26-000331,https://www.sec.gov/Archives/edgar/data/2073342/000206235726000331/0002062357-26-000331-index.htm,https://www.linkedin.com/search/results/people/?keywords=STEPSTONE+CAPITAL+VI+StepStone+Capital+Partners+VI+Offshore,https://www.linkedin.com/search/results/companies/?keywords=StepStone+Capital+Partners+VI+Offshore,https://www.google.com/search?q=%22StepStone+Capital+Partners+VI+Offshore%22+venture+capital
3,ambiguous_vc_signal,no explicit VC category or strong pooled-fund VC name signal,"Research operating firm, decision-maker, launch evidence, and public presence before rejecting.",Invitational Partners Retirement Fund,Invitational Partners Retirement Fund LP,"N/A Asset Management Consulting Services, Inc.",Promoter,"N/A Asset Management Consulting Services, Inc. (Promoter); Keith Abramson (Executive Officer)",not_checked,Not checked,Emerging Fund,new_filer,N/A,$0,$16M,2026-07-31,Pooled Investment Fund - Other Investment Fund,LIVINGSTON,NJ,0001818929-26-000001,https://www.sec.gov/Archives/edgar/data/1818929/000181892926000001/0001818929-26-000001-index.htm,https://www.linkedin.com/search/results/people/?keywords=N%2FA+Asset+Management+Consulting+Services%2C+Inc.+Invitational+Partners+Retirement+Fund,https://www.linkedin.com/search/results/companies/?keywords=Invitational+Partners+Retirement+Fund,https://www.google.com/search?q=%22Invitational+Partners+Retirement+Fund%22+venture+capital
3,ambiguous_vc_signal,no explicit VC category or strong pooled-fund VC name signal,"Research operating firm, decision-maker, launch evidence, and public presence before rejecting.",Invitational Opportunity Fund,Invitational Opportunity Fund LLC,"N/A Asset Management Consulting Services, Inc.",Promoter,"N/A Asset Management Consulting Services, Inc. (Promoter); Keith Abramson (Executive Officer)",not_checked,Not checked,Emerging Fund,new_filer,N/A,$0,$29M,2026-07-31,Pooled Investment Fund - Other Investment Fund,LIVINGSTON,NJ,0001818909-26-000001,https://www.sec.gov/Archives/edgar/data/1818909/000181890926000001/0001818909-26-000001-index.htm,https://www.linkedin.com/search/results/people/?keywords=N%2FA+Asset+Management+Consulting+Services%2C+Inc.+Invitational+Opportunity+Fund,https://www.linkedin.com/search/results/companies/?keywords=Invitational+Opportunity+Fund,https://www.google.com/search?q=%22Invitational+Opportunity+Fund%22+venture+capital
3,ambiguous_vc_signal,no explicit VC category or strong pooled-fund VC name signal,"Research operating firm, decision-maker, launch evidence, and public presence before rejecting.",Blackstone Property Partners Europe (Lux) C SCSp,Blackstone Property Partners Europe (Lux) C SCSp,N/A Blackstone Property Associates Europe,Lux) S.a r.l. (Promoter,N/A Blackstone Property Associates Europe (Lux) S.a r.l. (Promoter); N/A Blackstone Property Associates Europe L.P. (Promoter); N/A Blackstone Property Associates Europe (Delaware) L.L.C. (Promoter); N/A Blackstone Property Associates Europe Ltd. (Promoter); Diana Hoffmann (Executive Officer); Jean-Francois Bossy (Executive Officer); Simon Davies (Executive Officer); Anthony Beovich (Executive Officer),not_checked,Not checked,Emerging Fund,new_filer,N/A,$0,$448M,2026-07-31,Pooled Investment Fund - Other Investment Fund,Grand Duchy of Luxembourg,N4,0001787429-26-000001,https://www.sec.gov/Archives/edgar/data/1787429/000178742926000001/0001787429-26-000001-index.htm,https://www.linkedin.com/search/results/people/?keywords=N%2FA+Blackstone+Property+Associates+Europe+Blackstone+Property+Partners+Europe+%28Lux%29+C+SCSp,https://www.linkedin.com/search/results/companies/?keywords=Blackstone+Property+Partners+Europe+%28Lux%29+C+SCSp,https://www.google.com/search?q=%22Blackstone+Property+Partners+Europe+%28Lux%29+C+SCSp%22+venture+capital
3,ambiguous_vc_signal,no explicit VC category or strong pooled-fund VC name signal,"Research operating firm, decision-maker, launch evidence, and public presence before rejecting.",Blackstone Property Partners Europe (Lux) SCSp,Blackstone Property Partners Europe (Lux) SCSp,n/a Blackstone Property Associates Europe,Lux) S.a r.l. (Promoter,n/a Blackstone Property Associates Europe (Lux) S.a r.l. (Promoter); n/a Blackstone Property Associates Europe L.P. (Promoter); n/a Blackstone Property Associates Europe (Delaware) L.L.C. (Promoter); n/a Blackstone Property Associates Europe Ltd. (Promoter); Simon Davies (Executive Officer); Anthony Beovich (Executive Officer); Diana Hoffmann (Executive Officer); Jean-Francois Bossy (Executive Officer),not_checked,Not checked,Emerging Fund,new_filer,N/A,$0,$2047M,2026-07-31,Pooled Investment Fund - Other Investment Fund,Grand Duchy of Luxembourg,N4,0001732649-26-000001,https://www.sec.gov/Archives/edgar/data/1732649/000173264926000001/0001732649-26-000001-index.htm,https://www.linkedin.com/search/results/people/?keywords=n%2Fa+Blackstone+Property+Associates+Europe+Blackstone+Property+Partners+Europe+%28Lux%29+SCSp,https://www.linkedin.com/search/results/companies/?keywords=Blackstone+Property+Partners+Europe+%28Lux%29+SCSp,https://www.google.com/search?q=%22Blackstone+Property+Partners+Europe+%28Lux%29+SCSp%22+venture+capital
3,ambiguous_vc_signal,no explicit VC category or strong pooled-fund VC name signal,"Research operating firm, decision-maker, launch evidence, and public presence before rejecting.",Blackstone Property Partners Europe F,Blackstone Property Partners Europe F L.P.,n/a Blackstone Property Associates Europe L.P.,Promoter,"n/a Blackstone Property Associates Europe L.P. (Promoter); n/a Blackstone Property Associates Europe (Delaware) L.L.C. (Promoter); n/a Blackstone Property Associates Europe Ltd. (Promoter); Giovanni Cutaia (Executive Officer); Robert Harper (Executive Officer); Nadeem Meghji (Executive Officer); Anthony Beovich (Executive Officer); Brett Newman (Executive Officer); AJ Agarwal (Executive Officer); Nentcho Nentchev (Executive Officer); Chris Striano (Executive Officer); Frank Barbara (Executive Officer); Madeleine Russo (Executive Officer); Julie Flynn (Executive Officer); Michael Nagelberg (Executive Officer); Jeffrey Nirenberg (Executive Officer); Joseph Rocco (Executive Officer); Kristin McGrath (Executive Officer); Eric Wu (Executive Officer); Michael Anthony (Executive Officer); Katie Keenan (Executive Officer); Anthony Marone, Jr. (Executive Officer); Craig Miller (Executive Officer); Allie Sweeney (Executive Officer); Leon Volchyok (Executive Officer); Jacob Werner (Executive Officer)",not_checked,Not checked,Emerging Fund,new_filer,N/A,$0,$1859M,2026-07-31,Pooled Investment Fund - Other Investment Fund,NEW YORK,NY,0001721011-26-000001,https://www.sec.gov/Archives/edgar/data/1721011/000172101126000001/0001721011-26-000001-index.htm,https://www.linkedin.com/search/results/people/?keywords=n%2Fa+Blackstone+Property+Associates+Europe+L.P.+Blackstone+Property+Partners+Europe+F,https://www.linkedin.com/search/results/companies/?keywords=Blackstone+Property+Partners+Europe+F,https://www.google.com/search?q=%22Blackstone+Property+Partners+Europe+F%22+venture+capital
3,ambiguous_vc_signal,no explicit VC category or strong pooled-fund VC name signal,"Research operating firm, decision-maker, launch evidence, and public presence before rejecting.",Blackstone Property Partners Europe,Blackstone Property Partners Europe L.P.,n/a Blackstone Property Associates Europe L.P.,Promoter,"n/a Blackstone Property Associates Europe L.P. (Promoter); n/a Blackstone Property Associates Europe (Delaware) L.L.C. (Promoter); n/a Blackstone Property Associates Europe Ltd. (Promoter); Giovanni Cutaia (Executive Officer); Robert Harper (Executive Officer); Nadeem Meghji (Executive Officer); Anthony Beovich (Executive Officer); Brett Newman (Executive Officer); AJ Agarwal (Executive Officer); Nentcho Nentchev (Executive Officer); Chris Striano (Executive Officer); Frank Barbara (Executive Officer); Madeleine Russo (Executive Officer); Julie Flynn (Executive Officer); Michael Nagelberg (Executive Officer); Jeffrey Nirenberg (Executive Officer); Joseph Rocco (Executive Officer); Kristin McGrath (Executive Officer); Eric Wu (Executive Officer); Michael Anthony (Executive Officer); Katie Keenan (Executive Officer); Anthony Marone, Jr. (Executive Officer); Craig Miller (Executive Officer); Allie Sweeney (Executive Officer); Leon Volchyok (Executive Officer); Jacob Werner (Executive Officer)",not_checked,Not checked,Emerging Fund,new_filer,N/A,$0,$3696M,2026-07-31,Pooled Investment Fund - Other Investment Fund,NEW YORK,NY,0001721008-26-000001,https://www.sec.gov/Archives/edgar/data/1721008/000172100826000001/0001721008-26-000001-index.htm,https://www.linkedin.com/search/results/people/?keywords=n%2Fa+Blackstone+Property+Associates+Europe+L.P.+Blackstone+Property+Partners+Europe,https://www.linkedin.com/search/results/companies/?keywords=Blackstone+Property+Partners+Europe,https://www.google.com/search?q=%22Blackstone+Property+Partners+Europe%22+venture+capital
3,ambiguous_vc_signal,no explicit VC category or strong pooled-fund VC name signal,"Research operating firm, decision-maker, launch evidence, and public presence before rejecting.",Invitational Partners Fund,Invitational Partners Fund LP,"N/A Asset Management Consulting Services, Inc,",Promoter,"N/A Asset Management Consulting Services, Inc, (Promoter); Keith Abramson (Executive Officer)",not_checked,Not checked,Emerging Fund,new_filer,N/A,$0,$12M,2026-07-31,Pooled Investment Fund - Other Investment Fund,LIVINGSTON,NJ,0001072417-26-000001,https://www.sec.gov/Archives/edgar/data/1072417/000107241726000001/0001072417-26-000001-index.htm,https://www.linkedin.com/search/results/people/?keywords=N%2FA+Asset+Management+Consulting+Services%2C+Inc%2C+Invitational+Partners+Fund,https://www.linkedin.com/search/results/companies/?keywords=Invitational+Partners+Fund,https://www.google.com/search?q=%22Invitational+Partners+Fund%22+venture+capital
3,older_issuer_review,issuer formed outside the broad emerging-manager window,Check whether a newer operating brand exists despite older legal issuer.,Magnetar AI Ventures Fund,Magnetar AI Ventures Fund LP,n/a Magnetar AI Ventures GP LLC,Promoter,n/a Magnetar AI Ventures GP LLC (Promoter); n/a Magnetar Financial LLC (Executive Officer); Ross Laser (Executive Officer); David Snyderman (Executive Officer); Hayley Stein (Executive Officer),not_checked,Not checked,Emerging Fund,new_filer,2022,$0,$235M,2026-08-03,Pooled Investment Fund - Venture Capital Fund,Evanston,IL,0000905148-26-003454,https://www.sec.gov/Archives/edgar/data/2032191/000090514826003454/0000905148-26-003454-index.htm,https://www.linkedin.com/search/results/people/?keywords=n%2Fa+Magnetar+AI+Ventures+GP+LLC+Magnetar+AI+Ventures+Fund,https://www.linkedin.com/search/results/companies/?keywords=Magnetar+AI+Ventures+Fund,https://www.google.com/search?q=%22Magnetar+AI+Ventures+Fund%22+venture+capital
3,ambiguous_vc_signal,no explicit VC category or strong pooled-fund VC name signal,"Research operating firm, decision-maker, launch evidence, and public presence before rejecting.",West Street Asia Equity Partners I Employee Offshore Fund,"West Street Asia Equity Partners I Employee Offshore Fund, L.P.",Michael Brandmeyer,Executive Officer,Michael Brandmeyer (Executive Officer); Harold Hope (Executive Officer),not_checked,Not checked,Emerging Fund,new_filer,2024,$0,$143M,2026-08-03,Pooled Investment Fund - Other Investment Fund,NEW YORK,NY,0002027868-26-000004,https://www.sec.gov/Archives/edgar/data/2027868/000202786826000004/0002027868-26-000004-index.htm,https://www.linkedin.com/search/results/people/?keywords=Michael+Brandmeyer+West+Street+Asia+Equity+Partners+I+Employee+Offshore+Fund,https://www.linkedin.com/search/results/companies/?keywords=West+Street+Asia+Equity+Partners+I+Employee+Offshore+Fund,https://www.google.com/search?q=%22West+Street+Asia+Equity+Partners+I+Employee+Offshore+Fund%22+venture+capital
3,ambiguous_vc_signal,no explicit VC category or strong pooled-fund VC name signal,"Research operating firm, decision-maker, launch evidence, and public presence before rejecting.",Partners Group Growth,"Partners Group Growth, LLC",N/A Partners Group,USA) Inc. (Promoter,"N/A Partners Group (USA) Inc. (Promoter); Robert Collins (Executive Officer, Director); Helen Flood (Executive Officer); Brian Igoe (Executive Officer); Daniel Whitcomb (Executive Officer); Vilma DeVooght (Executive Officer); James Munsell (Director); Lewis Hood (Director); Stephen Ryan (Director); Thomas Fortin (Director); Ruth Goodstein (Director)",not_checked,Not checked,Emerging Fund,new_filer,2023,$0,$329M,2026-08-04,Pooled Investment Fund - Other Investment Fund,NEW YORK,NY,0001991706-26-000001,https://www.sec.gov/Archives/edgar/data/1991706/000199170626000001/0001991706-26-000001-index.htm,https://www.linkedin.com/search/results/people/?keywords=N%2FA+Partners+Group+Partners+Group+Growth,https://www.linkedin.com/search/results/companies/?keywords=Partners+Group+Growth,https://www.google.com/search?q=%22Partners+Group+Growth%22+venture+capital
3,ambiguous_vc_signal,no explicit VC category or strong pooled-fund VC name signal,"Research operating firm, decision-maker, launch evidence, and public presence before rejecting.",PARTNERS GROUP NEXT GENERATION INFRASTRUCTURE,"PARTNERS GROUP NEXT GENERATION INFRASTRUCTURE, LLC",N/A Partners Group,USA) Inc. (Promoter,"N/A Partners Group (USA) Inc. (Promoter); Robert Collins (Executive Officer, Director); Helen Flood (Executive Officer); Brian Igoe (Executive Officer); Daniel Whitcomb (Executive Officer); Vilma DeVooght (Executive Officer); James Munsell (Director); Lewis Hood (Director); Stephen Ryan (Director); Thomas Fortin (Director); Ruth Goodstein (Director)",not_checked,Not checked,Emerging Fund,new_filer,2023,$0,$221M,2026-08-04,Pooled Investment Fund - Other Investment Fund,NEW YORK,NY,0001989393-26-000003,https://www.sec.gov/Archives/edgar/data/1989393/000198939326000003/0001989393-26-000003-index.htm,https://www.linkedin.com/search/results/people/?keywords=N%2FA+Partners+Group+PARTNERS+GROUP+NEXT+GENERATION+INFRASTRUCTURE,https://www.linkedin.com/search/results/companies/?keywords=PARTNERS+GROUP+NEXT+GENERATION+INFRASTRUCTURE,https://www.google.com/search?q=%22PARTNERS+GROUP+NEXT+GENERATION+INFRASTRUCTURE%22+venture+capital
3,older_issuer_review,issuer formed outside the broad emerging-manager window,Check whether a newer operating brand exists despite older legal issuer.,Savia Ventures,"Savia Ventures Fund I, LP","Savia Ventures, LLC",Executive Officer,"Savia Ventures, LLC (Executive Officer); Savia Ventures GP, LLC (Executive Officer); Andres Baehr (Executive Officer, Director)",not_checked,Not checked,Fund I,new_filer,2022,$5M,$5M,2026-08-06,Pooled Investment Fund - Venture Capital Fund,SANTIAGO,F3,0001988340-26-000001,https://www.sec.gov/Archives/edgar/data/1988340/000198834026000001/0001988340-26-000001-index.htm,https://www.linkedin.com/search/results/people/?keywords=Savia+Ventures%2C+LLC+Savia+Ventures,https://www.linkedin.com/search/results/companies/?keywords=Savia+Ventures,https://www.google.com/search?q=%22Savia+Ventures%22+venture+capital
3,ambiguous_vc_signal,no explicit VC category or strong pooled-fund VC name signal,"Research operating firm, decision-maker, launch evidence, and public presence before rejecting.",Praxis Opportunity Fund,"Praxis Opportunity Fund, LLC","N/A Praxis Capital Management, LLC","Executive Officer, Director","N/A Praxis Capital Management, LLC (Executive Officer, Director); Zachary Abraham (Executive Officer, Promoter); Kevin Baskel (Executive Officer); Jonathan Glick (Executive Officer, Promoter); Eric Nijensohn (Executive Officer, Promoter)",not_checked,Not checked,Emerging Fund,new_filer,N/A,$0,$162M,2026-08-06,Pooled Investment Fund - Other Investment Fund,CHICAGO,IL,0001729056-26-000002,https://www.sec.gov/Archives/edgar/data/1729056/000172905626000002/0001729056-26-000002-index.htm,https://www.linkedin.com/search/results/people/?keywords=N%2FA+Praxis+Capital+Management%2C+LLC+Praxis+Opportunity+Fund,https://www.linkedin.com/search/results/companies/?keywords=Praxis+Opportunity+Fund,https://www.google.com/search?q=%22Praxis+Opportunity+Fund%22+venture+capital
3,ambiguous_vc_signal,no explicit VC category or strong pooled-fund VC name signal,"Research operating firm, decision-maker, launch evidence, and public presence before rejecting.",INSight Capital,"INSight Capital, LLC",John Bergmeyer,"Executive Officer, Director, Promoter","John Bergmeyer (Executive Officer, Director, Promoter); David Gale (Promoter); Terry Thompson (Executive Officer); Jessica Greenwald (Executive Officer); Matt Maude (Executive Officer, Director); Jon Bruning (Director)",not_checked,Not checked,Emerging Fund,new_filer,2022,$50M,$37M,2026-08-06,Insurance - Unknown,LINCOLN,NE,0001945295-26-000002,https://www.sec.gov/Archives/edgar/data/1945295/000194529526000002/0001945295-26-000002-index.htm,https://www.linkedin.com/search/results/people/?keywords=John+Bergmeyer+INSight+Capital,https://www.linkedin.com/search/results/companies/?keywords=INSight+Capital,https://www.google.com/search?q=%22INSight+Capital%22+venture+capital
3,ambiguous_vc_signal,no explicit VC category or strong pooled-fund VC name signal,"Research operating firm, decision-maker, launch evidence, and public presence before rejecting.",Fillmore Partners,"Fillmore Partners, L.P.","N/A Fillmore Partners GP, L.P.",Executive Officer,"N/A Fillmore Partners GP, L.P. (Executive Officer); N/A Fillmore GP, LLC (Executive Officer); Lacey Wismer (Executive Officer)",not_checked,Not checked,Emerging Fund,new_filer,2025,$57M,$57M,2026-08-07,Pooled Investment Fund - Other Investment Fund,Park City,UT,0002066006-26-000002,https://www.sec.gov/Archives/edgar/data/2066006/000206600626000002/0002066006-26-000002-index.htm,https://www.linkedin.com/search/results/people/?keywords=N%2FA+Fillmore+Partners+GP%2C+L.P.+Fillmore+Partners,https://www.linkedin.com/search/results/companies/?keywords=Fillmore+Partners,https://www.google.com/search?q=%22Fillmore+Partners%22+venture+capital
3,ambiguous_vc_signal,no explicit VC category or strong pooled-fund VC name signal,"Research operating firm, decision-maker, launch evidence, and public presence before rejecting.",CC&L Q Emerging Markets Equity Fund,CC&L Q Emerging Markets Equity Fund LP,". Connor, Clark &amp; Lunn Investment Management Ltd.",Executive Officer,". Connor, Clark &amp; Lunn Investment Management Ltd. (Executive Officer); . CC&amp;L Q Emerging Markets Equity Fund GP LLC (Director)",not_checked,Not checked,Emerging Fund,new_filer,N/A,$0,$1394M,2026-08-07,Pooled Investment Fund - Other Investment Fund,Greenwich,CT,0001701883-26-000001,https://www.sec.gov/Archives/edgar/data/1701883/000170188326000001/0001701883-26-000001-index.htm,https://www.linkedin.com/search/results/people/?keywords=.+Connor%2C+Clark+%26amp%3B+Lunn+Investment+Management+Ltd.+CC%26L+Q+Emerging+Markets+Equity+Fund,https://www.linkedin.com/search/results/companies/?keywords=CC%26L+Q+Emerging+Markets+Equity+Fund,https://www.google.com/search?q=%22CC%26L+Q+Emerging+Markets+Equity+Fund%22+venture+capital
3,ambiguous_vc_signal,no explicit VC category or strong pooled-fund VC name signal,"Research operating firm, decision-maker, launch evidence, and public presence before rejecting.",StarupNation Ventures Group,StarupNation Ventures Group LLC,Jeffrey Sloan,Executive Officer,Jeffrey Sloan (Executive Officer),not_checked,Not checked,Emerging Fund,new_filer,2021,$1M,$1M,2026-08-07,Other - Unknown,BIRMINGHAM,MI,0002029421-26-000001,https://www.sec.gov/Archives/edgar/data/2029421/000202942126000001/0002029421-26-000001-index.htm,https://www.linkedin.com/search/results/people/?keywords=Jeffrey+Sloan+StarupNation+Ventures+Group,https://www.linkedin.com/search/results/companies/?keywords=StarupNation+Ventures+Group,https://www.google.com/search?q=%22StarupNation+Ventures+Group%22+venture+capital
3,ambiguous_vc_signal,no explicit VC category or strong pooled-fund VC name signal,"Research operating firm, decision-maker, launch evidence, and public presence before rejecting.",Yorkmont Capital Partners,"Yorkmont Capital Partners, LP","N/A Yorkmont Capital Management, LLC",Promoter,"N/A Yorkmont Capital Management, LLC (Promoter); Graeme Rein (Executive Officer); Yann Vessely (Executive Officer)",not_checked,Not checked,Emerging Fund,new_filer,N/A,$0,$70M,2026-08-07,Pooled Investment Fund - Other Investment Fund,AUSTIN,TX,0001062993-26-004099,https://www.sec.gov/Archives/edgar/data/1563674/000106299326004099/0001062993-26-004099-index.htm,https://www.linkedin.com/search/results/people/?keywords=N%2FA+Yorkmont+Capital+Management%2C+LLC+Yorkmont+Capital+Partners,https://www.linkedin.com/search/results/companies/?keywords=Yorkmont+Capital+Partners,https://www.google.com/search?q=%22Yorkmont+Capital+Partners%22+venture+capital
4,established_manager_watchlist,existing manager,Verify as established manager; keep only for branding/SMM or positioning opportunity.,AGC Parallax Fund I,"AGC ElevenLabs I, a Series of AGC Parallax Fund I LLC",Corporation Alternative Financial,Director,Corporation Alternative Financial (Director); Bryan Casey (Executive Officer); Limited AG (Australian Gulf) Capital (Promoter),existing_manager,Existing manager,Fund I,first_filer,2026,$0,$0,2026-07-23,Pooled Investment Fund - Venture Capital Fund,MIAMI,FL,0002145940-26-000001,https://www.sec.gov/Archives/edgar/data/2145940/000214594026000001/0002145940-26-000001-index.htm,https://www.linkedin.com/search/results/people/?keywords=Corporation+Alternative+Financial+AGC+Parallax+Fund+I,https://www.linkedin.com/search/results/companies/?keywords=AGC+Parallax+Fund+I,https://www.google.com/search?q=%22AGC+Parallax+Fund+I%22+venture+capital
4,established_manager_watchlist,existing manager,Verify as established manager; keep only for branding/SMM or positioning opportunity.,Syntax Ventures,"ME-0620 Fund I, a series of Syntax Ventures, LP","N/A Fund GP, LLC",Director,"N/A Fund GP, LLC (Director); N/A Belltower Fund Group, Ltd. (Director)",existing_manager,Existing manager,Fund I,first_filer,2026,"$193,000","$193,000",2026-07-23,Pooled Investment Fund - Venture Capital Fund,Lynnwood,WA,0002143331-26-000001,https://www.sec.gov/Archives/edgar/data/2143331/000214333126000001/0002143331-26-000001-index.htm,https://www.linkedin.com/search/results/people/?keywords=N%2FA+Fund+GP%2C+LLC+Syntax+Ventures,https://www.linkedin.com/search/results/companies/?keywords=Syntax+Ventures,https://www.google.com/search?q=%22Syntax+Ventures%22+venture+capital
4,established_manager_watchlist,existing manager,Verify as established manager; keep only for branding/SMM or positioning opportunity.,Exitfund Venture,"AR-0610 Fund I, a series of Exitfund Venture, LP","N/A Fund GP, LLC",Director,"N/A Fund GP, LLC (Director); N/A Belltower Fund Group, Ltd. (Director)",existing_manager,Existing manager,Fund I,first_filer,2026,"$112,500","$112,500",2026-07-23,Pooled Investment Fund - Venture Capital Fund,Lynnwood,WA,0002140983-26-000001,https://www.sec.gov/Archives/edgar/data/2140983/000214098326000001/0002140983-26-000001-index.htm,https://www.linkedin.com/search/results/people/?keywords=N%2FA+Fund+GP%2C+LLC+Exitfund+Venture,https://www.linkedin.com/search/results/companies/?keywords=Exitfund+Venture,https://www.google.com/search?q=%22Exitfund+Venture%22+venture+capital
4,established_manager_watchlist,existing manager,Verify as established manager; keep only for branding/SMM or positioning opportunity.,Roll Up Vehicles,"NE-07011 Fund I, a series of Roll Up Vehicles, LP","N/A Fund GP, LLC",Director,"N/A Fund GP, LLC (Director); N/A Belltower Fund Group, Ltd. (Director)",existing_manager,Existing manager,Fund I,first_filer,2026,$1M,$1M,2026-07-23,Pooled Investment Fund - Venture Capital Fund,Lynnwood,WA,0002145932-26-000001,https://www.sec.gov/Archives/edgar/data/2145932/000214593226000001/0002145932-26-000001-index.htm,https://www.linkedin.com/search/results/people/?keywords=N%2FA+Fund+GP%2C+LLC+Roll+Up+Vehicles,https://www.linkedin.com/search/results/companies/?keywords=Roll+Up+Vehicles,https://www.google.com/search?q=%22Roll+Up+Vehicles%22+venture+capital
4,established_manager_watchlist,existing manager,Verify as established manager; keep only for branding/SMM or positioning opportunity.,MV Funds,"NZVC Mana SY Fund I, a series of MV Funds, LP","N/A Fund GP, LLC",Director,"N/A Fund GP, LLC (Director); N/A Belltower Fund Group, Ltd. (Director)",existing_manager,Existing manager,Fund I,first_filer,2026,$3M,$3M,2026-07-23,Pooled Investment Fund - Venture Capital Fund,Lynnwood,WA,0002143320-26-000001,https://www.sec.gov/Archives/edgar/data/2143320/000214332026000001/0002143320-26-000001-index.htm,https://www.linkedin.com/search/results/people/?keywords=N%2FA+Fund+GP%2C+LLC+MV+Funds,https://www.linkedin.com/search/results/companies/?keywords=MV+Funds,https://www.google.com/search?q=%22MV+Funds%22+venture+capital
4,established_manager_watchlist,existing manager,Verify as established manager; keep only for branding/SMM or positioning opportunity.,Platform Funds 2026,"Tim-NE-0615 Fund I, a series of Platform Funds 2026, LP","N/A Fund GP, LLC",Director,"N/A Fund GP, LLC (Director); N/A Belltower Fund Group, Ltd. (Director)",existing_manager,Existing manager,Fund I,first_filer,2026,$7M,$7M,2026-07-23,Pooled Investment Fund - Venture Capital Fund,Lynnwood,WA,0002142251-26-000001,https://www.sec.gov/Archives/edgar/data/2142251/000214225126000001/0002142251-26-000001-index.htm,https://www.linkedin.com/search/results/people/?keywords=N%2FA+Fund+GP%2C+LLC+Platform+Funds+2026,https://www.linkedin.com/search/results/companies/?keywords=Platform+Funds+2026,https://www.google.com/search?q=%22Platform+Funds+2026%22+venture+capital
4,established_manager_watchlist,existing manager,Verify as established manager; keep only for branding/SMM or positioning opportunity.,Umami Capital,"AC-0612 Fund I, a series of Umami Capital, LP","N/A Fund GP, LLC",Director,"N/A Fund GP, LLC (Director); N/A Belltower Fund Group, Ltd. (Director)",existing_manager,Existing manager,Fund I,first_filer,2026,"$184,435","$184,435",2026-07-23,Pooled Investment Fund - Venture Capital Fund,Lynnwood,WA,0002144009-26-000001,https://www.sec.gov/Archives/edgar/data/2144009/000214400926000001/0002144009-26-000001-index.htm,https://www.linkedin.com/search/results/people/?keywords=N%2FA+Fund+GP%2C+LLC+Umami+Capital,https://www.linkedin.com/search/results/companies/?keywords=Umami+Capital,https://www.google.com/search?q=%22Umami+Capital%22+venture+capital
4,established_manager_watchlist,existing manager,Verify as established manager; keep only for branding/SMM or positioning opportunity.,Platform Funds 2026,"Builders-BO-0622 Fund I, a series of Platform Funds 2026, LP","N/A Fund GP, LLC",Director,"N/A Fund GP, LLC (Director); N/A Belltower Fund Group, Ltd. (Director)",existing_manager,Existing manager,Fund I,first_filer,2026,"$285,007","$285,007",2026-07-23,Pooled Investment Fund - Venture Capital Fund,Lynnwood,WA,0002143957-26-000001,https://www.sec.gov/Archives/edgar/data/2143957/000214395726000001/0002143957-26-000001-index.htm,https://www.linkedin.com/search/results/people/?keywords=N%2FA+Fund+GP%2C+LLC+Platform+Funds+2026,https://www.linkedin.com/search/results/companies/?keywords=Platform+Funds+2026,https://www.google.com/search?q=%22Platform+Funds+2026%22+venture+capital
4,established_manager_watchlist,existing manager,Verify as established manager; keep only for branding/SMM or positioning opportunity.,Roll Up Vehicles,"TA-06111 Fund I, a series of Roll Up Vehicles, LP","N/A Fund GP, LLC",Director,"N/A Fund GP, LLC (Director); N/A Belltower Fund Group, Ltd. (Director)",existing_manager,Existing manager,Fund I,first_filer,2026,"$308,500","$308,500",2026-07-23,Pooled Investment Fund - Venture Capital Fund,Lynnwood,WA,0002141799-26-000001,https://www.sec.gov/Archives/edgar/data/2141799/000214179926000001/0002141799-26-000001-index.htm,https://www.linkedin.com/search/results/people/?keywords=N%2FA+Fund+GP%2C+LLC+Roll+Up+Vehicles,https://www.linkedin.com/search/results/companies/?keywords=Roll+Up+Vehicles,https://www.google.com/search?q=%22Roll+Up+Vehicles%22+venture+capital
4,established_manager_watchlist,existing manager,Verify as established manager; keep only for branding/SMM or positioning opportunity.,Inflection Ventures ACS,Inflection Ventures ACS Fund I LLC,Inflection Venture Capital LLC,Promoter,Inflection Venture Capital LLC (Promoter),existing_manager,Existing manager,Fund I,first_filer,2026,$6M,$6M,2026-07-23,Pooled Investment Fund - Other Investment Fund,Peconic,NY,0002146687-26-000001,https://www.sec.gov/Archives/edgar/data/2146687/000214668726000001/0002146687-26-000001-index.htm,https://www.linkedin.com/search/results/people/?keywords=Inflection+Venture+Capital+LLC+Inflection+Ventures+ACS,https://www.linkedin.com/search/results/companies/?keywords=Inflection+Ventures+ACS,https://www.google.com/search?q=%22Inflection+Ventures+ACS%22+venture+capital
4,established_manager_watchlist,existing manager,Verify as established manager; keep only for branding/SMM or positioning opportunity.,Denver Ventures Duende,"DD RMP I, a Series of Denver Ventures Duende LLC",Corporation Alternative Financial,Director,"Corporation Alternative Financial (Director); Bryan Casey (Executive Officer); Corp. Duende Capital Partners (Promoter); LLC DV Asset Management, (Promoter)",existing_manager,Existing manager,Emerging Fund,first_filer,2026,$0,$0,2026-07-23,Pooled Investment Fund - Venture Capital Fund,MIAMI,FL,0002145828-26-000001,https://www.sec.gov/Archives/edgar/data/2145828/000214582826000001/0002145828-26-000001-index.htm,https://www.linkedin.com/search/results/people/?keywords=Corporation+Alternative+Financial+Denver+Ventures+Duende,https://www.linkedin.com/search/results/companies/?keywords=Denver+Ventures+Duende,https://www.google.com/search?q=%22Denver+Ventures+Duende%22+venture+capital
4,established_manager_watchlist,existing manager,Verify as established manager; keep only for branding/SMM or positioning opportunity.,WA.Ventures,"WA.Ventures, LLC",Sean Collins,Executive Officer,Sean Collins (Executive Officer),existing_manager,Existing manager,Emerging Fund,first_filer,2026,$0,$0,2026-07-23,Restaurants - Unknown,PLEASANT GROVE,UT,0002146798-26-000001,https://www.sec.gov/Archives/edgar/data/2146798/000214679826000001/0002146798-26-000001-index.htm,https://www.linkedin.com/search/results/people/?keywords=Sean+Collins+WA.Ventures,https://www.linkedin.com/search/results/companies/?keywords=WA.Ventures,https://www.google.com/search?q=%22WA.Ventures%22+venture+capital
4,established_manager_watchlist,existing manager,Verify as established manager; keep only for branding/SMM or positioning opportunity.,CGF2021,Pond Hop Ventures SPV 2026-06 a Series of CGF2021 LLC,LLC Sydecar,Director,LLC Sydecar (Director); Brett Sagan (Executive Officer),existing_manager,Existing manager,Emerging Fund,first_filer,2026,"$75,000","$75,000",2026-07-23,Pooled Investment Fund - Venture Capital Fund,CLAYMONT,DE,0002143095-26-000001,https://www.sec.gov/Archives/edgar/data/2143095/000214309526000001/0002143095-26-000001-index.htm,https://www.linkedin.com/search/results/people/?keywords=LLC+Sydecar+CGF2021,https://www.linkedin.com/search/results/companies/?keywords=CGF2021,https://www.google.com/search?q=%22CGF2021%22+venture+capital
4,established_manager_watchlist,existing manager,Verify as established manager; keep only for branding/SMM or positioning opportunity.,CGF2021,HTV Scaffold Series Seed Prime a Series of CGF2021 LLC,LLC Sydecar,Director,LLC Sydecar (Director); Brett Sagan (Executive Officer),existing_manager,Existing manager,Emerging Fund,first_filer,2026,"$199,332","$199,332",2026-07-23,Pooled Investment Fund - Venture Capital Fund,CLAYMONT,DE,0002143020-26-000001,https://www.sec.gov/Archives/edgar/data/2143020/000214302026000001/0002143020-26-000001-index.htm,https://www.linkedin.com/search/results/people/?keywords=LLC+Sydecar+CGF2021,https://www.linkedin.com/search/results/companies/?keywords=CGF2021,https://www.google.com/search?q=%22CGF2021%22+venture+capital
4,established_manager_watchlist,existing manager,Verify as established manager; keep only for branding/SMM or positioning opportunity.,Coastline Venture Partners Anthropic,Coastline Venture Partners Anthropic LLC,Coastline Venture Partners LLC,Promoter,Coastline Venture Partners LLC (Promoter),existing_manager,Existing manager,Emerging Fund,first_filer,2026,$4M,$4M,2026-07-23,Pooled Investment Fund - Other Investment Fund,Tustin,CA,0002146809-26-000001,https://www.sec.gov/Archives/edgar/data/2146809/000214680926000001/0002146809-26-000001-index.htm,https://www.linkedin.com/search/results/people/?keywords=Coastline+Venture+Partners+LLC+Coastline+Venture+Partners+Anthropic,https://www.linkedin.com/search/results/companies/?keywords=Coastline+Venture+Partners+Anthropic,https://www.google.com/search?q=%22Coastline+Venture+Partners+Anthropic%22+venture+capital
4,established_manager_watchlist,existing manager,Verify as established manager; keep only for branding/SMM or positioning opportunity.,Z21 Ventures Matterfact June 2026,Z21 Ventures Matterfact June 2026 LLC,"Z21 ventures Fund II GP, LLC",Promoter,"Z21 ventures Fund II GP, LLC (Promoter)",existing_manager,Existing manager,Emerging Fund,first_filer,2026,"$310,000","$310,000",2026-07-23,Pooled Investment Fund - Other Investment Fund,Berkeley,CA,0002146679-26-000001,https://www.sec.gov/Archives/edgar/data/2146679/000214667926000001/0002146679-26-000001-index.htm,https://www.linkedin.com/search/results/people/?keywords=Z21+ventures+Fund+II+GP%2C+LLC+Z21+Ventures+Matterfact+June+2026,https://www.linkedin.com/search/results/companies/?keywords=Z21+Ventures+Matterfact+June+2026,https://www.google.com/search?q=%22Z21+Ventures+Matterfact+June+2026%22+venture+capital
4,established_manager_watchlist,existing manager,Verify as established manager; keep only for branding/SMM or positioning opportunity.,PEMBROKE VENTURES ITSA,PEMBROKE VENTURES ITSA LLC,Pembroke Ventures LLC,Promoter,Pembroke Ventures LLC (Promoter),existing_manager,Existing manager,Emerging Fund,first_filer,2026,"$656,250","$656,250",2026-07-23,Pooled Investment Fund - Other Investment Fund,Newton,MA,0002140963-26-000001,https://www.sec.gov/Archives/edgar/data/2140963/000214096326000001/0002140963-26-000001-index.htm,https://www.linkedin.com/search/results/people/?keywords=Pembroke+Ventures+LLC+PEMBROKE+VENTURES+ITSA,https://www.linkedin.com/search/results/companies/?keywords=PEMBROKE+VENTURES+ITSA,https://www.google.com/search?q=%22PEMBROKE+VENTURES+ITSA%22+venture+capital
4,established_manager_watchlist,existing manager,Verify as established manager; keep only for branding/SMM or positioning opportunity.,CGF2021,Ambarone Ventures Special Opportunity Fund I a Series of CGF2021 LLC,LLC Sydecar,Director,LLC Sydecar (Director); Brett Sagan (Executive Officer),existing_manager,Existing manager,Fund I,first_filer,2026,$1M,$1M,2026-07-24,Pooled Investment Fund - Venture Capital Fund,CLAYMONT,DE,0002140271-26-000001,https://www.sec.gov/Archives/edgar/data/2140271/000214027126000001/0002140271-26-000001-index.htm,https://www.linkedin.com/search/results/people/?keywords=LLC+Sydecar+CGF2021,https://www.linkedin.com/search/results/companies/?keywords=CGF2021,https://www.google.com/search?q=%22CGF2021%22+venture+capital
4,established_manager_watchlist,existing manager,Verify as established manager; keep only for branding/SMM or positioning opportunity.,Platform Funds 2026,"Rock-HT-0625 Fund I, a series of Platform Funds 2026, LP","N/A Fund GP, LLC",Director,"N/A Fund GP, LLC (Director); N/A Belltower Fund Group, Ltd. (Director)",existing_manager,Existing manager,Fund I,first_filer,2026,"$105,981","$105,981",2026-07-24,Pooled Investment Fund - Venture Capital Fund,LYNNWOOD,WA,0002144503-26-000001,https://www.sec.gov/Archives/edgar/data/2144503/000214450326000001/0002144503-26-000001-index.htm,https://www.linkedin.com/search/results/people/?keywords=N%2FA+Fund+GP%2C+LLC+Platform+Funds+2026,https://www.linkedin.com/search/results/companies/?keywords=Platform+Funds+2026,https://www.google.com/search?q=%22Platform+Funds+2026%22+venture+capital
4,established_manager_watchlist,existing manager,Verify as established manager; keep only for branding/SMM or positioning opportunity.,Platform Funds 2026,"Matt-WE-0616 Fund I, a series of Platform Funds 2026, LP","N/A Fund GP, LLC",Director,"N/A Fund GP, LLC (Director); N/A Belltower Fund Group, Ltd. (Director)",existing_manager,Existing manager,Fund I,first_filer,2026,"$402,850","$402,850",2026-07-24,Pooled Investment Fund - Venture Capital Fund,LYNNWOOD,WA,0002143962-26-000001,https://www.sec.gov/Archives/edgar/data/2143962/000214396226000001/0002143962-26-000001-index.htm,https://www.linkedin.com/search/results/people/?keywords=N%2FA+Fund+GP%2C+LLC+Platform+Funds+2026,https://www.linkedin.com/search/results/companies/?keywords=Platform+Funds+2026,https://www.google.com/search?q=%22Platform+Funds+2026%22+venture+capital
4,established_manager_watchlist,existing manager,Verify as established manager; keep only for branding/SMM or positioning opportunity.,Noveus Capital Funds,"JU-0618 Fund I, a series of Noveus Capital Funds, LP","N/A Fund GP, LLC",Director,"N/A Fund GP, LLC (Director); N/A Belltower Fund Group, Ltd. (Director)",existing_manager,Existing manager,Fund I,first_filer,2026,"$88,650","$88,650",2026-07-24,Pooled Investment Fund - Venture Capital Fund,LYNNWOOD,WA,0002143334-26-000001,https://www.sec.gov/Archives/edgar/data/2143334/000214333426000001/0002143334-26-000001-index.htm,https://www.linkedin.com/search/results/people/?keywords=N%2FA+Fund+GP%2C+LLC+Noveus+Capital+Funds,https://www.linkedin.com/search/results/companies/?keywords=Noveus+Capital+Funds,https://www.google.com/search?q=%22Noveus+Capital+Funds%22+venture+capital
4,established_manager_watchlist,existing manager,Verify as established manager; keep only for branding/SMM or positioning opportunity.,Ventioneers Funds,"TE-0621 Fund I, a series of Ventioneers Funds, LP","N/A Fund GP, LLC",Director,"N/A Fund GP, LLC (Director); N/A Belltower Fund Group, Ltd. (Director)",existing_manager,Existing manager,Fund I,first_filer,2026,"$422,453","$422,453",2026-07-24,Pooled Investment Fund - Venture Capital Fund,LYNNWOOD,WA,0002143319-26-000001,https://www.sec.gov/Archives/edgar/data/2143319/000214331926000001/0002143319-26-000001-index.htm,https://www.linkedin.com/search/results/people/?keywords=N%2FA+Fund+GP%2C+LLC+Ventioneers+Funds,https://www.linkedin.com/search/results/companies/?keywords=Ventioneers+Funds,https://www.google.com/search?q=%22Ventioneers+Funds%22+venture+capital
4,established_manager_watchlist,existing manager,Verify as established manager; keep only for branding/SMM or positioning opportunity.,Roll Up Vehicles,"CO-0519 Fund I, a series of Roll Up Vehicles, LP","N/A Fund GP, LLC",Director,"N/A Fund GP, LLC (Director); N/A Belltower Fund Group, Ltd. (Director)",existing_manager,Existing manager,Fund I,first_filer,2026,"$872,000","$872,000",2026-07-24,Pooled Investment Fund - Venture Capital Fund,LYNNWOOD,WA,0002138341-26-000001,https://www.sec.gov/Archives/edgar/data/2138341/000213834126000001/0002138341-26-000001-index.htm,https://www.linkedin.com/search/results/people/?keywords=N%2FA+Fund+GP%2C+LLC+Roll+Up+Vehicles,https://www.linkedin.com/search/results/companies/?keywords=Roll+Up+Vehicles,https://www.google.com/search?q=%22Roll+Up+Vehicles%22+venture+capital
4,established_manager_watchlist,existing manager,Verify as established manager; keep only for branding/SMM or positioning opportunity.,Roll Up Vehicles,"MA-0515 Fund I, a series of Roll Up Vehicles, LP","N/A Fund GP, LLC",Director,"N/A Fund GP, LLC (Director); N/A Belltower Fund Group, Ltd. (Director)",existing_manager,Existing manager,Fund I,first_filer,2026,"$129,000","$129,000",2026-07-24,Pooled Investment Fund - Venture Capital Fund,Lynnwood,WA,0002137588-26-000001,https://www.sec.gov/Archives/edgar/data/2137588/000213758826000001/0002137588-26-000001-index.htm,https://www.linkedin.com/search/results/people/?keywords=N%2FA+Fund+GP%2C+LLC+Roll+Up+Vehicles,https://www.linkedin.com/search/results/companies/?keywords=Roll+Up+Vehicles,https://www.google.com/search?q=%22Roll+Up+Vehicles%22+venture+capital
4,established_manager_watchlist,existing manager,Verify as established manager; keep only for branding/SMM or positioning opportunity.,Roll Up Vehicles,"LI Access Fund I, a series of Roll Up Vehicles, LP","N/A Fund GP, LLC",Director,"N/A Fund GP, LLC (Director); N/A Belltower Fund Group, Ltd. (Director)",existing_manager,Existing manager,Fund I,first_filer,2026,"$450,000","$450,000",2026-07-24,Pooled Investment Fund - Venture Capital Fund,Lynnwood,WA,0002116962-26-000001,https://www.sec.gov/Archives/edgar/data/2116962/000211696226000001/0002116962-26-000001-index.htm,https://www.linkedin.com/search/results/people/?keywords=N%2FA+Fund+GP%2C+LLC+Roll+Up+Vehicles,https://www.linkedin.com/search/results/companies/?keywords=Roll+Up+Vehicles,https://www.google.com/search?q=%22Roll+Up+Vehicles%22+venture+capital
4,established_manager_watchlist,existing manager,Verify as established manager; keep only for branding/SMM or positioning opportunity.,Armenian Founders,"ZE-1213 Fund I, a series of Armenian Founders, LP","N/A Fund GP, LLC",Director,"N/A Fund GP, LLC (Director); N/A Belltower Fund Group, Ltd. (Director)",existing_manager,Existing manager,Fund I,first_filer,2026,"$77,800","$77,800",2026-07-24,Pooled Investment Fund - Venture Capital Fund,LYNNWOOD,WA,0002104790-26-000001,https://www.sec.gov/Archives/edgar/data/2104790/000210479026000001/0002104790-26-000001-index.htm,https://www.linkedin.com/search/results/people/?keywords=N%2FA+Fund+GP%2C+LLC+Armenian+Founders,https://www.linkedin.com/search/results/companies/?keywords=Armenian+Founders,https://www.google.com/search?q=%22Armenian+Founders%22+venture+capital
4,established_manager_watchlist,existing manager,Verify as established manager; keep only for branding/SMM or positioning opportunity.,JKA Venture Funds,"SP-1120 Fund I, a series of JKA Venture Funds, LP","N/A Fund GP, LLC",Director,"N/A Fund GP, LLC (Director); N/A Belltower Fund Group, Ltd. (Director)",existing_manager,Existing manager,Fund I,first_filer,2025,"$93,001","$93,001",2026-07-24,Pooled Investment Fund - Venture Capital Fund,Lynnwood,WA,0002103546-26-000002,https://www.sec.gov/Archives/edgar/data/2103546/000210354626000002/0002103546-26-000002-index.htm,https://www.linkedin.com/search/results/people/?keywords=N%2FA+Fund+GP%2C+LLC+JKA+Venture+Funds,https://www.linkedin.com/search/results/companies/?keywords=JKA+Venture+Funds,https://www.google.com/search?q=%22JKA+Venture+Funds%22+venture+capital
4,established_manager_watchlist,existing manager,Verify as established manager; keep only for branding/SMM or positioning opportunity.,ARK Strategic Capital Fund,"ARK Strategic Capital Fund, LP",N/A ARK Capital Markets LLC,Executive Officer,N/A ARK Capital Markets LLC (Executive Officer); N/A ARK Investment Management LLC (Executive Officer); Kellen Carter (Executive Officer); Thomas Staudt (Executive Officer); Paul Wilson (Executive Officer),existing_manager,Existing manager,Emerging Fund,first_filer,2026,$0,$0,2026-07-24,Pooled Investment Fund - Venture Capital Fund,ST. PETERSBURG,FL,0002141934-26-000002,https://www.sec.gov/Archives/edgar/data/2141934/000214193426000002/0002141934-26-000002-index.htm,https://www.linkedin.com/search/results/people/?keywords=N%2FA+ARK+Capital+Markets+LLC+ARK+Strategic+Capital+Fund,https://www.linkedin.com/search/results/companies/?keywords=ARK+Strategic+Capital+Fund,https://www.google.com/search?q=%22ARK+Strategic+Capital+Fund%22+venture+capital
4,established_manager_watchlist,existing manager,Verify as established manager; keep only for branding/SMM or positioning opportunity.,CGF2021,Garuda Ventures MV2026 a Series of CGF2021 LLC,LLC GARUDA VENTURES II GP,Executive Officer,LLC GARUDA VENTURES II GP (Executive Officer),existing_manager,Existing manager,Emerging Fund,first_filer,2026,"$687,500","$687,500",2026-07-24,Pooled Investment Fund - Venture Capital Fund,CLAYMONT,DE,0002145287-26-000001,https://www.sec.gov/Archives/edgar/data/2145287/000214528726000001/0002145287-26-000001-index.htm,https://www.linkedin.com/search/results/people/?keywords=LLC+GARUDA+VENTURES+II+GP+CGF2021,https://www.linkedin.com/search/results/companies/?keywords=CGF2021,https://www.google.com/search?q=%22CGF2021%22+venture+capital
4,established_manager_watchlist,existing manager,Verify as established manager; keep only for branding/SMM or positioning opportunity.,What If Ventures Master,AAC26 a Series of What If Ventures Master LLC,LLC What If Capital,Executive Officer,LLC What If Capital (Executive Officer),existing_manager,Existing manager,Emerging Fund,first_filer,2026,$2M,$2M,2026-07-24,Pooled Investment Fund - Venture Capital Fund,CLAYMONT,DE,0002144746-26-000001,https://www.sec.gov/Archives/edgar/data/2144746/000214474626000001/0002144746-26-000001-index.htm,https://www.linkedin.com/search/results/people/?keywords=LLC+What+If+Capital+What+If+Ventures+Master,https://www.linkedin.com/search/results/companies/?keywords=What+If+Ventures+Master,https://www.google.com/search?q=%22What+If+Ventures+Master%22+venture+capital
4,established_manager_watchlist,existing manager,Verify as established manager; keep only for branding/SMM or positioning opportunity.,CGF2021,MTx Capital a Series of CGF2021 LLC,LLC Sydecar,Director,LLC Sydecar (Director); Brett Sagan (Executive Officer),existing_manager,Existing manager,Emerging Fund,first_filer,2026,"$155,010","$155,010",2026-07-24,Pooled Investment Fund - Venture Capital Fund,CLAYMONT,DE,0002146864-26-000001,https://www.sec.gov/Archives/edgar/data/2146864/000214686426000001/0002146864-26-000001-index.htm,https://www.linkedin.com/search/results/people/?keywords=LLC+Sydecar+CGF2021,https://www.linkedin.com/search/results/companies/?keywords=CGF2021,https://www.google.com/search?q=%22CGF2021%22+venture+capital
4,established_manager_watchlist,existing manager,Verify as established manager; keep only for branding/SMM or positioning opportunity.,Banter Capital Opportunities I,Banter Capital Opportunities I LP,"Banter Capital Fund I GP, LLC NA",Executive Officer,"Banter Capital Fund I GP, LLC NA (Executive Officer); Banter Capital Holdings LLC NA (Executive Officer); Heston Berkman (Executive Officer)",existing_manager,Existing manager,Emerging Fund,first_filer,2026,$7M,$7M,2026-07-24,Pooled Investment Fund - Venture Capital Fund,ORLANDO,FL,0002146891-26-000001,https://www.sec.gov/Archives/edgar/data/2146891/000214689126000001/0002146891-26-000001-index.htm,https://www.linkedin.com/search/results/people/?keywords=Banter+Capital+Fund+I+GP%2C+LLC+NA+Banter+Capital+Opportunities+I,https://www.linkedin.com/search/results/companies/?keywords=Banter+Capital+Opportunities+I,https://www.google.com/search?q=%22Banter+Capital+Opportunities+I%22+venture+capital
4,established_manager_watchlist,existing manager,Verify as established manager; keep only for branding/SMM or positioning opportunity.,Embedding Opportunity Funds,"Mount Athena Fund I, a Series of Embedding Opportunity Funds, LLC","Embedding VC, LLC",Executive Officer,"Embedding VC, LLC (Executive Officer); Jie Luo (Executive Officer, Director)",existing_manager,Existing manager,Fund I,first_filer,2026,"$775,000","$775,000",2026-07-27,Pooled Investment Fund - Venture Capital Fund,PALO ALTO,CA,0002144821-26-000001,https://www.sec.gov/Archives/edgar/data/2144821/000214482126000001/0002144821-26-000001-index.htm,https://www.linkedin.com/search/results/people/?keywords=Embedding+VC%2C+LLC+Embedding+Opportunity+Funds,https://www.linkedin.com/search/results/companies/?keywords=Embedding+Opportunity+Funds,https://www.google.com/search?q=%22Embedding+Opportunity+Funds%22+venture+capital
4,established_manager_watchlist,existing manager,Verify as established manager; keep only for branding/SMM or positioning opportunity.,Menlo LV Partners,"Menlo LV Partners, L.P.","N/A Menlo LV GP, L.L.C.",Director,"N/A Menlo LV GP, L.L.C. (Director); Venky Ganesan (Director); Shawn T. Carolan (Director); Matthew Murphy (Director); N/A Menlo Ventures Management, L.P. (Director); N/A MVM GP, L.L.C. (Director)",existing_manager,Existing manager,Emerging Fund,first_filer,2026,$40M,$0,2026-07-28,Pooled Investment Fund - Venture Capital Fund,MENLO PARK,CA,0001104659-26-087560,https://www.sec.gov/Archives/edgar/data/2143703/000110465926087560/0001104659-26-087560-index.htm,https://www.linkedin.com/search/results/people/?keywords=N%2FA+Menlo+LV+GP%2C+L.L.C.+Menlo+LV+Partners,https://www.linkedin.com/search/results/companies/?keywords=Menlo+LV+Partners,https://www.google.com/search?q=%22Menlo+LV+Partners%22+venture+capital
4,established_manager_watchlist,existing manager,Verify as established manager; keep only for branding/SMM or positioning opportunity.,Impellent Ventures Funds,"SAI Fund I, a series of Impellent Ventures Funds, LP","N/A Impellent Ventures III GP, LLC",Director,"N/A Impellent Ventures III GP, LLC (Director); Philip Beauregard (Executive Officer)",existing_manager,Existing manager,Fund I,first_filer,2026,$4M,$4M,2026-07-29,Pooled Investment Fund - Venture Capital Fund,ROCHESTER,NY,0002145879-26-000001,https://www.sec.gov/Archives/edgar/data/2145879/000214587926000001/0002145879-26-000001-index.htm,https://www.linkedin.com/search/results/people/?keywords=N%2FA+Impellent+Ventures+III+GP%2C+LLC+Impellent+Ventures+Funds,https://www.linkedin.com/search/results/companies/?keywords=Impellent+Ventures+Funds,https://www.google.com/search?q=%22Impellent+Ventures+Funds%22+venture+capital
4,established_manager_watchlist,existing manager,Verify as established manager; keep only for branding/SMM or positioning opportunity.,Exitfund Venture,"TA-0708 Fund I, a series of Exitfund Venture, LP","N/A Fund GP, LLC",Director,"N/A Fund GP, LLC (Director); N/A Belltower Fund Group, Ltd. (Director)",existing_manager,Existing manager,Fund I,first_filer,2026,"$380,000","$380,000",2026-07-29,Pooled Investment Fund - Venture Capital Fund,Lynnwood,WA,0002144993-26-000001,https://www.sec.gov/Archives/edgar/data/2144993/000214499326000001/0002144993-26-000001-index.htm,https://www.linkedin.com/search/results/people/?keywords=N%2FA+Fund+GP%2C+LLC+Exitfund+Venture,https://www.linkedin.com/search/results/companies/?keywords=Exitfund+Venture,https://www.google.com/search?q=%22Exitfund+Venture%22+venture+capital
4,established_manager_watchlist,existing manager,Verify as established manager; keep only for branding/SMM or positioning opportunity.,Platform Funds 2026,"Builders-DE-0626 Fund I, a series of Platform Funds 2026, LP","N/A Fund GP, LLC",Director,"N/A Fund GP, LLC (Director); N/A Belltower Fund Group, Ltd. (Director)",existing_manager,Existing manager,Fund I,first_filer,2026,$1M,$1M,2026-07-29,Pooled Investment Fund - Venture Capital Fund,Lynnwood,WA,0002143982-26-000001,https://www.sec.gov/Archives/edgar/data/2143982/000214398226000001/0002143982-26-000001-index.htm,https://www.linkedin.com/search/results/people/?keywords=N%2FA+Fund+GP%2C+LLC+Platform+Funds+2026,https://www.linkedin.com/search/results/companies/?keywords=Platform+Funds+2026,https://www.google.com/search?q=%22Platform+Funds+2026%22+venture+capital
4,established_manager_watchlist,existing manager,Verify as established manager; keep only for branding/SMM or positioning opportunity.,Platform Funds 2026,"Two-AA-0511 Fund I, a series of Platform Funds 2026, LP","N/A Fund GP, LLC",Director,"N/A Fund GP, LLC (Director); N/A Belltower Fund Group, Ltd. (Director)",existing_manager,Existing manager,Fund I,first_filer,2026,$1M,$1M,2026-07-29,Pooled Investment Fund - Venture Capital Fund,Lynnwood,WA,0002135980-26-000001,https://www.sec.gov/Archives/edgar/data/2135980/000213598026000001/0002135980-26-000001-index.htm,https://www.linkedin.com/search/results/people/?keywords=N%2FA+Fund+GP%2C+LLC+Platform+Funds+2026,https://www.linkedin.com/search/results/companies/?keywords=Platform+Funds+2026,https://www.google.com/search?q=%22Platform+Funds+2026%22+venture+capital
4,established_manager_watchlist,existing manager,Verify as established manager; keep only for branding/SMM or positioning opportunity.,Roll Up Vehicles,"SH-0629 Fund I, a series of Roll Up Vehicles, LP","N/A Fund GP, LLC",Director,"N/A Fund GP, LLC (Director); N/A Belltower Fund Group, Ltd. (Director)",existing_manager,Existing manager,Fund I,first_filer,2026,"$725,000","$725,000",2026-07-29,Pooled Investment Fund - Venture Capital Fund,Lynnwood,WA,0002145934-26-000001,https://www.sec.gov/Archives/edgar/data/2145934/000214593426000001/0002145934-26-000001-index.htm,https://www.linkedin.com/search/results/people/?keywords=N%2FA+Fund+GP%2C+LLC+Roll+Up+Vehicles,https://www.linkedin.com/search/results/companies/?keywords=Roll+Up+Vehicles,https://www.google.com/search?q=%22Roll+Up+Vehicles%22+venture+capital
4,established_manager_watchlist,existing manager,Verify as established manager; keep only for branding/SMM or positioning opportunity.,Platform Funds 2026,"Animal-AR-0309 Fund I, a series of Platform Funds 2026, LP","N/A Fund GP, LLC",Director,"N/A Fund GP, LLC (Director); N/A Belltower Fund Group, Ltd. (Director)",existing_manager,Existing manager,Fund I,first_filer,2026,"$590,999","$590,999",2026-07-29,Pooled Investment Fund - Venture Capital Fund,Lynnwood,WA,0002138337-26-000001,https://www.sec.gov/Archives/edgar/data/2138337/000213833726000001/0002138337-26-000001-index.htm,https://www.linkedin.com/search/results/people/?keywords=N%2FA+Fund+GP%2C+LLC+Platform+Funds+2026,https://www.linkedin.com/search/results/companies/?keywords=Platform+Funds+2026,https://www.google.com/search?q=%22Platform+Funds+2026%22+venture+capital
4,established_manager_watchlist,existing manager,Verify as established manager; keep only for branding/SMM or positioning opportunity.,Jolt VC,"RE-0512 Fund I, a series of Jolt VC, LP","N/A Fund GP, LLC",Director,"N/A Fund GP, LLC (Director); N/A Belltower Fund Group, Ltd. (Director)",existing_manager,Existing manager,Fund I,first_filer,2026,"$275,003","$275,003",2026-07-29,Pooled Investment Fund - Venture Capital Fund,Lynnwood,WA,0002135535-26-000001,https://www.sec.gov/Archives/edgar/data/2135535/000213553526000001/0002135535-26-000001-index.htm,https://www.linkedin.com/search/results/people/?keywords=N%2FA+Fund+GP%2C+LLC+Jolt+VC,https://www.linkedin.com/search/results/companies/?keywords=Jolt+VC,https://www.google.com/search?q=%22Jolt+VC%22+venture+capital
4,established_manager_watchlist,existing manager,Verify as established manager; keep only for branding/SMM or positioning opportunity.,Platform Funds 2026,"Bija-AV-0427 Fund I, a series of Platform Funds 2026, LP","N/A Fund GP, LLC",Director,"N/A Fund GP, LLC (Director); N/A Belltower Fund Group, Ltd. (Director)",existing_manager,Existing manager,Fund I,first_filer,2026,"$76,050","$76,050",2026-07-29,Pooled Investment Fund - Venture Capital Fund,Lynnwood,WA,0002133738-26-000001,https://www.sec.gov/Archives/edgar/data/2133738/000213373826000001/0002133738-26-000001-index.htm,https://www.linkedin.com/search/results/people/?keywords=N%2FA+Fund+GP%2C+LLC+Platform+Funds+2026,https://www.linkedin.com/search/results/companies/?keywords=Platform+Funds+2026,https://www.google.com/search?q=%22Platform+Funds+2026%22+venture+capital
4,established_manager_watchlist,existing manager,Verify as established manager; keep only for branding/SMM or positioning opportunity.,Jolt VC,"HA-0309 Fund I, a series of Jolt VC, LP","N/A Fund GP, LLC",Director,"N/A Fund GP, LLC (Director); N/A Belltower Fund Group, Ltd. (Director)",existing_manager,Existing manager,Fund I,first_filer,2026,"$45,040","$45,040",2026-07-29,Pooled Investment Fund - Venture Capital Fund,Lynnwood,WA,0002124949-26-000001,https://www.sec.gov/Archives/edgar/data/2124949/000212494926000001/0002124949-26-000001-index.htm,https://www.linkedin.com/search/results/people/?keywords=N%2FA+Fund+GP%2C+LLC+Jolt+VC,https://www.linkedin.com/search/results/companies/?keywords=Jolt+VC,https://www.google.com/search?q=%22Jolt+VC%22+venture+capital
4,established_manager_watchlist,existing manager,Verify as established manager; keep only for branding/SMM or positioning opportunity.,DRH Rollups,"PE-0401 Fund I, a series of DRH Rollups, LP","N/A DRH Ventures, LLC",Director,"N/A DRH Ventures, LLC (Director); Daniel Hightower (Executive Officer)",existing_manager,Existing manager,Fund I,first_filer,2026,"$30,883","$30,883",2026-07-29,Pooled Investment Fund - Venture Capital Fund,WASHINGTON,DC,0002129942-26-000001,https://www.sec.gov/Archives/edgar/data/2129942/000212994226000001/0002129942-26-000001-index.htm,https://www.linkedin.com/search/results/people/?keywords=N%2FA+DRH+Ventures%2C+LLC+DRH+Rollups,https://www.linkedin.com/search/results/companies/?keywords=DRH+Rollups,https://www.google.com/search?q=%22DRH+Rollups%22+venture+capital
4,established_manager_watchlist,existing manager,Verify as established manager; keep only for branding/SMM or positioning opportunity.,V360 Holdings,Full Circle Ventures - CarbonStrong SPV A Series of V360 Holdings LLC,Rahul Shendure,Promoter,Rahul Shendure (Promoter),existing_manager,Existing manager,Emerging Fund,first_filer,2026,"$260,000",$0,2026-07-29,Pooled Investment Fund - Venture Capital Fund,SEATTLE,WA,0002147806-26-000001,https://www.sec.gov/Archives/edgar/data/2147806/000214780626000001/0002147806-26-000001-index.htm,https://www.linkedin.com/search/results/people/?keywords=Rahul+Shendure+V360+Holdings,https://www.linkedin.com/search/results/companies/?keywords=V360+Holdings,https://www.google.com/search?q=%22V360+Holdings%22+venture+capital
4,established_manager_watchlist,existing manager,Verify as established manager; keep only for branding/SMM or positioning opportunity.,AP Capital I,AP Capital I LP,N/A AP Capital GP LLC,Promoter,N/A AP Capital GP LLC (Promoter); Sabrina Hahn (Director); Evan Hahn (Director),existing_manager,Existing manager,Emerging Fund,first_filer,2026,$0,$0,2026-07-29,Pooled Investment Fund - Venture Capital Fund,New York,NY,0000905148-26-003382,https://www.sec.gov/Archives/edgar/data/2140744/000090514826003382/0000905148-26-003382-index.htm,https://www.linkedin.com/search/results/people/?keywords=N%2FA+AP+Capital+GP+LLC+AP+Capital+I,https://www.linkedin.com/search/results/companies/?keywords=AP+Capital+I,https://www.google.com/search?q=%22AP+Capital+I%22+venture+capital
4,established_manager_watchlist,existing manager,Verify as established manager; keep only for branding/SMM or positioning opportunity.,V360 Holdings,922 Capital Project Hub A Series of V360 Holdings LLC,Zhiyu He,Promoter,Zhiyu He (Promoter),existing_manager,Existing manager,Emerging Fund,first_filer,2026,"$500,000",$0,2026-07-29,Pooled Investment Fund - Venture Capital Fund,HOUSTON,TX,0002147794-26-000001,https://www.sec.gov/Archives/edgar/data/2147794/000214779426000001/0002147794-26-000001-index.htm,https://www.linkedin.com/search/results/people/?keywords=Zhiyu+He+V360+Holdings,https://www.linkedin.com/search/results/companies/?keywords=V360+Holdings,https://www.google.com/search?q=%22V360+Holdings%22+venture+capital
4,established_manager_watchlist,existing manager,Verify as established manager; keep only for branding/SMM or positioning opportunity.,V360 Holdings,Duke Capital Partners 2607A A Series of V360 Holdings LLC,David Neal,Promoter,David Neal (Promoter),existing_manager,Existing manager,Emerging Fund,first_filer,2026,"$396,608","$396,608",2026-07-29,Pooled Investment Fund - Venture Capital Fund,CHAPEL HILL,NC,0002147731-26-000001,https://www.sec.gov/Archives/edgar/data/2147731/000214773126000001/0002147731-26-000001-index.htm,https://www.linkedin.com/search/results/people/?keywords=David+Neal+V360+Holdings,https://www.linkedin.com/search/results/companies/?keywords=V360+Holdings,https://www.google.com/search?q=%22V360+Holdings%22+venture+capital
4,established_manager_watchlist,existing manager,Verify as established manager; keep only for branding/SMM or positioning opportunity.,V360 Holdings,Duke Capital Partners 2605D A Series of V360 Holdings LLC,David Neal,Promoter,David Neal (Promoter),existing_manager,Existing manager,Emerging Fund,first_filer,2026,$2M,$2M,2026-07-29,Pooled Investment Fund - Venture Capital Fund,CHAPEL HILL,NC,0002147727-26-000001,https://www.sec.gov/Archives/edgar/data/2147727/000214772726000001/0002147727-26-000001-index.htm,https://www.linkedin.com/search/results/people/?keywords=David+Neal+V360+Holdings,https://www.linkedin.com/search/results/companies/?keywords=V360+Holdings,https://www.google.com/search?q=%22V360+Holdings%22+venture+capital
4,established_manager_watchlist,existing manager,Verify as established manager; keep only for branding/SMM or positioning opportunity.,V360 Holdings,Duke Capital Partners 2605C A Series of V360 Holdings LLC,David Neal,Promoter,David Neal (Promoter),existing_manager,Existing manager,Emerging Fund,first_filer,2026,$1M,$1M,2026-07-29,Pooled Investment Fund - Venture Capital Fund,CHAPEL HILL,NC,0002147724-26-000001,https://www.sec.gov/Archives/edgar/data/2147724/000214772426000001/0002147724-26-000001-index.htm,https://www.linkedin.com/search/results/people/?keywords=David+Neal+V360+Holdings,https://www.linkedin.com/search/results/companies/?keywords=V360+Holdings,https://www.google.com/search?q=%22V360+Holdings%22+venture+capital
4,established_manager_watchlist,existing manager,Verify as established manager; keep only for branding/SMM or positioning opportunity.,V360 Holdings,Duke Capital Partners 2606C A Series of V360 Holdings LLC,David Neal,Promoter,David Neal (Promoter),existing_manager,Existing manager,Emerging Fund,first_filer,2026,"$111,962","$111,962",2026-07-29,Pooled Investment Fund - Venture Capital Fund,CHAPEL HILL,DE,0002147730-26-000001,https://www.sec.gov/Archives/edgar/data/2147730/000214773026000001/0002147730-26-000001-index.htm,https://www.linkedin.com/search/results/people/?keywords=David+Neal+V360+Holdings,https://www.linkedin.com/search/results/companies/?keywords=V360+Holdings,https://www.google.com/search?q=%22V360+Holdings%22+venture+capital
4,established_manager_watchlist,existing manager,Verify as established manager; keep only for branding/SMM or positioning opportunity.,V360 Holdings,Duke Capital Partners 2606B A Series of V360 Holdings LLC,David Neal,Promoter,David Neal (Promoter),existing_manager,Existing manager,Emerging Fund,first_filer,2026,"$672,160","$672,160",2026-07-29,Pooled Investment Fund - Venture Capital Fund,CHAPEL HILL,NC,0002147728-26-000001,https://www.sec.gov/Archives/edgar/data/2147728/000214772826000001/0002147728-26-000001-index.htm,https://www.linkedin.com/search/results/people/?keywords=David+Neal+V360+Holdings,https://www.linkedin.com/search/results/companies/?keywords=V360+Holdings,https://www.google.com/search?q=%22V360+Holdings%22+venture+capital
4,established_manager_watchlist,existing manager,Verify as established manager; keep only for branding/SMM or positioning opportunity.,Industrial Capital,"Industrial Capital Fund I, L.P.","N/A Industrial Capital GP I, LLC",Director,"N/A Industrial Capital GP I, LLC (Director); Blake Masters (Director); Brian Norgard (Director)",existing_manager,Existing manager,Fund I,first_filer,2026,$150M,$0,2026-07-30,Pooled Investment Fund - Venture Capital Fund,MANHATTAN BEACH,CA,0002146224-26-000001,https://www.sec.gov/Archives/edgar/data/2146224/000214622426000001/0002146224-26-000001-index.htm,https://www.linkedin.com/search/results/people/?keywords=N%2FA+Industrial+Capital+GP+I%2C+LLC+Industrial+Capital,https://www.linkedin.com/search/results/companies/?keywords=Industrial+Capital,https://www.google.com/search?q=%22Industrial+Capital%22+venture+capital
4,established_manager_watchlist,existing manager,Verify as established manager; keep only for branding/SMM or positioning opportunity.,Elemental AI,"Elemental AI Fund I, L.P.","N/A Elemental AI Fund 1 GP, L.P.",Director,"N/A Elemental AI Fund 1 GP, L.P. (Director); N/A Atrum Management Limited (Director); Dany Katra (Director); Claire Abrehart (Director); Brandon Green (Executive Officer)",existing_manager,Existing manager,Fund I,first_filer,2026,$450M,$0,2026-07-30,Pooled Investment Fund - Venture Capital Fund,TORTOLA,D8,0001104659-26-088631,https://www.sec.gov/Archives/edgar/data/2141004/000110465926088631/0001104659-26-088631-index.htm,https://www.linkedin.com/search/results/people/?keywords=N%2FA+Elemental+AI+Fund+1+GP%2C+L.P.+Elemental+AI,https://www.linkedin.com/search/results/companies/?keywords=Elemental+AI,https://www.google.com/search?q=%22Elemental+AI%22+venture+capital
4,established_manager_watchlist,existing manager,Verify as established manager; keep only for branding/SMM or positioning opportunity.,Exitfund Venture,"IS-0708 Fund I, a series of Exitfund Venture, LP","N/A Fund GP, LLC",Director,"N/A Fund GP, LLC (Director); N/A Belltower Fund Group, Ltd. (Director)",existing_manager,Existing manager,Fund I,first_filer,2026,"$300,000","$300,000",2026-07-30,Pooled Investment Fund - Venture Capital Fund,Lynnwood,WA,0002145899-26-000001,https://www.sec.gov/Archives/edgar/data/2145899/000214589926000001/0002145899-26-000001-index.htm,https://www.linkedin.com/search/results/people/?keywords=N%2FA+Fund+GP%2C+LLC+Exitfund+Venture,https://www.linkedin.com/search/results/companies/?keywords=Exitfund+Venture,https://www.google.com/search?q=%22Exitfund+Venture%22+venture+capital
4,established_manager_watchlist,existing manager,Verify as established manager; keep only for branding/SMM or positioning opportunity.,Exitfund Venture,"BU-0625 Fund I, a series of Exitfund Venture, LP","N/A Fund GP, LLC",Director,"N/A Fund GP, LLC (Director); N/A Belltower Fund Group, Ltd. (Director)",existing_manager,Existing manager,Fund I,first_filer,2026,"$98,191","$98,191",2026-07-30,Pooled Investment Fund - Venture Capital Fund,Lynnwood,WA,0002143960-26-000001,https://www.sec.gov/Archives/edgar/data/2143960/000214396026000001/0002143960-26-000001-index.htm,https://www.linkedin.com/search/results/people/?keywords=N%2FA+Fund+GP%2C+LLC+Exitfund+Venture,https://www.linkedin.com/search/results/companies/?keywords=Exitfund+Venture,https://www.google.com/search?q=%22Exitfund+Venture%22+venture+capital
4,established_manager_watchlist,existing manager,Verify as established manager; keep only for branding/SMM or positioning opportunity.,Platform Funds 2026,"Seedradar-SH-0508 Fund I, a series of Platform Funds 2026, LP","N/A Fund GP, LLC",Director,"N/A Fund GP, LLC (Director); N/A Belltower Fund Group, Ltd. (Director)",existing_manager,Existing manager,Fund I,first_filer,2026,"$68,150","$68,150",2026-07-30,Pooled Investment Fund - Venture Capital Fund,Lynnwood,WA,0002135099-26-000001,https://www.sec.gov/Archives/edgar/data/2135099/000213509926000001/0002135099-26-000001-index.htm,https://www.linkedin.com/search/results/people/?keywords=N%2FA+Fund+GP%2C+LLC+Platform+Funds+2026,https://www.linkedin.com/search/results/companies/?keywords=Platform+Funds+2026,https://www.google.com/search?q=%22Platform+Funds+2026%22+venture+capital
4,established_manager_watchlist,existing manager,Verify as established manager; keep only for branding/SMM or positioning opportunity.,Roll Up Vehicles,"MO-0621 Fund I, a series of Roll Up Vehicles, LP","N/A Fund GP, LLC",Director,"N/A Fund GP, LLC (Director); N/A Belltower Fund Group, Ltd. (Director)",existing_manager,Existing manager,Fund I,first_filer,2026,$1M,$1M,2026-07-30,Pooled Investment Fund - Venture Capital Fund,Lynnwood,WA,0002143332-26-000001,https://www.sec.gov/Archives/edgar/data/2143332/000214333226000001/0002143332-26-000001-index.htm,https://www.linkedin.com/search/results/people/?keywords=N%2FA+Fund+GP%2C+LLC+Roll+Up+Vehicles,https://www.linkedin.com/search/results/companies/?keywords=Roll+Up+Vehicles,https://www.google.com/search?q=%22Roll+Up+Vehicles%22+venture+capital
4,established_manager_watchlist,existing manager,Verify as established manager; keep only for branding/SMM or positioning opportunity.,MV Funds,"PE-0703 Fund I, a series of MV Funds, LP","N/A Fund GP, LLC",Director,"N/A Fund GP, LLC (Director); N/A Belltower Fund Group, Ltd. (Director)",existing_manager,Existing manager,Fund I,first_filer,2026,"$399,508","$399,508",2026-07-30,Pooled Investment Fund - Venture Capital Fund,Lynnwood,WA,0002145926-26-000001,https://www.sec.gov/Archives/edgar/data/2145926/000214592626000001/0002145926-26-000001-index.htm,https://www.linkedin.com/search/results/people/?keywords=N%2FA+Fund+GP%2C+LLC+MV+Funds,https://www.linkedin.com/search/results/companies/?keywords=MV+Funds,https://www.google.com/search?q=%22MV+Funds%22+venture+capital
4,established_manager_watchlist,existing manager,Verify as established manager; keep only for branding/SMM or positioning opportunity.,MV Funds,"KE-0620 Fund I, a series of MV Funds, LP","N/A Fund GP, LLC",Director,"N/A Fund GP, LLC (Director); N/A Belltower Fund Group, Ltd. (Director)",existing_manager,Existing manager,Fund I,first_filer,2026,"$140,200","$140,200",2026-07-30,Pooled Investment Fund - Venture Capital Fund,Lynnwood,WA,0002145735-26-000001,https://www.sec.gov/Archives/edgar/data/2145735/000214573526000001/0002145735-26-000001-index.htm,https://www.linkedin.com/search/results/people/?keywords=N%2FA+Fund+GP%2C+LLC+MV+Funds,https://www.linkedin.com/search/results/companies/?keywords=MV+Funds,https://www.google.com/search?q=%22MV+Funds%22+venture+capital
4,established_manager_watchlist,existing manager,Verify as established manager; keep only for branding/SMM or positioning opportunity.,Sajid Rahman Angel Funds,"PR-0625 Fund I, a series of Sajid Rahman Angel Funds, LP","N/A Fund GP, LLC",Director,"N/A Fund GP, LLC (Director); N/A Belltower Fund Group, Ltd. (Director)",existing_manager,Existing manager,Fund I,first_filer,2026,"$127,000","$127,000",2026-07-30,Pooled Investment Fund - Venture Capital Fund,Lynnwood,WA,0002143986-26-000001,https://www.sec.gov/Archives/edgar/data/2143986/000214398626000001/0002143986-26-000001-index.htm,https://www.linkedin.com/search/results/people/?keywords=N%2FA+Fund+GP%2C+LLC+Sajid+Rahman+Angel+Funds,https://www.linkedin.com/search/results/companies/?keywords=Sajid+Rahman+Angel+Funds,https://www.google.com/search?q=%22Sajid+Rahman+Angel+Funds%22+venture+capital
4,established_manager_watchlist,existing manager,Verify as established manager; keep only for branding/SMM or positioning opportunity.,Parkave Funds,"LA-0623 Fund I, a series of Parkave Funds, LP","N/A Fund GP, LLC",Director,"N/A Fund GP, LLC (Director); N/A Belltower Fund Group, Ltd. (Director)",existing_manager,Existing manager,Fund I,first_filer,2026,"$160,000","$160,000",2026-07-30,Pooled Investment Fund - Venture Capital Fund,Lynnwood,WA,0002142774-26-000001,https://www.sec.gov/Archives/edgar/data/2142774/000214277426000001/0002142774-26-000001-index.htm,https://www.linkedin.com/search/results/people/?keywords=N%2FA+Fund+GP%2C+LLC+Parkave+Funds,https://www.linkedin.com/search/results/companies/?keywords=Parkave+Funds,https://www.google.com/search?q=%22Parkave+Funds%22+venture+capital
4,established_manager_watchlist,existing manager,Verify as established manager; keep only for branding/SMM or positioning opportunity.,Sajid Rahman Angel Funds,"MA-0616 Fund I, a series of Sajid Rahman Angel Funds, LP","N/A Fund GP, LLC",Director,"N/A Fund GP, LLC (Director); N/A Belltower Fund Group, Ltd. (Director)",existing_manager,Existing manager,Fund I,first_filer,2026,"$189,000","$189,000",2026-07-30,Pooled Investment Fund - Venture Capital Fund,Lynnwood,WA,0002142293-26-000001,https://www.sec.gov/Archives/edgar/data/2142293/000214229326000001/0002142293-26-000001-index.htm,https://www.linkedin.com/search/results/people/?keywords=N%2FA+Fund+GP%2C+LLC+Sajid+Rahman+Angel+Funds,https://www.linkedin.com/search/results/companies/?keywords=Sajid+Rahman+Angel+Funds,https://www.google.com/search?q=%22Sajid+Rahman+Angel+Funds%22+venture+capital
4,established_manager_watchlist,existing manager,Verify as established manager; keep only for branding/SMM or positioning opportunity.,Platform Funds 2026,"MiamiVC-SH-0501 Fund I, a series of Platform Funds 2026, LP","N/A Fund GP, LLC",Director,"N/A Fund GP, LLC (Director); N/A Belltower Fund Group, Ltd. (Director)",existing_manager,Existing manager,Fund I,first_filer,2026,"$100,000","$100,000",2026-07-30,Pooled Investment Fund - Venture Capital Fund,Lynnwood,WA,0002141947-26-000001,https://www.sec.gov/Archives/edgar/data/2141947/000214194726000001/0002141947-26-000001-index.htm,https://www.linkedin.com/search/results/people/?keywords=N%2FA+Fund+GP%2C+LLC+Platform+Funds+2026,https://www.linkedin.com/search/results/companies/?keywords=Platform+Funds+2026,https://www.google.com/search?q=%22Platform+Funds+2026%22+venture+capital
4,established_manager_watchlist,existing manager,Verify as established manager; keep only for branding/SMM or positioning opportunity.,Roll Up Vehicles,"TH-0527 Fund I, a series of Roll Up Vehicles, LP","N/A Fund GP, LLC",Director,"N/A Fund GP, LLC (Director); N/A Belltower Fund Group, Ltd. (Director)",existing_manager,Existing manager,Fund I,first_filer,2026,"$186,000","$186,000",2026-07-30,Pooled Investment Fund - Venture Capital Fund,Lynnwood,WA,0002140908-26-000001,https://www.sec.gov/Archives/edgar/data/2140908/000214090826000001/0002140908-26-000001-index.htm,https://www.linkedin.com/search/results/people/?keywords=N%2FA+Fund+GP%2C+LLC+Roll+Up+Vehicles,https://www.linkedin.com/search/results/companies/?keywords=Roll+Up+Vehicles,https://www.google.com/search?q=%22Roll+Up+Vehicles%22+venture+capital
4,established_manager_watchlist,existing manager,Verify as established manager; keep only for branding/SMM or positioning opportunity.,CGF2021,GSBackers CFRM Fund I a Series of CGF2021 LLC,LLC Sydecar,Director,LLC Sydecar (Director); Brett Sagan (Executive Officer),existing_manager,Existing manager,Fund I,first_filer,2026,$2M,$2M,2026-07-30,Pooled Investment Fund - Venture Capital Fund,CLAYMONT,DE,0002140811-26-000001,https://www.sec.gov/Archives/edgar/data/2140811/000214081126000001/0002140811-26-000001-index.htm,https://www.linkedin.com/search/results/people/?keywords=LLC+Sydecar+CGF2021,https://www.linkedin.com/search/results/companies/?keywords=CGF2021,https://www.google.com/search?q=%22CGF2021%22+venture+capital
4,established_manager_watchlist,existing manager,Verify as established manager; keep only for branding/SMM or positioning opportunity.,Roll Up Vehicles,"BA-0419 Fund I, a series of Roll Up Vehicles, LP","N/A Fund GP, LLC",Director,"N/A Fund GP, LLC (Director); N/A Belltower Fund Group, Ltd. (Director)",existing_manager,Existing manager,Fund I,first_filer,2026,"$67,500","$67,500",2026-07-30,Pooled Investment Fund - Venture Capital Fund,Lynnwood,WA,0002134836-26-000001,https://www.sec.gov/Archives/edgar/data/2134836/000213483626000001/0002134836-26-000001-index.htm,https://www.linkedin.com/search/results/people/?keywords=N%2FA+Fund+GP%2C+LLC+Roll+Up+Vehicles,https://www.linkedin.com/search/results/companies/?keywords=Roll+Up+Vehicles,https://www.google.com/search?q=%22Roll+Up+Vehicles%22+venture+capital
4,established_manager_watchlist,existing manager,Verify as established manager; keep only for branding/SMM or positioning opportunity.,Cambium Capital Alder,Cambium Capital Alder LP,Landon Downs,"Executive Officer, Promoter","Landon Downs (Executive Officer, Promoter)",existing_manager,Existing manager,Emerging Fund,first_filer,2026,$0,$0,2026-07-30,Pooled Investment Fund - Venture Capital Fund,HIGHLAND,MD,0002136864-26-000002,https://www.sec.gov/Archives/edgar/data/2136864/000213686426000002/0002136864-26-000002-index.htm,https://www.linkedin.com/search/results/people/?keywords=Landon+Downs+Cambium+Capital+Alder,https://www.linkedin.com/search/results/companies/?keywords=Cambium+Capital+Alder,https://www.google.com/search?q=%22Cambium+Capital+Alder%22+venture+capital
4,established_manager_watchlist,existing manager,Verify as established manager; keep only for branding/SMM or positioning opportunity.,Starship Ventures Opportunities,"Starship Ventures SPV XXVI a series of Starship Ventures Opportunities, LLC",LLC Starship Ventures GP I,Director,"LLC Starship Ventures GP I (Director); LLC Allocations Fund Administration, (Executive Officer); Richard Thoms (Executive Officer)",existing_manager,Existing manager,Emerging Fund,first_filer,2026,$10M,$10M,2026-07-30,Pooled Investment Fund - Other Investment Fund,Jacksonville,FL,0002145598-26-000001,https://www.sec.gov/Archives/edgar/data/2145598/000214559826000001/0002145598-26-000001-index.htm,https://www.linkedin.com/search/results/people/?keywords=LLC+Starship+Ventures+GP+I+Starship+Ventures+Opportunities,https://www.linkedin.com/search/results/companies/?keywords=Starship+Ventures+Opportunities,https://www.google.com/search?q=%22Starship+Ventures+Opportunities%22+venture+capital
4,established_manager_watchlist,existing manager,Verify as established manager; keep only for branding/SMM or positioning opportunity.,CGF2021,Birdhouse Seed SPV Jul 2025 a Series of CGF2021 LLC,LLC Sydecar,Director,LLC Sydecar (Director); Brett Sagan (Executive Officer),existing_manager,Existing manager,Emerging Fund,first_filer,2026,"$47,500","$47,500",2026-07-30,Pooled Investment Fund - Venture Capital Fund,CLAYMONT,DE,0002096572-26-000001,https://www.sec.gov/Archives/edgar/data/2096572/000209657226000001/0002096572-26-000001-index.htm,https://www.linkedin.com/search/results/people/?keywords=LLC+Sydecar+CGF2021,https://www.linkedin.com/search/results/companies/?keywords=CGF2021,https://www.google.com/search?q=%22CGF2021%22+venture+capital
4,established_manager_watchlist,existing manager,Verify as established manager; keep only for branding/SMM or positioning opportunity.,CGF2021,Iron City Capital a Series of CGF2021 LLC,LLC Sydecar,Director,LLC Sydecar (Director); Brett Sagan (Executive Officer),existing_manager,Existing manager,Emerging Fund,first_filer,2026,"$275,500","$275,500",2026-07-30,Pooled Investment Fund - Venture Capital Fund,CLAYMONT,DE,0002143641-26-000001,https://www.sec.gov/Archives/edgar/data/2143641/000214364126000001/0002143641-26-000001-index.htm,https://www.linkedin.com/search/results/people/?keywords=LLC+Sydecar+CGF2021,https://www.linkedin.com/search/results/companies/?keywords=CGF2021,https://www.google.com/search?q=%22CGF2021%22+venture+capital
4,established_manager_watchlist,existing manager,Verify as established manager; keep only for branding/SMM or positioning opportunity.,Incisive Ventures,"AU-0604 Fund I, a series of Incisive Ventures, LP","N/A Fund GP, LLC",Director,"N/A Fund GP, LLC (Director); N/A Belltower Fund Group, Ltd. (Director)",existing_manager,Existing manager,Fund I,first_filer,2026,"$49,050","$49,050",2026-07-31,Pooled Investment Fund - Venture Capital Fund,Lynnwood,WA,0002143003-26-000001,https://www.sec.gov/Archives/edgar/data/2143003/000214300326000001/0002143003-26-000001-index.htm,https://www.linkedin.com/search/results/people/?keywords=N%2FA+Fund+GP%2C+LLC+Incisive+Ventures,https://www.linkedin.com/search/results/companies/?keywords=Incisive+Ventures,https://www.google.com/search?q=%22Incisive+Ventures%22+venture+capital
4,established_manager_watchlist,existing manager,Verify as established manager; keep only for branding/SMM or positioning opportunity.,Multimodal Ventures,"SY-0611 Fund I, a series of Multimodal Ventures, LP","N/A Fund GP, LLC",Director,"N/A Fund GP, LLC (Director); N/A Belltower Fund Group, Ltd. (Director)",existing_manager,Existing manager,Fund I,first_filer,2026,"$190,000","$190,000",2026-07-31,Pooled Investment Fund - Venture Capital Fund,Lynnwood,WA,0002141169-26-000001,https://www.sec.gov/Archives/edgar/data/2141169/000214116926000001/0002141169-26-000001-index.htm,https://www.linkedin.com/search/results/people/?keywords=N%2FA+Fund+GP%2C+LLC+Multimodal+Ventures,https://www.linkedin.com/search/results/companies/?keywords=Multimodal+Ventures,https://www.google.com/search?q=%22Multimodal+Ventures%22+venture+capital
4,established_manager_watchlist,existing manager,Verify as established manager; keep only for branding/SMM or positioning opportunity.,Adderall Capital Fund,"Fund I, a series of Adderall Capital Fund, LP","N/A Fund GP, LLC",Director,"N/A Fund GP, LLC (Director); N/A Belltower Fund Group, Ltd. (Director)",existing_manager,Existing manager,Fund I,first_filer,2026,$2M,$2M,2026-07-31,Pooled Investment Fund - Venture Capital Fund,Lynnwood,WA,0002144532-26-000001,https://www.sec.gov/Archives/edgar/data/2144532/000214453226000001/0002144532-26-000001-index.htm,https://www.linkedin.com/search/results/people/?keywords=N%2FA+Fund+GP%2C+LLC+Adderall+Capital+Fund,https://www.linkedin.com/search/results/companies/?keywords=Adderall+Capital+Fund,https://www.google.com/search?q=%22Adderall+Capital+Fund%22+venture+capital
4,established_manager_watchlist,existing manager,Verify as established manager; keep only for branding/SMM or positioning opportunity.,Wild Fan Club,"WI-0512 Fund I, a series of Wild Fan Club, LP","N/A Fund GP, LLC",Director,"N/A Fund GP, LLC (Director); N/A Belltower Fund Group, Ltd. (Director)",existing_manager,Existing manager,Fund I,first_filer,2026,$1M,$1M,2026-07-31,Pooled Investment Fund - Venture Capital Fund,Lynnwood,WA,0002144001-26-000001,https://www.sec.gov/Archives/edgar/data/2144001/000214400126000001/0002144001-26-000001-index.htm,https://www.linkedin.com/search/results/people/?keywords=N%2FA+Fund+GP%2C+LLC+Wild+Fan+Club,https://www.linkedin.com/search/results/companies/?keywords=Wild+Fan+Club,https://www.google.com/search?q=%22Wild+Fan+Club%22+venture+capital
4,established_manager_watchlist,existing manager,Verify as established manager; keep only for branding/SMM or positioning opportunity.,776 Olympus,"776 Olympus Fund I, L.P.","N/A 776 Olympus Fund GP I, LLC",Director,"N/A 776 Olympus Fund GP I, LLC (Director); Alexis Ohanian (Director)",existing_manager,Existing manager,Fund I,first_filer,2026,$50M,$8M,2026-07-31,Pooled Investment Fund - Venture Capital Fund,JUPITER,FL,0002146568-26-000001,https://www.sec.gov/Archives/edgar/data/2146568/000214656826000001/0002146568-26-000001-index.htm,https://www.linkedin.com/search/results/people/?keywords=N%2FA+776+Olympus+Fund+GP+I%2C+LLC+776+Olympus,https://www.linkedin.com/search/results/companies/?keywords=776+Olympus,https://www.google.com/search?q=%22776+Olympus%22+venture+capital
4,established_manager_watchlist,existing manager,Verify as established manager; keep only for branding/SMM or positioning opportunity.,Jolt VC,"BI-0709 Fund I, a series of Jolt VC, LP","N/A Fund GP, LLC",Director,"N/A Fund GP, LLC (Director); N/A Belltower Fund Group, Ltd. (Director)",existing_manager,Existing manager,Fund I,first_filer,2026,"$173,000","$173,000",2026-07-31,Pooled Investment Fund - Venture Capital Fund,Lynnwood,WA,0002146163-26-000001,https://www.sec.gov/Archives/edgar/data/2146163/000214616326000001/0002146163-26-000001-index.htm,https://www.linkedin.com/search/results/people/?keywords=N%2FA+Fund+GP%2C+LLC+Jolt+VC,https://www.linkedin.com/search/results/companies/?keywords=Jolt+VC,https://www.google.com/search?q=%22Jolt+VC%22+venture+capital
4,established_manager_watchlist,existing manager,Verify as established manager; keep only for branding/SMM or positioning opportunity.,Roll Up Vehicles,"OR-0629 Fund I, a series of Roll Up Vehicles, LP","N/A Fund GP, LLC",Director,"N/A Fund GP, LLC (Director); N/A Belltower Fund Group, Ltd. (Director)",existing_manager,Existing manager,Fund I,first_filer,2026,"$132,500","$132,500",2026-07-31,Pooled Investment Fund - Venture Capital Fund,Lynnwood,WA,0002144515-26-000001,https://www.sec.gov/Archives/edgar/data/2144515/000214451526000001/0002144515-26-000001-index.htm,https://www.linkedin.com/search/results/people/?keywords=N%2FA+Fund+GP%2C+LLC+Roll+Up+Vehicles,https://www.linkedin.com/search/results/companies/?keywords=Roll+Up+Vehicles,https://www.google.com/search?q=%22Roll+Up+Vehicles%22+venture+capital
4,established_manager_watchlist,existing manager,Verify as established manager; keep only for branding/SMM or positioning opportunity.,Platform Funds 2026,"James-ED-0628 Fund I, a series of Platform Funds 2026, LP","N/A Fund GP, LLC",Director,"N/A Fund GP, LLC (Director); N/A Belltower Fund Group, Ltd. (Director)",existing_manager,Existing manager,Fund I,first_filer,2026,"$285,667","$285,667",2026-07-31,Pooled Investment Fund - Venture Capital Fund,Lynnwood,WA,0002144493-26-000001,https://www.sec.gov/Archives/edgar/data/2144493/000214449326000001/0002144493-26-000001-index.htm,https://www.linkedin.com/search/results/people/?keywords=N%2FA+Fund+GP%2C+LLC+Platform+Funds+2026,https://www.linkedin.com/search/results/companies/?keywords=Platform+Funds+2026,https://www.google.com/search?q=%22Platform+Funds+2026%22+venture+capital
4,established_manager_watchlist,existing manager,Verify as established manager; keep only for branding/SMM or positioning opportunity.,Roll Up Vehicles,"VA-0616 Fund I, a series of Roll Up Vehicles, LP","N/A Fund GP, LLC",Director,"N/A Fund GP, LLC (Director); N/A Belltower Fund Group, Ltd. (Director)",existing_manager,Existing manager,Fund I,first_filer,2026,"$245,000","$245,000",2026-07-31,Pooled Investment Fund - Venture Capital Fund,Lynnwood,WA,0002142234-26-000001,https://www.sec.gov/Archives/edgar/data/2142234/000214223426000001/0002142234-26-000001-index.htm,https://www.linkedin.com/search/results/people/?keywords=N%2FA+Fund+GP%2C+LLC+Roll+Up+Vehicles,https://www.linkedin.com/search/results/companies/?keywords=Roll+Up+Vehicles,https://www.google.com/search?q=%22Roll+Up+Vehicles%22+venture+capital
4,established_manager_watchlist,existing manager,Verify as established manager; keep only for branding/SMM or positioning opportunity.,Hustle Fund Angel Squad,"LO-0608 Fund I, a series of Hustle Fund Angel Squad, LP","N/A Fund GP, LLC",Director,"N/A Fund GP, LLC (Director); N/A Belltower Fund Group, Ltd. (Director)",existing_manager,Existing manager,Fund I,first_filer,2026,"$100,950","$100,950",2026-07-31,Pooled Investment Fund - Venture Capital Fund,Lynnwood,WA,0002141827-26-000001,https://www.sec.gov/Archives/edgar/data/2141827/000214182726000001/0002141827-26-000001-index.htm,https://www.linkedin.com/search/results/people/?keywords=N%2FA+Fund+GP%2C+LLC+Hustle+Fund+Angel+Squad,https://www.linkedin.com/search/results/companies/?keywords=Hustle+Fund+Angel+Squad,https://www.google.com/search?q=%22Hustle+Fund+Angel+Squad%22+venture+capital
4,established_manager_watchlist,existing manager,Verify as established manager; keep only for branding/SMM or positioning opportunity.,Roll Up Vehicles,"NE-0509 Fund I, a series of Roll Up Vehicles, LP","N/A Fund GP, LLC",Director,"N/A Fund GP, LLC (Director); N/A Belltower Fund Group, Ltd. (Director)",existing_manager,Existing manager,Fund I,first_filer,2026,"$465,000","$465,000",2026-07-31,Pooled Investment Fund - Venture Capital Fund,Lynnwood,WA,0002136021-26-000001,https://www.sec.gov/Archives/edgar/data/2136021/000213602126000001/0002136021-26-000001-index.htm,https://www.linkedin.com/search/results/people/?keywords=N%2FA+Fund+GP%2C+LLC+Roll+Up+Vehicles,https://www.linkedin.com/search/results/companies/?keywords=Roll+Up+Vehicles,https://www.google.com/search?q=%22Roll+Up+Vehicles%22+venture+capital
4,established_manager_watchlist,existing manager,Verify as established manager; keep only for branding/SMM or positioning opportunity.,Zachary Ginsburg Funds,"HU-0510 Gaingels Fund I, a series of Zachary Ginsburg Funds, LP","N/A Fund GP, LLC",Director,"N/A Fund GP, LLC (Director); N/A Belltower Fund Group, Ltd. (Director)",existing_manager,Existing manager,Fund I,first_filer,2026,"$150,000","$150,000",2026-07-31,Pooled Investment Fund - Venture Capital Fund,Lynnwood,WA,0002136019-26-000001,https://www.sec.gov/Archives/edgar/data/2136019/000213601926000001/0002136019-26-000001-index.htm,https://www.linkedin.com/search/results/people/?keywords=N%2FA+Fund+GP%2C+LLC+Zachary+Ginsburg+Funds,https://www.linkedin.com/search/results/companies/?keywords=Zachary+Ginsburg+Funds,https://www.google.com/search?q=%22Zachary+Ginsburg+Funds%22+venture+capital
4,established_manager_watchlist,existing manager,Verify as established manager; keep only for branding/SMM or positioning opportunity.,Jolt VC,"GE-0329 Fund I, a series of Jolt VC, LP","N/A Fund GP, LLC",Director,"N/A Fund GP, LLC (Director); N/A Belltower Fund Group, Ltd. (Director)",existing_manager,Existing manager,Fund I,first_filer,2026,"$143,000","$143,000",2026-07-31,Pooled Investment Fund - Venture Capital Fund,Lynnwood,WA,0002128303-26-000001,https://www.sec.gov/Archives/edgar/data/2128303/000212830326000001/0002128303-26-000001-index.htm,https://www.linkedin.com/search/results/people/?keywords=N%2FA+Fund+GP%2C+LLC+Jolt+VC,https://www.linkedin.com/search/results/companies/?keywords=Jolt+VC,https://www.google.com/search?q=%22Jolt+VC%22+venture+capital
4,established_manager_watchlist,existing manager,Verify as established manager; keep only for branding/SMM or positioning opportunity.,Menlo Inflection Cybersecurity Partners,"Menlo Inflection Cybersecurity Partners, L.P.","N/A Menlo Inflection Cybersecurity GP, L.L.C.",Director,"N/A Menlo Inflection Cybersecurity GP, L.L.C. (Director); Venky Ganesan (Director); Shawn T. Carolan (Director); Matthew Murphy (Director); N/A Menlo Ventures Management, L.P. (Director); N/A MVM GP, L.L.C. (Director)",existing_manager,Existing manager,Emerging Fund,first_filer,2026,$20M,$20M,2026-07-31,Pooled Investment Fund - Venture Capital Fund,MENLO PARK,CA,0001104659-26-089122,https://www.sec.gov/Archives/edgar/data/2145189/000110465926089122/0001104659-26-089122-index.htm,https://www.linkedin.com/search/results/people/?keywords=N%2FA+Menlo+Inflection+Cybersecurity+GP%2C+L.L.C.+Menlo+Inflection+Cybersecurity+Partners,https://www.linkedin.com/search/results/companies/?keywords=Menlo+Inflection+Cybersecurity+Partners,https://www.google.com/search?q=%22Menlo+Inflection+Cybersecurity+Partners%22+venture+capital
4,established_manager_watchlist,existing manager,Verify as established manager; keep only for branding/SMM or positioning opportunity.,CGF2021,Anoria Seed a Series of CGF2021 LLC,LLC Sydecar,Director,LLC Sydecar (Director); Brett Sagan (Executive Officer),existing_manager,Existing manager,Emerging Fund,first_filer,2026,"$255,104","$255,104",2026-07-31,Pooled Investment Fund - Venture Capital Fund,CLAYMONT,DE,0002143647-26-000001,https://www.sec.gov/Archives/edgar/data/2143647/000214364726000001/0002143647-26-000001-index.htm,https://www.linkedin.com/search/results/people/?keywords=LLC+Sydecar+CGF2021,https://www.linkedin.com/search/results/companies/?keywords=CGF2021,https://www.google.com/search?q=%22CGF2021%22+venture+capital
4,established_manager_watchlist,existing manager,Verify as established manager; keep only for branding/SMM or positioning opportunity.,Sunshine Lake AI,Sunshine Lake AI Fund I LP,n/a Sunshine Lake Fund I Associates LLC,Executive Officer,n/a Sunshine Lake Fund I Associates LLC (Executive Officer); Donald Stalter (Executive Officer),existing_manager,Existing manager,Fund I,first_filer,2024,$0,$12M,2026-07-31,Pooled Investment Fund - Venture Capital Fund,LAS VEGAS,NV,0002036104-26-000001,https://www.sec.gov/Archives/edgar/data/2036104/000203610426000001/0002036104-26-000001-index.htm,https://www.linkedin.com/search/results/people/?keywords=n%2Fa+Sunshine+Lake+Fund+I+Associates+LLC+Sunshine+Lake+AI,https://www.linkedin.com/search/results/companies/?keywords=Sunshine+Lake+AI,https://www.google.com/search?q=%22Sunshine+Lake+AI%22+venture+capital
4,established_manager_watchlist,existing manager,Verify as established manager; keep only for branding/SMM or positioning opportunity.,Sunshine Lake,Sunshine Lake Fund I LP,n/a Sunshine Lake Fund I Associates LLC,Executive Officer,n/a Sunshine Lake Fund I Associates LLC (Executive Officer); Donald Stalter (Executive Officer),existing_manager,Existing manager,Fund I,first_filer,2024,$0,$34M,2026-07-31,Pooled Investment Fund - Venture Capital Fund,NORTH LAS VEGAS,NV,0002032192-26-000001,https://www.sec.gov/Archives/edgar/data/2032192/000203219226000001/0002032192-26-000001-index.htm,https://www.linkedin.com/search/results/people/?keywords=n%2Fa+Sunshine+Lake+Fund+I+Associates+LLC+Sunshine+Lake,https://www.linkedin.com/search/results/companies/?keywords=Sunshine+Lake,https://www.google.com/search?q=%22Sunshine+Lake%22+venture+capital
4,established_manager_watchlist,existing manager,Verify as established manager; keep only for branding/SMM or positioning opportunity.,AZURO CAPITAL VENTURES,AZURO CAPITAL VENTURES LLC,Ilya Levyant,Executive Officer,Ilya Levyant (Executive Officer),existing_manager,Existing manager,Emerging Fund,first_filer,2022,$3M,$3M,2026-07-31,Other - Unknown,Jersey City,NJ,0002099698-26-000002,https://www.sec.gov/Archives/edgar/data/2099698/000209969826000002/0002099698-26-000002-index.htm,https://www.linkedin.com/search/results/people/?keywords=Ilya+Levyant+AZURO+CAPITAL+VENTURES,https://www.linkedin.com/search/results/companies/?keywords=AZURO+CAPITAL+VENTURES,https://www.google.com/search?q=%22AZURO+CAPITAL+VENTURES%22+venture+capital
4,established_manager_watchlist,existing manager,Verify as established manager; keep only for branding/SMM or positioning opportunity.,Sub Rosa,"Sub Rosa Fund I, LP",William N/A Allen,Executive Officer,"William N/A Allen (Executive Officer); Josh N/A Cohen (Executive Officer); N/A N/A Sub Rosa I GP, LLC (Director)",existing_manager,Existing manager,Fund I,first_filer,2025,$35M,$0,2026-08-03,Pooled Investment Fund - Venture Capital Fund,PHOENIX,AZ,0002141963-26-000002,https://www.sec.gov/Archives/edgar/data/2141963/000214196326000002/0002141963-26-000002-index.htm,https://www.linkedin.com/search/results/people/?keywords=William+N%2FA+Allen+Sub+Rosa,https://www.linkedin.com/search/results/companies/?keywords=Sub+Rosa,https://www.google.com/search?q=%22Sub+Rosa%22+venture+capital
4,established_manager_watchlist,existing manager,Verify as established manager; keep only for branding/SMM or positioning opportunity.,224 Ventures,"224 Ventures Fund I, L.P.","N/A 224 Ventures Fund I GP, LLC",Director,"N/A 224 Ventures Fund I GP, LLC (Director); Shaun Johnson (Director)",existing_manager,Existing manager,Fund I,first_filer,2026,$81M,$0,2026-08-04,Pooled Investment Fund - Venture Capital Fund,SAN FRANCISCO,CA,0002134600-26-000002,https://www.sec.gov/Archives/edgar/data/2134600/000213460026000002/0002134600-26-000002-index.htm,https://www.linkedin.com/search/results/people/?keywords=N%2FA+224+Ventures+Fund+I+GP%2C+LLC+224+Ventures,https://www.linkedin.com/search/results/companies/?keywords=224+Ventures,https://www.google.com/search?q=%22224+Ventures%22+venture+capital
4,established_manager_watchlist,existing manager,Verify as established manager; keep only for branding/SMM or positioning opportunity.,Multimodal Ventures,"AD-0608 Fund I, a series of Multimodal Ventures, LP","N/A Fund GP, LLC",Director,"N/A Fund GP, LLC (Director); N/A Belltower Fund Group, Ltd. (Director)",existing_manager,Existing manager,Fund I,first_filer,2026,"$125,950","$125,950",2026-08-04,Pooled Investment Fund - Venture Capital Fund,Lynnwood,WA,0002140483-26-000001,https://www.sec.gov/Archives/edgar/data/2140483/000214048326000001/0002140483-26-000001-index.htm,https://www.linkedin.com/search/results/people/?keywords=N%2FA+Fund+GP%2C+LLC+Multimodal+Ventures,https://www.linkedin.com/search/results/companies/?keywords=Multimodal+Ventures,https://www.google.com/search?q=%22Multimodal+Ventures%22+venture+capital
4,established_manager_watchlist,existing manager,Verify as established manager; keep only for branding/SMM or positioning opportunity.,MV Funds,"AM-0715 Fund I, a series of MV Funds, LP","N/A Fund GP, LLC",Director,"N/A Fund GP, LLC (Director); N/A Belltower Fund Group, Ltd. (Director)",existing_manager,Existing manager,Fund I,first_filer,2026,"$249,999","$249,999",2026-08-04,Pooled Investment Fund - Venture Capital Fund,Lynnwood,WA,0002148044-26-000001,https://www.sec.gov/Archives/edgar/data/2148044/000214804426000001/0002148044-26-000001-index.htm,https://www.linkedin.com/search/results/people/?keywords=N%2FA+Fund+GP%2C+LLC+MV+Funds,https://www.linkedin.com/search/results/companies/?keywords=MV+Funds,https://www.google.com/search?q=%22MV+Funds%22+venture+capital
4,established_manager_watchlist,existing manager,Verify as established manager; keep only for branding/SMM or positioning opportunity.,Hustle Fund Angel Squad,"AC-0707 Fund I, a series of Hustle Fund Angel Squad, LP","N/A Fund GP, LLC",Director,"N/A Fund GP, LLC (Director); N/A Belltower Fund Group, Ltd. (Director)",existing_manager,Existing manager,Fund I,first_filer,2026,"$100,000","$100,000",2026-08-04,Pooled Investment Fund - Venture Capital Fund,Lynnwood,WA,0002146153-26-000001,https://www.sec.gov/Archives/edgar/data/2146153/000214615326000001/0002146153-26-000001-index.htm,https://www.linkedin.com/search/results/people/?keywords=N%2FA+Fund+GP%2C+LLC+Hustle+Fund+Angel+Squad,https://www.linkedin.com/search/results/companies/?keywords=Hustle+Fund+Angel+Squad,https://www.google.com/search?q=%22Hustle+Fund+Angel+Squad%22+venture+capital
4,established_manager_watchlist,existing manager,Verify as established manager; keep only for branding/SMM or positioning opportunity.,Platform Funds 2026,"G-RY-0629 Fund I, a series of Platform Funds 2026, LP","N/A Fund GP, LLC",Director,"N/A Fund GP, LLC (Director); N/A Belltower Fund Group, Ltd. (Director)",existing_manager,Existing manager,Fund I,first_filer,2026,"$171,480","$171,480",2026-08-04,Pooled Investment Fund - Venture Capital Fund,Lynnwood,WA,0002144500-26-000001,https://www.sec.gov/Archives/edgar/data/2144500/000214450026000001/0002144500-26-000001-index.htm,https://www.linkedin.com/search/results/people/?keywords=N%2FA+Fund+GP%2C+LLC+Platform+Funds+2026,https://www.linkedin.com/search/results/companies/?keywords=Platform+Funds+2026,https://www.google.com/search?q=%22Platform+Funds+2026%22+venture+capital
4,established_manager_watchlist,existing manager,Verify as established manager; keep only for branding/SMM or positioning opportunity.,AngelList-GP-Funds-I,"ST-0505 Fund I, a series of AngelList-GP-Funds-I, LP","N/A Fund GP, LLC",Director,"N/A Fund GP, LLC (Director); N/A Belltower Fund Group, Ltd. (Director)",existing_manager,Existing manager,Fund I,first_filer,2026,"$283,937","$283,937",2026-08-04,Pooled Investment Fund - Venture Capital Fund,Lynnwood,WA,0002136675-26-000001,https://www.sec.gov/Archives/edgar/data/2136675/000213667526000001/0002136675-26-000001-index.htm,https://www.linkedin.com/search/results/people/?keywords=N%2FA+Fund+GP%2C+LLC+AngelList-GP-Funds-I,https://www.linkedin.com/search/results/companies/?keywords=AngelList-GP-Funds-I,https://www.google.com/search?q=%22AngelList-GP-Funds-I%22+venture+capital
4,established_manager_watchlist,existing manager,Verify as established manager; keep only for branding/SMM or positioning opportunity.,Roll Up Vehicles,"TA-1015 Fund I, a series of Roll Up Vehicles, LP","N/A Fund GP, LLC",Director,"N/A Fund GP, LLC (Director); N/A Belltower Fund Group, Ltd. (Director)",existing_manager,Existing manager,Fund I,first_filer,2025,"$84,994","$84,994",2026-08-04,Pooled Investment Fund - Venture Capital Fund,Lynnwood,WA,0002095851-26-000002,https://www.sec.gov/Archives/edgar/data/2095851/000209585126000002/0002095851-26-000002-index.htm,https://www.linkedin.com/search/results/people/?keywords=N%2FA+Fund+GP%2C+LLC+Roll+Up+Vehicles,https://www.linkedin.com/search/results/companies/?keywords=Roll+Up+Vehicles,https://www.google.com/search?q=%22Roll+Up+Vehicles%22+venture+capital
4,established_manager_watchlist,existing manager,Verify as established manager; keep only for branding/SMM or positioning opportunity.,Spice Capital,"GI-0722 Fund I, a series of Spice Capital, LP","N/A Fund GP, LLC",Director,"N/A Fund GP, LLC (Director); N/A Belltower Fund Group, Ltd. (Director)",existing_manager,Existing manager,Fund I,first_filer,2025,"$133,137","$133,137",2026-08-04,Pooled Investment Fund - Venture Capital Fund,Lynnwood,WA,0002086609-26-000002,https://www.sec.gov/Archives/edgar/data/2086609/000208660926000002/0002086609-26-000002-index.htm,https://www.linkedin.com/search/results/people/?keywords=N%2FA+Fund+GP%2C+LLC+Spice+Capital,https://www.linkedin.com/search/results/companies/?keywords=Spice+Capital,https://www.google.com/search?q=%22Spice+Capital%22+venture+capital
4,established_manager_watchlist,existing manager,Verify as established manager; keep only for branding/SMM or positioning opportunity.,NOVA Prime,"NOVA Prime Fund I, LP","General Partner BYL Ventures I, LLC",Director,"General Partner BYL Ventures I, LLC (Director); Takeshi Nakanishi (Executive Officer); Wondra Dylan (Executive Officer); Ali Diallo (Executive Officer)",existing_manager,Existing manager,Fund I,first_filer,2022,$0,$12M,2026-08-04,Pooled Investment Fund - Venture Capital Fund,EL SEGUNDO,CA,0001986128-26-000004,https://www.sec.gov/Archives/edgar/data/1986128/000198612826000004/0001986128-26-000004-index.htm,https://www.linkedin.com/search/results/people/?keywords=General+Partner+BYL+Ventures+I%2C+LLC+NOVA+Prime,https://www.linkedin.com/search/results/companies/?keywords=NOVA+Prime,https://www.google.com/search?q=%22NOVA+Prime%22+venture+capital
4,established_manager_watchlist,existing manager,Verify as established manager; keep only for branding/SMM or positioning opportunity.,Branch Venture Partners IIIF,"Branch Venture Partners IIIF, LP","N/A Branch Venture Partners Fund GP, LLC",Executive Officer,"N/A Branch Venture Partners Fund GP, LLC (Executive Officer); N/A Branch Venture Group, Inc. (Executive Officer); Marcia Hooper (Executive Officer); Lauren Abda (Executive Officer)",existing_manager,Existing manager,Emerging Fund,first_filer,2026,$0,$0,2026-08-04,Pooled Investment Fund - Venture Capital Fund,BOSTON,MA,0002147012-26-000001,https://www.sec.gov/Archives/edgar/data/2147012/000214701226000001/0002147012-26-000001-index.htm,https://www.linkedin.com/search/results/people/?keywords=N%2FA+Branch+Venture+Partners+Fund+GP%2C+LLC+Branch+Venture+Partners+IIIF,https://www.linkedin.com/search/results/companies/?keywords=Branch+Venture+Partners+IIIF,https://www.google.com/search?q=%22Branch+Venture+Partners+IIIF%22+venture+capital
4,established_manager_watchlist,existing manager,Verify as established manager; keep only for branding/SMM or positioning opportunity.,Integra Global Advisors VC Access Fund Global I,Integra Global Advisors VC Access Fund Global I LP,. Integra Global Advisors LLC,"Executive Officer, Promoter",". Integra Global Advisors LLC (Executive Officer, Promoter)",existing_manager,Existing manager,Emerging Fund,first_filer,2026,$0,$0,2026-08-04,Pooled Investment Fund - Venture Capital Fund,STAMFORD,CT,0002138738-26-000001,https://www.sec.gov/Archives/edgar/data/2138738/000213873826000001/0002138738-26-000001-index.htm,https://www.linkedin.com/search/results/people/?keywords=.+Integra+Global+Advisors+LLC+Integra+Global+Advisors+VC+Access+Fund+Global+I,https://www.linkedin.com/search/results/companies/?keywords=Integra+Global+Advisors+VC+Access+Fund+Global+I,https://www.google.com/search?q=%22Integra+Global+Advisors+VC+Access+Fund+Global+I%22+venture+capital
4,established_manager_watchlist,existing manager,Verify as established manager; keep only for branding/SMM or positioning opportunity.,CGF2021,Albert P Lee APL Ventures ZN III a Series of CGF2021 LLC,LLC Sydecar,Director,LLC Sydecar (Director); Brett Sagan (Executive Officer),existing_manager,Existing manager,Emerging Fund,first_filer,2026,$4M,$4M,2026-08-04,Pooled Investment Fund - Venture Capital Fund,CLAYMONT,DE,0002141258-26-000001,https://www.sec.gov/Archives/edgar/data/2141258/000214125826000001/0002141258-26-000001-index.htm,https://www.linkedin.com/search/results/people/?keywords=LLC+Sydecar+CGF2021,https://www.linkedin.com/search/results/companies/?keywords=CGF2021,https://www.google.com/search?q=%22CGF2021%22+venture+capital
4,established_manager_watchlist,existing manager,Verify as established manager; keep only for branding/SMM or positioning opportunity.,Phase Shift Ventures Master,Orion Edge SPV I a Series of Phase Shift Ventures Master LLC,LLC Sydecar,Director,LLC Sydecar (Director); Brett Sagan (Executive Officer),existing_manager,Existing manager,Emerging Fund,first_filer,2026,"$105,000","$105,000",2026-08-04,Pooled Investment Fund - Venture Capital Fund,CLAYMONT,DE,0002140807-26-000001,https://www.sec.gov/Archives/edgar/data/2140807/000214080726000001/0002140807-26-000001-index.htm,https://www.linkedin.com/search/results/people/?keywords=LLC+Sydecar+Phase+Shift+Ventures+Master,https://www.linkedin.com/search/results/companies/?keywords=Phase+Shift+Ventures+Master,https://www.google.com/search?q=%22Phase+Shift+Ventures+Master%22+venture+capital
4,established_manager_watchlist,existing manager,Verify as established manager; keep only for branding/SMM or positioning opportunity.,"Interlagos V, LLC, an Interlagos Capital Fund","Interlagos V, LLC, an Interlagos Capital Fund",Tomoya Ochinero,Executive Officer,Tomoya Ochinero (Executive Officer); Achal Upadhyaya (Executive Officer),existing_manager,Existing manager,Emerging Fund,first_filer,2026,$3M,$3M,2026-08-04,Pooled Investment Fund - Venture Capital Fund,NEW YORK,NY,0002146320-26-000002,https://www.sec.gov/Archives/edgar/data/2146320/000214632026000002/0002146320-26-000002-index.htm,https://www.linkedin.com/search/results/people/?keywords=Tomoya+Ochinero+Interlagos+V%2C+LLC%2C+an+Interlagos+Capital+Fund,https://www.linkedin.com/search/results/companies/?keywords=Interlagos+V%2C+LLC%2C+an+Interlagos+Capital+Fund,https://www.google.com/search?q=%22Interlagos+V%2C+LLC%2C+an+Interlagos+Capital+Fund%22+venture+capital
4,established_manager_watchlist,existing manager,Verify as established manager; keep only for branding/SMM or positioning opportunity.,CGF2021,Vaya Capital SPV Polo I a Series of CGF2021 LLC,LLC HCC Holdings,Executive Officer,LLC HCC Holdings (Executive Officer),existing_manager,Existing manager,Emerging Fund,first_filer,2026,"$482,500","$482,500",2026-08-04,Pooled Investment Fund - Venture Capital Fund,CLAYMONT,DE,0002145049-26-000001,https://www.sec.gov/Archives/edgar/data/2145049/000214504926000001/0002145049-26-000001-index.htm,https://www.linkedin.com/search/results/people/?keywords=LLC+HCC+Holdings+CGF2021,https://www.linkedin.com/search/results/companies/?keywords=CGF2021,https://www.google.com/search?q=%22CGF2021%22+venture+capital
4,established_manager_watchlist,existing manager,Verify as established manager; keep only for branding/SMM or positioning opportunity.,Platform Funds 2026,"Commodore-CO-0618 Fund I, a series of Platform Funds 2026, LP","N/A Fund GP, LLC",Director,"N/A Fund GP, LLC (Director); N/A Belltower Fund Group, Ltd. (Director)",existing_manager,Existing manager,Fund I,first_filer,2026,$3M,$3M,2026-08-05,Pooled Investment Fund - Venture Capital Fund,Lynnwood,WA,0002142289-26-000001,https://www.sec.gov/Archives/edgar/data/2142289/000214228926000001/0002142289-26-000001-index.htm,https://www.linkedin.com/search/results/people/?keywords=N%2FA+Fund+GP%2C+LLC+Platform+Funds+2026,https://www.linkedin.com/search/results/companies/?keywords=Platform+Funds+2026,https://www.google.com/search?q=%22Platform+Funds+2026%22+venture+capital
4,established_manager_watchlist,existing manager,Verify as established manager; keep only for branding/SMM or positioning opportunity.,N49P,"VA-0425 Fund I, a series of N49P, LP","N/A Fund GP, LLC",Director,"N/A Fund GP, LLC (Director); N/A Belltower Fund Group, Ltd. (Director)",existing_manager,Existing manager,Fund I,first_filer,2026,"$102,748","$102,748",2026-08-05,Pooled Investment Fund - Venture Capital Fund,Lynnwood,WA,0002145532-26-000001,https://www.sec.gov/Archives/edgar/data/2145532/000214553226000001/0002145532-26-000001-index.htm,https://www.linkedin.com/search/results/people/?keywords=N%2FA+Fund+GP%2C+LLC+N49P,https://www.linkedin.com/search/results/companies/?keywords=N49P,https://www.google.com/search?q=%22N49P%22+venture+capital
4,established_manager_watchlist,existing manager,Verify as established manager; keep only for branding/SMM or positioning opportunity.,Platform Funds 2026,"Kelvin-TH-0628 Fund I, a series of Platform Funds 2026, LP","N/A Fund GP, LLC",Director,"N/A Fund GP, LLC (Director); N/A Belltower Fund Group, Ltd. (Director)",existing_manager,Existing manager,Fund I,first_filer,2026,"$299,998","$299,998",2026-08-05,Pooled Investment Fund - Venture Capital Fund,Lynnwood,WA,0002144501-26-000001,https://www.sec.gov/Archives/edgar/data/2144501/000214450126000001/0002144501-26-000001-index.htm,https://www.linkedin.com/search/results/people/?keywords=N%2FA+Fund+GP%2C+LLC+Platform+Funds+2026,https://www.linkedin.com/search/results/companies/?keywords=Platform+Funds+2026,https://www.google.com/search?q=%22Platform+Funds+2026%22+venture+capital
4,established_manager_watchlist,existing manager,Verify as established manager; keep only for branding/SMM or positioning opportunity.,Hustle Fund Angel Squad,"BA-0625 Fund I, a series of Hustle Fund Angel Squad, LP","N/A Fund GP, LLC",Director,"N/A Fund GP, LLC (Director); N/A Belltower Fund Group, Ltd. (Director)",existing_manager,Existing manager,Fund I,first_filer,2026,"$86,985","$86,985",2026-08-05,Pooled Investment Fund - Venture Capital Fund,Lynnwood,WA,0002143801-26-000001,https://www.sec.gov/Archives/edgar/data/2143801/000214380126000001/0002143801-26-000001-index.htm,https://www.linkedin.com/search/results/people/?keywords=N%2FA+Fund+GP%2C+LLC+Hustle+Fund+Angel+Squad,https://www.linkedin.com/search/results/companies/?keywords=Hustle+Fund+Angel+Squad,https://www.google.com/search?q=%22Hustle+Fund+Angel+Squad%22+venture+capital
4,established_manager_watchlist,existing manager,Verify as established manager; keep only for branding/SMM or positioning opportunity.,Sajid Rahman Angel Funds,"ME-0610 Fund I, a series of Sajid Rahman Angel Funds, LP","N/A Fund GP, LLC",Director,"N/A Fund GP, LLC (Director); N/A Belltower Fund Group, Ltd. (Director)",existing_manager,Existing manager,Fund I,first_filer,2026,"$97,000","$97,000",2026-08-05,Pooled Investment Fund - Venture Capital Fund,Lynnwood,WA,0002141821-26-000001,https://www.sec.gov/Archives/edgar/data/2141821/000214182126000001/0002141821-26-000001-index.htm,https://www.linkedin.com/search/results/people/?keywords=N%2FA+Fund+GP%2C+LLC+Sajid+Rahman+Angel+Funds,https://www.linkedin.com/search/results/companies/?keywords=Sajid+Rahman+Angel+Funds,https://www.google.com/search?q=%22Sajid+Rahman+Angel+Funds%22+venture+capital
4,established_manager_watchlist,existing manager,Verify as established manager; keep only for branding/SMM or positioning opportunity.,Platform Funds 2026,"Intbox-WW-0520 Fund I, a series of Platform Funds 2026, LP","N/A Fund GP, LLC",Director,"N/A Fund GP, LLC (Director); N/A Belltower Fund Group, Ltd. (Director)",existing_manager,Existing manager,Fund I,first_filer,2026,"$105,000","$105,000",2026-08-05,Pooled Investment Fund - Venture Capital Fund,Lynnwood,WA,0002138912-26-000001,https://www.sec.gov/Archives/edgar/data/2138912/000213891226000001/0002138912-26-000001-index.htm,https://www.linkedin.com/search/results/people/?keywords=N%2FA+Fund+GP%2C+LLC+Platform+Funds+2026,https://www.linkedin.com/search/results/companies/?keywords=Platform+Funds+2026,https://www.google.com/search?q=%22Platform+Funds+2026%22+venture+capital
4,established_manager_watchlist,existing manager,Verify as established manager; keep only for branding/SMM or positioning opportunity.,Roll Up Vehicles,"HA-0527 Fund I, a series of Roll Up Vehicles, LP","N/A Fund GP, LLC",Director,"N/A Fund GP, LLC (Director); N/A Belltower Fund Group, Ltd. (Director)",existing_manager,Existing manager,Fund I,first_filer,2026,"$167,973","$167,973",2026-08-05,Pooled Investment Fund - Venture Capital Fund,Lynnwood,WA,0002138666-26-000001,https://www.sec.gov/Archives/edgar/data/2138666/000213866626000001/0002138666-26-000001-index.htm,https://www.linkedin.com/search/results/people/?keywords=N%2FA+Fund+GP%2C+LLC+Roll+Up+Vehicles,https://www.linkedin.com/search/results/companies/?keywords=Roll+Up+Vehicles,https://www.google.com/search?q=%22Roll+Up+Vehicles%22+venture+capital
4,established_manager_watchlist,existing manager,Verify as established manager; keep only for branding/SMM or positioning opportunity.,JMWTX Investments,"PI-0419 Fund I, a series of JMWTX Investments, LP","N/A Fund GP, LLC",Director,"N/A Fund GP, LLC (Director); N/A Belltower Fund Group, Ltd. (Director)",existing_manager,Existing manager,Fund I,first_filer,2026,"$58,050","$58,050",2026-08-05,Pooled Investment Fund - Venture Capital Fund,Lynnwood,WA,0002132366-26-000001,https://www.sec.gov/Archives/edgar/data/2132366/000213236626000001/0002132366-26-000001-index.htm,https://www.linkedin.com/search/results/people/?keywords=N%2FA+Fund+GP%2C+LLC+JMWTX+Investments,https://www.linkedin.com/search/results/companies/?keywords=JMWTX+Investments,https://www.google.com/search?q=%22JMWTX+Investments%22+venture+capital
4,established_manager_watchlist,existing manager,Verify as established manager; keep only for branding/SMM or positioning opportunity.,Roll Up Vehicles,"SQ-0224 Fund I, a series of Roll Up Vehicles, LP","N/A Fund GP, LLC",Director,"N/A Fund GP, LLC (Director); N/A Belltower Fund Group, Ltd. (Director)",existing_manager,Existing manager,Fund I,first_filer,2026,"$185,000","$185,000",2026-08-05,Pooled Investment Fund - Venture Capital Fund,Lynnwood,WA,0002129840-26-000001,https://www.sec.gov/Archives/edgar/data/2129840/000212984026000001/0002129840-26-000001-index.htm,https://www.linkedin.com/search/results/people/?keywords=N%2FA+Fund+GP%2C+LLC+Roll+Up+Vehicles,https://www.linkedin.com/search/results/companies/?keywords=Roll+Up+Vehicles,https://www.google.com/search?q=%22Roll+Up+Vehicles%22+venture+capital
4,established_manager_watchlist,existing manager,Verify as established manager; keep only for branding/SMM or positioning opportunity.,GCW Access-SemiAnalysis Capital,"GCW Access-SemiAnalysis Capital Fund I, L.P.","N/A GCW ACCESS - SEMIANALYSIS GP, LLC",Promoter,"N/A GCW ACCESS - SEMIANALYSIS GP, LLC (Promoter); N/A Allocate Management Company, LLC (Promoter); Owen Timothy Niland (Executive Officer)",existing_manager,Existing manager,Fund I,first_filer,2026,$0,$20M,2026-08-05,Pooled Investment Fund - Venture Capital Fund,Palo Alto,CA,0001012975-26-000722,https://www.sec.gov/Archives/edgar/data/2142619/000101297526000722/0001012975-26-000722-index.htm,https://www.linkedin.com/search/results/people/?keywords=N%2FA+GCW+ACCESS+-+SEMIANALYSIS+GP%2C+LLC+GCW+Access-SemiAnalysis+Capital,https://www.linkedin.com/search/results/companies/?keywords=GCW+Access-SemiAnalysis+Capital,https://www.google.com/search?q=%22GCW+Access-SemiAnalysis+Capital%22+venture+capital
4,established_manager_watchlist,existing manager,Verify as established manager; keep only for branding/SMM or positioning opportunity.,HVentures I,Highline Ventures 10 a Series of HVentures I LLC,Seed Labs LLC,Director,Seed Labs LLC (Director); Shriank Kanaparti (Director),existing_manager,Existing manager,Emerging Fund,first_filer,2026,$2M,$2M,2026-08-05,Pooled Investment Fund - Venture Capital Fund,NEWARK,DE,0002148926-26-000001,https://www.sec.gov/Archives/edgar/data/2148926/000214892626000001/0002148926-26-000001-index.htm,https://www.linkedin.com/search/results/people/?keywords=Seed+Labs+LLC+HVentures+I,https://www.linkedin.com/search/results/companies/?keywords=HVentures+I,https://www.google.com/search?q=%22HVentures+I%22+venture+capital
4,established_manager_watchlist,existing manager,Verify as established manager; keep only for branding/SMM or positioning opportunity.,Teamworthy Ventures ID,Teamworthy Ventures ID LP,Thomas Lehrman,Executive Officer,Thomas Lehrman (Executive Officer),existing_manager,Existing manager,Emerging Fund,first_filer,2026,$19M,$18M,2026-08-05,Pooled Investment Fund - Venture Capital Fund,NASHVILLE,TN,0002147407-26-000001,https://www.sec.gov/Archives/edgar/data/2147407/000214740726000001/0002147407-26-000001-index.htm,https://www.linkedin.com/search/results/people/?keywords=Thomas+Lehrman+Teamworthy+Ventures+ID,https://www.linkedin.com/search/results/companies/?keywords=Teamworthy+Ventures+ID,https://www.google.com/search?q=%22Teamworthy+Ventures+ID%22+venture+capital
4,established_manager_watchlist,existing manager,Verify as established manager; keep only for branding/SMM or positioning opportunity.,V360 Holdings,"Duke Capital Partners 2606A, A Series of V360 Holdings LLC",David Neal,Promoter,David Neal (Promoter),existing_manager,Existing manager,Emerging Fund,first_filer,2026,$1M,$1M,2026-08-05,Pooled Investment Fund - Venture Capital Fund,CHAPEL HILL,NC,0002148752-26-000001,https://www.sec.gov/Archives/edgar/data/2148752/000214875226000001/0002148752-26-000001-index.htm,https://www.linkedin.com/search/results/people/?keywords=David+Neal+V360+Holdings,https://www.linkedin.com/search/results/companies/?keywords=V360+Holdings,https://www.google.com/search?q=%22V360+Holdings%22+venture+capital
4,established_manager_watchlist,existing manager,Verify as established manager; keep only for branding/SMM or positioning opportunity.,Umami Capital,"IN-0708 Fund I, a series of Umami Capital, LP","N/A Fund GP, LLC",Director,"N/A Fund GP, LLC (Director); N/A Belltower Fund Group, Ltd. (Director)",existing_manager,Existing manager,Fund I,first_filer,2026,"$225,593","$225,593",2026-08-06,Pooled Investment Fund - Venture Capital Fund,Lynnwood,WA,0002146249-26-000001,https://www.sec.gov/Archives/edgar/data/2146249/000214624926000001/0002146249-26-000001-index.htm,https://www.linkedin.com/search/results/people/?keywords=N%2FA+Fund+GP%2C+LLC+Umami+Capital,https://www.linkedin.com/search/results/companies/?keywords=Umami+Capital,https://www.google.com/search?q=%22Umami+Capital%22+venture+capital
4,established_manager_watchlist,existing manager,Verify as established manager; keep only for branding/SMM or positioning opportunity.,Platform Funds 2026,"BS-AN-0706 Fund I, a series of Platform Funds 2026, LP","N/A Fund GP, LLC",Director,"N/A Fund GP, LLC (Director); N/A Belltower Fund Group, Ltd. (Director)",existing_manager,Existing manager,Fund I,first_filer,2026,"$299,983","$299,983",2026-08-06,Pooled Investment Fund - Venture Capital Fund,Lynnwood,WA,0002145920-26-000001,https://www.sec.gov/Archives/edgar/data/2145920/000214592026000001/0002145920-26-000001-index.htm,https://www.linkedin.com/search/results/people/?keywords=N%2FA+Fund+GP%2C+LLC+Platform+Funds+2026,https://www.linkedin.com/search/results/companies/?keywords=Platform+Funds+2026,https://www.google.com/search?q=%22Platform+Funds+2026%22+venture+capital
4,established_manager_watchlist,existing manager,Verify as established manager; keep only for branding/SMM or positioning opportunity.,SCVC Advisors,"CO-0623 Fund I, a series of SCVC Advisors, LP","N/A SaxeCap VC Holdings, LLC",Director,"N/A SaxeCap VC Holdings, LLC (Director); Amrit Saxena (Executive Officer)",existing_manager,Existing manager,Fund I,first_filer,2026,$1M,$1M,2026-08-06,Pooled Investment Fund - Venture Capital Fund,SAN FRANCISCO,CA,0002143987-26-000002,https://www.sec.gov/Archives/edgar/data/2143987/000214398726000002/0002143987-26-000002-index.htm,https://www.linkedin.com/search/results/people/?keywords=N%2FA+SaxeCap+VC+Holdings%2C+LLC+SCVC+Advisors,https://www.linkedin.com/search/results/companies/?keywords=SCVC+Advisors,https://www.google.com/search?q=%22SCVC+Advisors%22+venture+capital
4,established_manager_watchlist,existing manager,Verify as established manager; keep only for branding/SMM or positioning opportunity.,Avalanche VC,"CH-0521 Fund I, a series of Avalanche VC, LP","N/A Fund GP, LLC",Director,"N/A Fund GP, LLC (Director); N/A Belltower Fund Group, Ltd. (Director)",existing_manager,Existing manager,Fund I,first_filer,2026,"$104,000","$104,000",2026-08-06,Pooled Investment Fund - Venture Capital Fund,Lynnwood,WA,0002137648-26-000001,https://www.sec.gov/Archives/edgar/data/2137648/000213764826000001/0002137648-26-000001-index.htm,https://www.linkedin.com/search/results/people/?keywords=N%2FA+Fund+GP%2C+LLC+Avalanche+VC,https://www.linkedin.com/search/results/companies/?keywords=Avalanche+VC,https://www.google.com/search?q=%22Avalanche+VC%22+venture+capital
4,established_manager_watchlist,existing manager,Verify as established manager; keep only for branding/SMM or positioning opportunity.,Roll Up Vehicles,"HU-0416 Fund I, a series of Roll Up Vehicles, LP","N/A Fund GP, LLC",Director,"N/A Fund GP, LLC (Director); N/A Belltower Fund Group, Ltd. (Director)",existing_manager,Existing manager,Fund I,first_filer,2026,"$750,000","$750,000",2026-08-06,Pooled Investment Fund - Venture Capital Fund,Lynnwood,WA,0002137642-26-000001,https://www.sec.gov/Archives/edgar/data/2137642/000213764226000001/0002137642-26-000001-index.htm,https://www.linkedin.com/search/results/people/?keywords=N%2FA+Fund+GP%2C+LLC+Roll+Up+Vehicles,https://www.linkedin.com/search/results/companies/?keywords=Roll+Up+Vehicles,https://www.google.com/search?q=%22Roll+Up+Vehicles%22+venture+capital
4,established_manager_watchlist,existing manager,Verify as established manager; keep only for branding/SMM or positioning opportunity.,Rail Ventures,"S26, a series of Rail Ventures, LP","N/A Fund GP, LLC",Director,"N/A Fund GP, LLC (Director); N/A Belltower Fund Group, Ltd. (Director)",existing_manager,Existing manager,Emerging Fund,first_filer,2026,$2M,"$212,650",2026-08-06,Pooled Investment Fund - Venture Capital Fund,Lynnwood,WA,0002143804-26-000001,https://www.sec.gov/Archives/edgar/data/2143804/000214380426000001/0002143804-26-000001-index.htm,https://www.linkedin.com/search/results/people/?keywords=N%2FA+Fund+GP%2C+LLC+Rail+Ventures,https://www.linkedin.com/search/results/companies/?keywords=Rail+Ventures,https://www.google.com/search?q=%22Rail+Ventures%22+venture+capital
4,established_manager_watchlist,existing manager,Verify as established manager; keep only for branding/SMM or positioning opportunity.,Silent Capital Holdings,"Silent Capital XXXVII, a Series of Silent Capital Holdings, LP","N/A Fund GP, LLC",Director,"N/A Fund GP, LLC (Director); N/A Belltower Fund Group, Ltd. (Director)",existing_manager,Existing manager,Emerging Fund,first_filer,2026,"$999,998","$999,998",2026-08-06,Pooled Investment Fund - Venture Capital Fund,Lynnwood,WA,0002143961-26-000001,https://www.sec.gov/Archives/edgar/data/2143961/000214396126000001/0002143961-26-000001-index.htm,https://www.linkedin.com/search/results/people/?keywords=N%2FA+Fund+GP%2C+LLC+Silent+Capital+Holdings,https://www.linkedin.com/search/results/companies/?keywords=Silent+Capital+Holdings,https://www.google.com/search?q=%22Silent+Capital+Holdings%22+venture+capital
4,established_manager_watchlist,existing manager,Verify as established manager; keep only for branding/SMM or positioning opportunity.,U.S. Boston Growth Capital QSBS Fund,"U.S. Boston Growth Capital QSBS Fund, LP","U.S. Boston Growth Capital QSBS Fund GP, LLC",Promoter,"U.S. Boston Growth Capital QSBS Fund GP, LLC (Promoter); Pear Tree Partners Management, LLC (Promoter); John Drew McClellan (Executive Officer); William Joseph Beckett (Executive Officer)",existing_manager,Existing manager,Emerging Fund,first_filer,2024,$2M,"$200,000",2026-08-06,Pooled Investment Fund - Venture Capital Fund,NEWARK,DE,0002037893-26-000005,https://www.sec.gov/Archives/edgar/data/2037893/000203789326000005/0002037893-26-000005-index.htm,https://www.linkedin.com/search/results/people/?keywords=U.S.+Boston+Growth+Capital+QSBS+Fund+GP%2C+LLC+U.S.+Boston+Growth+Capital+QSBS+Fund,https://www.linkedin.com/search/results/companies/?keywords=U.S.+Boston+Growth+Capital+QSBS+Fund,https://www.google.com/search?q=%22U.S.+Boston+Growth+Capital+QSBS+Fund%22+venture+capital
4,established_manager_watchlist,existing manager,Verify as established manager; keep only for branding/SMM or positioning opportunity.,AGC Parallax Fund I,"AGC Colossal Biosciences I, a Series of AGC Parallax Fund I LLC",Corporation Alternative Financial,Director,Corporation Alternative Financial (Director); Bryan Casey (Executive Officer); Limited AG (Australian Gulf) Capital (Promoter),existing_manager,Existing manager,Fund I,first_filer,2026,$0,$0,2026-08-07,Pooled Investment Fund - Venture Capital Fund,MIAMI,FL,0002146684-26-000001,https://www.sec.gov/Archives/edgar/data/2146684/000214668426000001/0002146684-26-000001-index.htm,https://www.linkedin.com/search/results/people/?keywords=Corporation+Alternative+Financial+AGC+Parallax+Fund+I,https://www.linkedin.com/search/results/companies/?keywords=AGC+Parallax+Fund+I,https://www.google.com/search?q=%22AGC+Parallax+Fund+I%22+venture+capital
4,established_manager_watchlist,existing manager,Verify as established manager; keep only for branding/SMM or positioning opportunity.,Syntax Ventures,"DI-0702 Fund I, a series of Syntax Ventures, LP","N/A Fund GP, LLC",Director,"N/A Fund GP, LLC (Director); N/A Belltower Fund Group, Ltd. (Director)",existing_manager,Existing manager,Fund I,first_filer,2026,"$89,145","$89,145",2026-08-07,Pooled Investment Fund - Venture Capital Fund,Lynnwood,WA,0002144807-26-000001,https://www.sec.gov/Archives/edgar/data/2144807/000214480726000001/0002144807-26-000001-index.htm,https://www.linkedin.com/search/results/people/?keywords=N%2FA+Fund+GP%2C+LLC+Syntax+Ventures,https://www.linkedin.com/search/results/companies/?keywords=Syntax+Ventures,https://www.google.com/search?q=%22Syntax+Ventures%22+venture+capital
4,established_manager_watchlist,existing manager,Verify as established manager; keep only for branding/SMM or positioning opportunity.,Exitfund Venture,"LU-0611 Fund I, a series of Exitfund Venture, LP","N/A Fund GP, LLC",Director,"N/A Fund GP, LLC (Director); N/A Belltower Fund Group, Ltd. (Director)",existing_manager,Existing manager,Fund I,first_filer,2026,"$33,650","$33,650",2026-08-07,Pooled Investment Fund - Venture Capital Fund,Lynnwood,WA,0002142264-26-000001,https://www.sec.gov/Archives/edgar/data/2142264/000214226426000001/0002142264-26-000001-index.htm,https://www.linkedin.com/search/results/people/?keywords=N%2FA+Fund+GP%2C+LLC+Exitfund+Venture,https://www.linkedin.com/search/results/companies/?keywords=Exitfund+Venture,https://www.google.com/search?q=%22Exitfund+Venture%22+venture+capital
4,established_manager_watchlist,existing manager,Verify as established manager; keep only for branding/SMM or positioning opportunity.,Roll Up Vehicles,"SFL Partners Fund I, a series of Roll Up Vehicles, LP","N/A Fund GP, LLC",Director,"N/A Fund GP, LLC (Director); N/A Belltower Fund Group, Ltd. (Director)",existing_manager,Existing manager,Fund I,first_filer,2026,"$230,000","$230,000",2026-08-07,Pooled Investment Fund - Venture Capital Fund,Lynnwood,WA,0002145504-26-000001,https://www.sec.gov/Archives/edgar/data/2145504/000214550426000001/0002145504-26-000001-index.htm,https://www.linkedin.com/search/results/people/?keywords=N%2FA+Fund+GP%2C+LLC+Roll+Up+Vehicles,https://www.linkedin.com/search/results/companies/?keywords=Roll+Up+Vehicles,https://www.google.com/search?q=%22Roll+Up+Vehicles%22+venture+capital
4,established_manager_watchlist,existing manager,Verify as established manager; keep only for branding/SMM or positioning opportunity.,Roll Up Vehicles,"WA-0629 Fund I, a series of Roll Up Vehicles, LP","N/A Fund GP, LLC",Director,"N/A Fund GP, LLC (Director); N/A Belltower Fund Group, Ltd. (Director)",existing_manager,Existing manager,Fund I,first_filer,2026,"$161,982","$161,982",2026-08-07,Pooled Investment Fund - Venture Capital Fund,Lynnwood,WA,0002145501-26-000001,https://www.sec.gov/Archives/edgar/data/2145501/000214550126000001/0002145501-26-000001-index.htm,https://www.linkedin.com/search/results/people/?keywords=N%2FA+Fund+GP%2C+LLC+Roll+Up+Vehicles,https://www.linkedin.com/search/results/companies/?keywords=Roll+Up+Vehicles,https://www.google.com/search?q=%22Roll+Up+Vehicles%22+venture+capital
4,established_manager_watchlist,existing manager,Verify as established manager; keep only for branding/SMM or positioning opportunity.,Platform Funds 2026,"Elevator-YU-0424 Fund I, a series of Platform Funds 2026, LP","N/A Fund GP, LLC",Director,"N/A Fund GP, LLC (Director); N/A Belltower Fund Group, Ltd. (Director)",existing_manager,Existing manager,Fund I,first_filer,2026,"$66,999","$66,999",2026-08-07,Pooled Investment Fund - Venture Capital Fund,Lynnwood,WA,0002132727-26-000001,https://www.sec.gov/Archives/edgar/data/2132727/000213272726000001/0002132727-26-000001-index.htm,https://www.linkedin.com/search/results/people/?keywords=N%2FA+Fund+GP%2C+LLC+Platform+Funds+2026,https://www.linkedin.com/search/results/companies/?keywords=Platform+Funds+2026,https://www.google.com/search?q=%22Platform+Funds+2026%22+venture+capital
4,established_manager_watchlist,existing manager,Verify as established manager; keep only for branding/SMM or positioning opportunity.,Decile Start Fund,"Dhow Horizon Fund I, a Series of Decile Start Fund, LP","Decile Start Fund GP, LLC",Executive Officer,"Decile Start Fund GP, LLC (Executive Officer); Decile Start Fund Management, LLC (Executive Officer); Gregory Adeodato Ressi di Cervia (Executive Officer, Director); Long Pham (Executive Officer, Director); Zain Abidi (Promoter)",existing_manager,Existing manager,Fund I,first_filer,2026,"$110,000","$110,000",2026-08-10,Pooled Investment Fund - Venture Capital Fund,NEW YORK,NY,0002149438-26-000001,https://www.sec.gov/Archives/edgar/data/2149438/000214943826000001/0002149438-26-000001-index.htm,https://www.linkedin.com/search/results/people/?keywords=Decile+Start+Fund+GP%2C+LLC+Decile+Start+Fund,https://www.linkedin.com/search/results/companies/?keywords=Decile+Start+Fund,https://www.google.com/search?q=%22Decile+Start+Fund%22+venture+capital
4,established_manager_watchlist,existing manager,Verify as established manager; keep only for branding/SMM or positioning opportunity.,Decile Start Fund,"Altered Fund I, a Series of Decile Start Fund, LP","Decile Start Fund GP, LLC",Executive Officer,"Decile Start Fund GP, LLC (Executive Officer); Decile Start Fund Management, LLC (Executive Officer); Gregory Adeodato Ressi di Cervia (Executive Officer, Director); Long Pham (Executive Officer, Director); Mario Edgar Valle Reyes (Promoter)",existing_manager,Existing manager,Fund I,first_filer,2026,"$100,000","$100,000",2026-08-10,Pooled Investment Fund - Venture Capital Fund,NEW YORK,NY,0002148663-26-000001,https://www.sec.gov/Archives/edgar/data/2148663/000214866326000001/0002148663-26-000001-index.htm,https://www.linkedin.com/search/results/people/?keywords=Decile+Start+Fund+GP%2C+LLC+Decile+Start+Fund,https://www.linkedin.com/search/results/companies/?keywords=Decile+Start+Fund,https://www.google.com/search?q=%22Decile+Start+Fund%22+venture+capital
4,established_manager_watchlist,existing manager,Verify as established manager; keep only for branding/SMM or positioning opportunity.,Denver Ventures I,DV 41 a Series of Denver Ventures I LLC,LLC Denver Angels Management,Executive Officer,LLC Denver Angels Management (Executive Officer),existing_manager,Existing manager,Emerging Fund,first_filer,2026,$5M,$5M,2026-08-10,Pooled Investment Fund - Venture Capital Fund,CLAYMONT,DE,0002147527-26-000001,https://www.sec.gov/Archives/edgar/data/2147527/000214752726000001/0002147527-26-000001-index.htm,https://www.linkedin.com/search/results/people/?keywords=LLC+Denver+Angels+Management+Denver+Ventures+I,https://www.linkedin.com/search/results/companies/?keywords=Denver+Ventures+I,https://www.google.com/search?q=%22Denver+Ventures+I%22+venture+capital
4,established_manager_watchlist,existing manager,Verify as established manager; keep only for branding/SMM or positioning opportunity.,CGF2021,Ten VC Opportunity I a Series of CGF2021 LLC,LLC Ten VC Fund I GP,Executive Officer,LLC Ten VC Fund I GP (Executive Officer),existing_manager,Existing manager,Emerging Fund,first_filer,2026,$3M,$3M,2026-08-10,Pooled Investment Fund - Venture Capital Fund,CLAYMONT,DE,0002147885-26-000001,https://www.sec.gov/Archives/edgar/data/2147885/000214788526000001/0002147885-26-000001-index.htm,https://www.linkedin.com/search/results/people/?keywords=LLC+Ten+VC+Fund+I+GP+CGF2021,https://www.linkedin.com/search/results/companies/?keywords=CGF2021,https://www.google.com/search?q=%22CGF2021%22+venture+capital
4,established_manager_watchlist,existing manager,Verify as established manager; keep only for branding/SMM or positioning opportunity.,CGF2021,NPU Ventures a Series of CGF2021 LLC,LLC Sydecar,Director,LLC Sydecar (Director); Brett Sagan (Executive Officer),existing_manager,Existing manager,Emerging Fund,first_filer,2026,"$50,000","$50,000",2026-08-10,Pooled Investment Fund - Venture Capital Fund,CLAYMONT,DE,0002142978-26-000001,https://www.sec.gov/Archives/edgar/data/2142978/000214297826000001/0002142978-26-000001-index.htm,https://www.linkedin.com/search/results/people/?keywords=LLC+Sydecar+CGF2021,https://www.linkedin.com/search/results/companies/?keywords=CGF2021,https://www.google.com/search?q=%22CGF2021%22+venture+capital
4,established_manager_watchlist,existing manager,Verify as established manager; keep only for branding/SMM or positioning opportunity.,Conversion Capital Alpha I,"Conversion Capital Alpha I, LP","N/A Conversion Capital Alpha I GP, LLC",Director,"N/A Conversion Capital Alpha I GP, LLC (Director); N/A Conversion Capital, LLC (Promoter); Christian Lawless (Executive Officer)",existing_manager,Existing manager,Emerging Fund,first_filer,2025,$0,$0,2026-08-10,Pooled Investment Fund - Venture Capital Fund,FULTON,MD,0001231919-26-000848,https://www.sec.gov/Archives/edgar/data/2144050/000123191926000848/0001231919-26-000848-index.htm,https://www.linkedin.com/search/results/people/?keywords=N%2FA+Conversion+Capital+Alpha+I+GP%2C+LLC+Conversion+Capital+Alpha+I,https://www.linkedin.com/search/results/companies/?keywords=Conversion+Capital+Alpha+I,https://www.google.com/search?q=%22Conversion+Capital+Alpha+I%22+venture+capital
4,established_manager_watchlist,existing manager,Verify as established manager; keep only for branding/SMM or positioning opportunity.,New Stack Ventures,"HE-0714 Fund I, a series of New Stack Ventures, LP","N/A Fund GP, LLC",Director,"N/A Fund GP, LLC (Director); N/A Belltower Fund Group, Ltd. (Director)",existing_manager,Existing manager,Fund I,first_filer,2026,"$111,837","$111,837",2026-08-11,Pooled Investment Fund - Venture Capital Fund,Lynnwood,WA,0002146194-26-000001,https://www.sec.gov/Archives/edgar/data/2146194/000214619426000001/0002146194-26-000001-index.htm,https://www.linkedin.com/search/results/people/?keywords=N%2FA+Fund+GP%2C+LLC+New+Stack+Ventures,https://www.linkedin.com/search/results/companies/?keywords=New+Stack+Ventures,https://www.google.com/search?q=%22New+Stack+Ventures%22+venture+capital
4,established_manager_watchlist,existing manager,Verify as established manager; keep only for branding/SMM or positioning opportunity.,MV Funds,"VA-0722 Fund I, a series of MV Funds, LP","N/A Fund GP, LLC",Director,"N/A Fund GP, LLC (Director); N/A Belltower Fund Group, Ltd. (Director)",existing_manager,Existing manager,Fund I,first_filer,2026,"$480,248","$480,248",2026-08-11,Pooled Investment Fund - Venture Capital Fund,Lynnwood,WA,0002147986-26-000001,https://www.sec.gov/Archives/edgar/data/2147986/000214798626000001/0002147986-26-000001-index.htm,https://www.linkedin.com/search/results/people/?keywords=N%2FA+Fund+GP%2C+LLC+MV+Funds,https://www.linkedin.com/search/results/companies/?keywords=MV+Funds,https://www.google.com/search?q=%22MV+Funds%22+venture+capital
4,established_manager_watchlist,existing manager,Verify as established manager; keep only for branding/SMM or positioning opportunity.,MV Funds,"ST-0723 Fund I, a series of MV Funds, LP","N/A Fund GP, LLC",Director,"N/A Fund GP, LLC (Director); N/A Belltower Fund Group, Ltd. (Director)",existing_manager,Existing manager,Fund I,first_filer,2026,"$976,000","$976,000",2026-08-11,Pooled Investment Fund - Venture Capital Fund,Lynnwood,WA,0002147930-26-000001,https://www.sec.gov/Archives/edgar/data/2147930/000214793026000001/0002147930-26-000001-index.htm,https://www.linkedin.com/search/results/people/?keywords=N%2FA+Fund+GP%2C+LLC+MV+Funds,https://www.linkedin.com/search/results/companies/?keywords=MV+Funds,https://www.google.com/search?q=%22MV+Funds%22+venture+capital
4,established_manager_watchlist,existing manager,Verify as established manager; keep only for branding/SMM or positioning opportunity.,JMWTX Investments,"RE-0715 Fund I, a series of JMWTX Investments, LP","N/A Fund GP, LLC",Director,"N/A Fund GP, LLC (Director); N/A Belltower Fund Group, Ltd. (Director)",existing_manager,Existing manager,Fund I,first_filer,2026,"$445,000","$445,000",2026-08-11,Pooled Investment Fund - Venture Capital Fund,Lynnwood,WA,0002147026-26-000001,https://www.sec.gov/Archives/edgar/data/2147026/000214702626000001/0002147026-26-000001-index.htm,https://www.linkedin.com/search/results/people/?keywords=N%2FA+Fund+GP%2C+LLC+JMWTX+Investments,https://www.linkedin.com/search/results/companies/?keywords=JMWTX+Investments,https://www.google.com/search?q=%22JMWTX+Investments%22+venture+capital
4,established_manager_watchlist,existing manager,Verify as established manager; keep only for branding/SMM or positioning opportunity.,Hustle Fund Angel Squad,"CO-0716 Fund I, a series of Hustle Fund Angel Squad, LP","N/A Fund GP, LLC",Director,"N/A Fund GP, LLC (Director); N/A Belltower Fund Group, Ltd. (Director)",existing_manager,Existing manager,Fund I,first_filer,2026,"$129,504","$129,504",2026-08-11,Pooled Investment Fund - Venture Capital Fund,Lynnwood,WA,0002147024-26-000001,https://www.sec.gov/Archives/edgar/data/2147024/000214702426000001/0002147024-26-000001-index.htm,https://www.linkedin.com/search/results/people/?keywords=N%2FA+Fund+GP%2C+LLC+Hustle+Fund+Angel+Squad,https://www.linkedin.com/search/results/companies/?keywords=Hustle+Fund+Angel+Squad,https://www.google.com/search?q=%22Hustle+Fund+Angel+Squad%22+venture+capital
4,established_manager_watchlist,existing manager,Verify as established manager; keep only for branding/SMM or positioning opportunity.,Platform Funds 2026,"Two-RE-0714 Fund I, a series of Platform Funds 2026, LP","N/A Fund GP, LLC",Director,"N/A Fund GP, LLC (Director); N/A Belltower Fund Group, Ltd. (Director)",existing_manager,Existing manager,Fund I,first_filer,2026,"$156,475","$156,475",2026-08-11,Pooled Investment Fund - Venture Capital Fund,Lynnwood,WA,0002146731-26-000001,https://www.sec.gov/Archives/edgar/data/2146731/000214673126000001/0002146731-26-000001-index.htm,https://www.linkedin.com/search/results/people/?keywords=N%2FA+Fund+GP%2C+LLC+Platform+Funds+2026,https://www.linkedin.com/search/results/companies/?keywords=Platform+Funds+2026,https://www.google.com/search?q=%22Platform+Funds+2026%22+venture+capital
4,established_manager_watchlist,existing manager,Verify as established manager; keep only for branding/SMM or positioning opportunity.,MV Funds,"SC-0708 Fund I, a series of MV Funds, LP","N/A Fund GP, LLC",Director,"N/A Fund GP, LLC (Director); N/A Belltower Fund Group, Ltd. (Director)",existing_manager,Existing manager,Fund I,first_filer,2026,"$221,999","$221,999",2026-08-11,Pooled Investment Fund - Venture Capital Fund,Lynnwood,WA,0002146644-26-000001,https://www.sec.gov/Archives/edgar/data/2146644/000214664426000001/0002146644-26-000001-index.htm,https://www.linkedin.com/search/results/people/?keywords=N%2FA+Fund+GP%2C+LLC+MV+Funds,https://www.linkedin.com/search/results/companies/?keywords=MV+Funds,https://www.google.com/search?q=%22MV+Funds%22+venture+capital
4,established_manager_watchlist,existing manager,Verify as established manager; keep only for branding/SMM or positioning opportunity.,JMWTX Investments,"FL-0709 Fund I, a series of JMWTX Investments, LP","N/A Fund GP, LLC",Director,"N/A Fund GP, LLC (Director); N/A Belltower Fund Group, Ltd. (Director)",existing_manager,Existing manager,Fund I,first_filer,2026,"$114,000","$114,000",2026-08-11,Pooled Investment Fund - Venture Capital Fund,Lynnwood,WA,0002146161-26-000001,https://www.sec.gov/Archives/edgar/data/2146161/000214616126000001/0002146161-26-000001-index.htm,https://www.linkedin.com/search/results/people/?keywords=N%2FA+Fund+GP%2C+LLC+JMWTX+Investments,https://www.linkedin.com/search/results/companies/?keywords=JMWTX+Investments,https://www.google.com/search?q=%22JMWTX+Investments%22+venture+capital
4,established_manager_watchlist,existing manager,Verify as established manager; keep only for branding/SMM or positioning opportunity.,Roll Up Vehicles,"TH-0602 Fund I, a series of Roll Up Vehicles, LP","N/A Fund GP, LLC",Director,"N/A Fund GP, LLC (Director); N/A Belltower Fund Group, Ltd. (Director)",existing_manager,Existing manager,Fund I,first_filer,2026,"$77,000","$77,000",2026-08-11,Pooled Investment Fund - Venture Capital Fund,Lynnwood,WA,0002141791-26-000001,https://www.sec.gov/Archives/edgar/data/2141791/000214179126000001/0002141791-26-000001-index.htm,https://www.linkedin.com/search/results/people/?keywords=N%2FA+Fund+GP%2C+LLC+Roll+Up+Vehicles,https://www.linkedin.com/search/results/companies/?keywords=Roll+Up+Vehicles,https://www.google.com/search?q=%22Roll+Up+Vehicles%22+venture+capital
4,established_manager_watchlist,existing manager,Verify as established manager; keep only for branding/SMM or positioning opportunity.,Cortado Opportunities,"PL-0608 Fund I, a series of Cortado Opportunities, LP","N/A Fund GP, LLC",Director,"N/A Fund GP, LLC (Director); N/A Belltower Fund Group, Ltd. (Director)",existing_manager,Existing manager,Fund I,first_filer,2026,"$215,000","$215,000",2026-08-11,Pooled Investment Fund - Venture Capital Fund,Lynnwood,WA,0002141601-26-000001,https://www.sec.gov/Archives/edgar/data/2141601/000214160126000001/0002141601-26-000001-index.htm,https://www.linkedin.com/search/results/people/?keywords=N%2FA+Fund+GP%2C+LLC+Cortado+Opportunities,https://www.linkedin.com/search/results/companies/?keywords=Cortado+Opportunities,https://www.google.com/search?q=%22Cortado+Opportunities%22+venture+capital
4,established_manager_watchlist,existing manager,Verify as established manager; keep only for branding/SMM or positioning opportunity.,Roll Up Vehicles,"BE-0115 Fund I, a series of Roll Up Vehicles, LP","N/A Fund GP, LLC",Director,"N/A Fund GP, LLC (Director); N/A Belltower Fund Group, Ltd. (Director)",existing_manager,Existing manager,Fund I,first_filer,2026,"$90,000","$90,000",2026-08-11,Pooled Investment Fund - Venture Capital Fund,Lynnwood,WA,0002109663-26-000001,https://www.sec.gov/Archives/edgar/data/2109663/000210966326000001/0002109663-26-000001-index.htm,https://www.linkedin.com/search/results/people/?keywords=N%2FA+Fund+GP%2C+LLC+Roll+Up+Vehicles,https://www.linkedin.com/search/results/companies/?keywords=Roll+Up+Vehicles,https://www.google.com/search?q=%22Roll+Up+Vehicles%22+venture+capital
4,established_manager_watchlist,existing manager,Verify as established manager; keep only for branding/SMM or positioning opportunity.,CGF2021,Two Roads Helion Fund I a Series of CGF2021 LLC,LLC Sydecar,Director,LLC Sydecar (Director); Brett Sagan (Executive Officer),existing_manager,Existing manager,Fund I,first_filer,2026,"$139,000","$139,000",2026-08-11,Pooled Investment Fund - Venture Capital Fund,CLAYMONT,DE,0002144443-26-000001,https://www.sec.gov/Archives/edgar/data/2144443/000214444326000001/0002144443-26-000001-index.htm,https://www.linkedin.com/search/results/people/?keywords=LLC+Sydecar+CGF2021,https://www.linkedin.com/search/results/companies/?keywords=CGF2021,https://www.google.com/search?q=%22CGF2021%22+venture+capital
4,established_manager_watchlist,existing manager,Verify as established manager; keep only for branding/SMM or positioning opportunity.,Roll Up Vehicles,"ES-0905 Fund I, a series of Roll Up Vehicles, LP","N/A Fund GP, LLC",Director,"N/A Fund GP, LLC (Director); N/A Belltower Fund Group, Ltd. (Director)",existing_manager,Existing manager,Fund I,first_filer,2025,$1M,$1M,2026-08-11,Pooled Investment Fund - Venture Capital Fund,Lynnwood,WA,0002129083-26-000001,https://www.sec.gov/Archives/edgar/data/2129083/000212908326000001/0002129083-26-000001-index.htm,https://www.linkedin.com/search/results/people/?keywords=N%2FA+Fund+GP%2C+LLC+Roll+Up+Vehicles,https://www.linkedin.com/search/results/companies/?keywords=Roll+Up+Vehicles,https://www.google.com/search?q=%22Roll+Up+Vehicles%22+venture+capital
4,established_manager_watchlist,existing manager,Verify as established manager; keep only for branding/SMM or positioning opportunity.,Roll Up Vehicles,"AB-1219 Fund I, a series of Roll Up Vehicles, LP","N/A Fund GP, LLC",Director,"N/A Fund GP, LLC (Director); N/A Belltower Fund Group, Ltd. (Director)",existing_manager,Existing manager,Fund I,first_filer,2025,"$214,500","$214,500",2026-08-11,Pooled Investment Fund - Venture Capital Fund,Lynnwood,WA,0002105054-26-000001,https://www.sec.gov/Archives/edgar/data/2105054/000210505426000001/0002105054-26-000001-index.htm,https://www.linkedin.com/search/results/people/?keywords=N%2FA+Fund+GP%2C+LLC+Roll+Up+Vehicles,https://www.linkedin.com/search/results/companies/?keywords=Roll+Up+Vehicles,https://www.google.com/search?q=%22Roll+Up+Vehicles%22+venture+capital
4,established_manager_watchlist,existing manager,Verify as established manager; keep only for branding/SMM or positioning opportunity.,AngelList Funds 2025,"Civics-CR-0721 Fund I, a series of AngelList Funds 2025, LP","N/A Fund GP, LLC",Director,"N/A Fund GP, LLC (Director); N/A Belltower Fund Group, Ltd. (Director)",existing_manager,Existing manager,Fund I,first_filer,2025,"$73,800","$73,800",2026-08-11,Pooled Investment Fund - Venture Capital Fund,Lynnwood,WA,0002084970-26-000002,https://www.sec.gov/Archives/edgar/data/2084970/000208497026000002/0002084970-26-000002-index.htm,https://www.linkedin.com/search/results/people/?keywords=N%2FA+Fund+GP%2C+LLC+AngelList+Funds+2025,https://www.linkedin.com/search/results/companies/?keywords=AngelList+Funds+2025,https://www.google.com/search?q=%22AngelList+Funds+2025%22+venture+capital
4,established_manager_watchlist,existing manager,Verify as established manager; keep only for branding/SMM or positioning opportunity.,Broadway Venture Partners Astor Place,"Broadway Venture Partners Astor Place, LP","N/A Broadway Venture Partners Special Opportunities GP, LLC",Director,"N/A Broadway Venture Partners Special Opportunities GP, LLC (Director); Jeffrey Truong (Executive Officer)",existing_manager,Existing manager,Emerging Fund,first_filer,2026,$7M,$7M,2026-08-11,Pooled Investment Fund - Venture Capital Fund,San Francisco,CA,0002146205-26-000001,https://www.sec.gov/Archives/edgar/data/2146205/000214620526000001/0002146205-26-000001-index.htm,https://www.linkedin.com/search/results/people/?keywords=N%2FA+Broadway+Venture+Partners+Special+Opportunities+GP%2C+LLC+Broadway+Venture+Partners+Astor+Place,https://www.linkedin.com/search/results/companies/?keywords=Broadway+Venture+Partners+Astor+Place,https://www.google.com/search?q=%22Broadway+Venture+Partners+Astor+Place%22+venture+capital
4,established_manager_watchlist,existing manager,Verify as established manager; keep only for branding/SMM or positioning opportunity.,Valor Ventures HF,"Valor Ventures HF, L.P.",Scott Sobel,Executive Officer,Scott Sobel (Executive Officer); Clifford Sobel (Executive Officer); Paulo Passoni (Executive Officer),existing_manager,Existing manager,Emerging Fund,first_filer,2026,$5M,$5M,2026-08-11,Pooled Investment Fund - Venture Capital Fund,NEW YORK,NY,0002148205-26-000001,https://www.sec.gov/Archives/edgar/data/2148205/000214820526000001/0002148205-26-000001-index.htm,https://www.linkedin.com/search/results/people/?keywords=Scott+Sobel+Valor+Ventures+HF,https://www.linkedin.com/search/results/companies/?keywords=Valor+Ventures+HF,https://www.google.com/search?q=%22Valor+Ventures+HF%22+venture+capital
4,established_manager_watchlist,existing manager,Verify as established manager; keep only for branding/SMM or positioning opportunity.,Denver Ventures I,Tiny Health 40 a Series of Denver Ventures I LLC,LLC Sydecar,Director,LLC Sydecar (Director); Brett Sagan (Executive Officer),existing_manager,Existing manager,Emerging Fund,first_filer,2026,$2M,$2M,2026-08-11,Pooled Investment Fund - Venture Capital Fund,CLAYMONT,DE,0002143311-26-000001,https://www.sec.gov/Archives/edgar/data/2143311/000214331126000001/0002143311-26-000001-index.htm,https://www.linkedin.com/search/results/people/?keywords=LLC+Sydecar+Denver+Ventures+I,https://www.linkedin.com/search/results/companies/?keywords=Denver+Ventures+I,https://www.google.com/search?q=%22Denver+Ventures+I%22+venture+capital
4,established_manager_watchlist,existing manager,Verify as established manager; keep only for branding/SMM or positioning opportunity.,What If Ventures Master,EAIC2026 a Series of What If Ventures Master LLC,LLC What If Capital,Executive Officer,LLC What If Capital (Executive Officer),existing_manager,Existing manager,Emerging Fund,first_filer,2026,"$244,000","$244,000",2026-08-11,Pooled Investment Fund - Venture Capital Fund,CLAYMONT,DE,0002144744-26-000001,https://www.sec.gov/Archives/edgar/data/2144744/000214474426000001/0002144744-26-000001-index.htm,https://www.linkedin.com/search/results/people/?keywords=LLC+What+If+Capital+What+If+Ventures+Master,https://www.linkedin.com/search/results/companies/?keywords=What+If+Ventures+Master,https://www.google.com/search?q=%22What+If+Ventures+Master%22+venture+capital
4,established_manager_watchlist,existing manager,Verify as established manager; keep only for branding/SMM or positioning opportunity.,Breakthrough Energy Ventures Special Situations I,"Breakthrough Energy Ventures Special Situations I, L.P.","N/A Breakthrough Energy Ventures Special Situations GP I, LLC",Executive Officer,"N/A Breakthrough Energy Ventures Special Situations GP I, LLC (Executive Officer); N/A Breakthrough Energy Ventures Management GP, LLC (Executive Officer); Rodrigo Guidero (Executive Officer); Carmichael Roberts (Executive Officer); Eric Toone (Executive Officer)",existing_manager,Existing manager,Emerging Fund,first_filer,2025,$100M,$0,2026-08-11,Pooled Investment Fund - Venture Capital Fund,BOSTON,MA,0002104768-26-000002,https://www.sec.gov/Archives/edgar/data/2104768/000210476826000002/0002104768-26-000002-index.htm,https://www.linkedin.com/search/results/people/?keywords=N%2FA+Breakthrough+Energy+Ventures+Special+Situations+GP+I%2C+LLC+Breakthrough+Energy+Ventures+Special+Situations+I,https://www.linkedin.com/search/results/companies/?keywords=Breakthrough+Energy+Ventures+Special+Situations+I,https://www.google.com/search?q=%22Breakthrough+Energy+Ventures+Special+Situations+I%22+venture+capital
4,established_manager_watchlist,existing manager,Verify as established manager; keep only for branding/SMM or positioning opportunity.,CGF2021,Sunset Ventures SPV1 Sync Labs a Series of CGF2021 LLC,LLC Sydecar,Director,LLC Sydecar (Director); Brett Sagan (Executive Officer),existing_manager,Existing manager,Emerging Fund,first_filer,2026,"$65,000","$65,000",2026-08-11,Pooled Investment Fund - Venture Capital Fund,CLAYMONT,DE,0002101622-26-000001,https://www.sec.gov/Archives/edgar/data/2101622/000210162226000001/0002101622-26-000001-index.htm,https://www.linkedin.com/search/results/people/?keywords=LLC+Sydecar+CGF2021,https://www.linkedin.com/search/results/companies/?keywords=CGF2021,https://www.google.com/search?q=%22CGF2021%22+venture+capital
4,established_manager_watchlist,existing manager,Verify as established manager; keep only for branding/SMM or positioning opportunity.,Fogline Ventures,"RSS-FV Fund I, a series of Fogline Ventures, LP",N/A Fogline Ventures GP LLC,Director,N/A Fogline Ventures GP LLC (Director); Nicholas Gianos (Executive Officer),existing_manager,Existing manager,Fund I,first_filer,2026,"$340,000","$340,000",2026-08-12,Pooled Investment Fund - Venture Capital Fund,SAN FRANCISCO,CA,0002146585-26-000001,https://www.sec.gov/Archives/edgar/data/2146585/000214658526000001/0002146585-26-000001-index.htm,https://www.linkedin.com/search/results/people/?keywords=N%2FA+Fogline+Ventures+GP+LLC+Fogline+Ventures,https://www.linkedin.com/search/results/companies/?keywords=Fogline+Ventures,https://www.google.com/search?q=%22Fogline+Ventures%22+venture+capital
4,established_manager_watchlist,existing manager,Verify as established manager; keep only for branding/SMM or positioning opportunity.,Tribe Capital Western,"Tribe Capital Western Fund I, L.P.",Boris Revsin,Executive Officer,Boris Revsin (Executive Officer),existing_manager,Existing manager,Fund I,first_filer,2026,$19M,$19M,2026-08-12,Pooled Investment Fund - Venture Capital Fund,SAN MATEO,CA,0002149833-26-000001,https://www.sec.gov/Archives/edgar/data/2149833/000214983326000001/0002149833-26-000001-index.htm,https://www.linkedin.com/search/results/people/?keywords=Boris+Revsin+Tribe+Capital+Western,https://www.linkedin.com/search/results/companies/?keywords=Tribe+Capital+Western,https://www.google.com/search?q=%22Tribe+Capital+Western%22+venture+capital
4,established_manager_watchlist,existing manager,Verify as established manager; keep only for branding/SMM or positioning opportunity.,AngelList Funds 2025,"Bubba-MO-0423 Fund I, a series of AngelList Funds 2025, LP","N/A Fund GP, LLC",Director,"N/A Fund GP, LLC (Director); N/A Belltower Fund Group, Ltd. (Director)",existing_manager,Existing manager,Fund I,first_filer,2026,"$94,500","$94,500",2026-08-12,Pooled Investment Fund - Venture Capital Fund,Lynnwood,WA,0002149466-26-000001,https://www.sec.gov/Archives/edgar/data/2149466/000214946626000001/0002149466-26-000001-index.htm,https://www.linkedin.com/search/results/people/?keywords=N%2FA+Fund+GP%2C+LLC+AngelList+Funds+2025,https://www.linkedin.com/search/results/companies/?keywords=AngelList+Funds+2025,https://www.google.com/search?q=%22AngelList+Funds+2025%22+venture+capital
4,established_manager_watchlist,existing manager,Verify as established manager; keep only for branding/SMM or positioning opportunity.,Unpopular VC,"CR-0721 Fund I, a series of Unpopular VC, LP","N/A Fund GP, LLC",Director,"N/A Fund GP, LLC (Director); N/A Belltower Fund Group, Ltd. (Director)",existing_manager,Existing manager,Fund I,first_filer,2026,"$166,185","$166,185",2026-08-12,Pooled Investment Fund - Venture Capital Fund,Lynnwood,WA,0002147985-26-000001,https://www.sec.gov/Archives/edgar/data/2147985/000214798526000001/0002147985-26-000001-index.htm,https://www.linkedin.com/search/results/people/?keywords=N%2FA+Fund+GP%2C+LLC+Unpopular+VC,https://www.linkedin.com/search/results/companies/?keywords=Unpopular+VC,https://www.google.com/search?q=%22Unpopular+VC%22+venture+capital
4,established_manager_watchlist,existing manager,Verify as established manager; keep only for branding/SMM or positioning opportunity.,Roll Up Vehicles,"FI-06151 Fund I, a series of Roll Up Vehicles, LP","N/A Fund GP, LLC",Director,"N/A Fund GP, LLC (Director); N/A Belltower Fund Group, Ltd. (Director)",existing_manager,Existing manager,Fund I,first_filer,2026,"$169,997","$169,997",2026-08-12,Pooled Investment Fund - Venture Capital Fund,Lynnwood,WA,0002143791-26-000001,https://www.sec.gov/Archives/edgar/data/2143791/000214379126000001/0002143791-26-000001-index.htm,https://www.linkedin.com/search/results/people/?keywords=N%2FA+Fund+GP%2C+LLC+Roll+Up+Vehicles,https://www.linkedin.com/search/results/companies/?keywords=Roll+Up+Vehicles,https://www.google.com/search?q=%22Roll+Up+Vehicles%22+venture+capital
4,established_manager_watchlist,existing manager,Verify as established manager; keep only for branding/SMM or positioning opportunity.,MV Funds,"ME-0616 Fund I, a series of MV Funds, LP","N/A Fund GP, LLC",Director,"N/A Fund GP, LLC (Director); N/A Belltower Fund Group, Ltd. (Director)",existing_manager,Existing manager,Fund I,first_filer,2026,"$339,999","$339,999",2026-08-12,Pooled Investment Fund - Venture Capital Fund,Lynnwood,WA,0002142594-26-000001,https://www.sec.gov/Archives/edgar/data/2142594/000214259426000001/0002142594-26-000001-index.htm,https://www.linkedin.com/search/results/people/?keywords=N%2FA+Fund+GP%2C+LLC+MV+Funds,https://www.linkedin.com/search/results/companies/?keywords=MV+Funds,https://www.google.com/search?q=%22MV+Funds%22+venture+capital
4,established_manager_watchlist,existing manager,Verify as established manager; keep only for branding/SMM or positioning opportunity.,Evantic Champions,Evantic Champions Fund I LP,N/A Evantic Champions I GP LP,Promoter,"N/A Evantic Champions I GP LP (Promoter); N/A Evantic Champions I GP LLC (Promoter); N/A Evantic Capital, LLC (Promoter); N/A Evantic Capital Partners LLP (Promoter); Matthew Miller (Director)",existing_manager,Existing manager,Fund I,first_filer,2026,$0,$0,2026-08-13,Pooled Investment Fund - Venture Capital Fund,BEVERLY HILLS,CA,0001470831-26-000815,https://www.sec.gov/Archives/edgar/data/2147282/000147083126000815/0001470831-26-000815-index.htm,https://www.linkedin.com/search/results/people/?keywords=N%2FA+Evantic+Champions+I+GP+LP+Evantic+Champions,https://www.linkedin.com/search/results/companies/?keywords=Evantic+Champions,https://www.google.com/search?q=%22Evantic+Champions%22+venture+capital
4,established_manager_watchlist,existing manager,Verify as established manager; keep only for branding/SMM or positioning opportunity.,CGF2021,Presidio Partners HF a Series of CGF2021 LLC,Peter Gajdos,Executive Officer,Peter Gajdos (Executive Officer),existing_manager,Existing manager,Emerging Fund,first_filer,2026,"$107,487","$107,487",2026-08-13,Pooled Investment Fund - Venture Capital Fund,CLAYMONT,DE,0002148760-26-000001,https://www.sec.gov/Archives/edgar/data/2148760/000214876026000001/0002148760-26-000001-index.htm,https://www.linkedin.com/search/results/people/?keywords=Peter+Gajdos+CGF2021,https://www.linkedin.com/search/results/companies/?keywords=CGF2021,https://www.google.com/search?q=%22CGF2021%22+venture+capital
4,established_manager_watchlist,existing manager,Verify as established manager; keep only for branding/SMM or positioning opportunity.,Syntax Ventures,"DR-0730 Fund I, a series of Syntax Ventures, LP","N/A Fund GP, LLC",Director,"N/A Fund GP, LLC (Director); N/A Belltower Fund Group, Ltd. (Director)",existing_manager,Existing manager,Fund I,first_filer,2026,"$314,320","$314,320",2026-08-13,Pooled Investment Fund - Venture Capital Fund,Lynnwood,WA,0002148904-26-000001,https://www.sec.gov/Archives/edgar/data/2148904/000214890426000001/0002148904-26-000001-index.htm,https://www.linkedin.com/search/results/people/?keywords=N%2FA+Fund+GP%2C+LLC+Syntax+Ventures,https://www.linkedin.com/search/results/companies/?keywords=Syntax+Ventures,https://www.google.com/search?q=%22Syntax+Ventures%22+venture+capital
4,established_manager_watchlist,existing manager,Verify as established manager; keep only for branding/SMM or positioning opportunity.,MV Funds,"AX-0629 Fund I, a series of MV Funds, LP","N/A Fund GP, LLC",Director,"N/A Fund GP, LLC (Director); N/A Belltower Fund Group, Ltd. (Director)",existing_manager,Existing manager,Fund I,first_filer,2026,"$119,999","$119,999",2026-08-13,Pooled Investment Fund - Venture Capital Fund,Lynnwood,WA,0002146237-26-000001,https://www.sec.gov/Archives/edgar/data/2146237/000214623726000001/0002146237-26-000001-index.htm,https://www.linkedin.com/search/results/people/?keywords=N%2FA+Fund+GP%2C+LLC+MV+Funds,https://www.linkedin.com/search/results/companies/?keywords=MV+Funds,https://www.google.com/search?q=%22MV+Funds%22+venture+capital
4,established_manager_watchlist,existing manager,Verify as established manager; keep only for branding/SMM or positioning opportunity.,Zacua Ventures CemVision,Zacua Ventures CemVision LP,"Zacua Ventures GP I, LLC",Promoter,"Zacua Ventures GP I, LLC (Promoter)",existing_manager,Existing manager,Emerging Fund,first_filer,2026,$0,$0,2026-08-13,Pooled Investment Fund - Other Investment Fund,Foster City,CA,0002126263-26-000001,https://www.sec.gov/Archives/edgar/data/2126263/000212626326000001/0002126263-26-000001-index.htm,https://www.linkedin.com/search/results/people/?keywords=Zacua+Ventures+GP+I%2C+LLC+Zacua+Ventures+CemVision,https://www.linkedin.com/search/results/companies/?keywords=Zacua+Ventures+CemVision,https://www.google.com/search?q=%22Zacua+Ventures+CemVision%22+venture+capital
4,established_manager_watchlist,existing manager,Verify as established manager; keep only for branding/SMM or positioning opportunity.,Coastline Venture Partners Prometheus,Coastline Venture Partners Prometheus LLC,Coastline Venture Partners LLC,Promoter,Coastline Venture Partners LLC (Promoter),existing_manager,Existing manager,Emerging Fund,first_filer,2026,$2M,$2M,2026-08-13,Pooled Investment Fund - Other Investment Fund,Tustin,CA,0002149898-26-000001,https://www.sec.gov/Archives/edgar/data/2149898/000214989826000001/0002149898-26-000001-index.htm,https://www.linkedin.com/search/results/people/?keywords=Coastline+Venture+Partners+LLC+Coastline+Venture+Partners+Prometheus,https://www.linkedin.com/search/results/companies/?keywords=Coastline+Venture+Partners+Prometheus,https://www.google.com/search?q=%22Coastline+Venture+Partners+Prometheus%22+venture+capital
4,established_manager_watchlist,existing manager,Verify as established manager; keep only for branding/SMM or positioning opportunity.,Valor Ventures AL,"TH-726, a series of Valor Ventures AL, L.P.","N/A Valor RWA Partners I, L.P.",Director,"N/A Valor RWA Partners I, L.P. (Director); Doug Smith (Executive Officer)",existing_manager,Existing manager,Emerging Fund,first_filer,2026,$2M,$2M,2026-08-13,Pooled Investment Fund - Venture Capital Fund,NEW YORK,NY,0002146155-26-000001,https://www.sec.gov/Archives/edgar/data/2146155/000214615526000001/0002146155-26-000001-index.htm,https://www.linkedin.com/search/results/people/?keywords=N%2FA+Valor+RWA+Partners+I%2C+L.P.+Valor+Ventures+AL,https://www.linkedin.com/search/results/companies/?keywords=Valor+Ventures+AL,https://www.google.com/search?q=%22Valor+Ventures+AL%22+venture+capital
4,established_manager_watchlist,existing manager,Verify as established manager; keep only for branding/SMM or positioning opportunity.,Capital Factory SPVs,"Home Factory, a series of Capital Factory SPVs, LP","N/A Capital Factory Management SPV 1, LLC",Director,"N/A Capital Factory Management SPV 1, LLC (Director); Jamie Serio (Executive Officer)",existing_manager,Existing manager,Emerging Fund,first_filer,2026,$5M,$5M,2026-08-13,Pooled Investment Fund - Venture Capital Fund,AUSTIN,TX,0002147169-26-000001,https://www.sec.gov/Archives/edgar/data/2147169/000214716926000001/0002147169-26-000001-index.htm,https://www.linkedin.com/search/results/people/?keywords=N%2FA+Capital+Factory+Management+SPV+1%2C+LLC+Capital+Factory+SPVs,https://www.linkedin.com/search/results/companies/?keywords=Capital+Factory+SPVs,https://www.google.com/search?q=%22Capital+Factory+SPVs%22+venture+capital
4,established_manager_watchlist,existing manager,Verify as established manager; keep only for branding/SMM or positioning opportunity.,Unpopular VC,"SC-0731 Fund I, a series of Unpopular VC, LP","N/A Fund GP, LLC",Director,"N/A Fund GP, LLC (Director); N/A Belltower Fund Group, Ltd. (Director)",existing_manager,Existing manager,Fund I,first_filer,2026,"$144,997","$144,997",2026-08-14,Pooled Investment Fund - Venture Capital Fund,Lynnwood,WA,0002149132-26-000001,https://www.sec.gov/Archives/edgar/data/2149132/000214913226000001/0002149132-26-000001-index.htm,https://www.linkedin.com/search/results/people/?keywords=N%2FA+Fund+GP%2C+LLC+Unpopular+VC,https://www.linkedin.com/search/results/companies/?keywords=Unpopular+VC,https://www.google.com/search?q=%22Unpopular+VC%22+venture+capital
4,established_manager_watchlist,existing manager,Verify as established manager; keep only for branding/SMM or positioning opportunity.,Schnitzel Capital AL,"CO-0722 Fund I, a series of Schnitzel Capital AL, LP","N/A Fund GP, LLC",Director,"N/A Fund GP, LLC (Director); N/A Belltower Fund Group, Ltd. (Director)",existing_manager,Existing manager,Fund I,first_filer,2026,"$999,892","$999,892",2026-08-14,Pooled Investment Fund - Venture Capital Fund,Lynnwood,WA,0002147810-26-000001,https://www.sec.gov/Archives/edgar/data/2147810/000214781026000001/0002147810-26-000001-index.htm,https://www.linkedin.com/search/results/people/?keywords=N%2FA+Fund+GP%2C+LLC+Schnitzel+Capital+AL,https://www.linkedin.com/search/results/companies/?keywords=Schnitzel+Capital+AL,https://www.google.com/search?q=%22Schnitzel+Capital+AL%22+venture+capital
4,established_manager_watchlist,existing manager,Verify as established manager; keep only for branding/SMM or positioning opportunity.,Hustle Fund Angel Squad,"SU-0709 Fund I, a series of Hustle Fund Angel Squad, LP","N/A Fund GP, LLC",Director,"N/A Fund GP, LLC (Director); N/A Belltower Fund Group, Ltd. (Director)",existing_manager,Existing manager,Fund I,first_filer,2026,"$286,382","$286,382",2026-08-14,Pooled Investment Fund - Venture Capital Fund,Lynnwood,WA,0002146234-26-000001,https://www.sec.gov/Archives/edgar/data/2146234/000214623426000001/0002146234-26-000001-index.htm,https://www.linkedin.com/search/results/people/?keywords=N%2FA+Fund+GP%2C+LLC+Hustle+Fund+Angel+Squad,https://www.linkedin.com/search/results/companies/?keywords=Hustle+Fund+Angel+Squad,https://www.google.com/search?q=%22Hustle+Fund+Angel+Squad%22+venture+capital
4,established_manager_watchlist,existing manager,Verify as established manager; keep only for branding/SMM or positioning opportunity.,Sajid Rahman Angel Funds,"LA-0616 Fund I, a series of Sajid Rahman Angel Funds, LP","N/A Fund GP, LLC",Director,"N/A Fund GP, LLC (Director); N/A Belltower Fund Group, Ltd. (Director)",existing_manager,Existing manager,Fund I,first_filer,2026,"$111,399","$111,399",2026-08-14,Pooled Investment Fund - Venture Capital Fund,Lynnwood,WA,0002142287-26-000001,https://www.sec.gov/Archives/edgar/data/2142287/000214228726000001/0002142287-26-000001-index.htm,https://www.linkedin.com/search/results/people/?keywords=N%2FA+Fund+GP%2C+LLC+Sajid+Rahman+Angel+Funds,https://www.linkedin.com/search/results/companies/?keywords=Sajid+Rahman+Angel+Funds,https://www.google.com/search?q=%22Sajid+Rahman+Angel+Funds%22+venture+capital
4,established_manager_watchlist,existing manager,Verify as established manager; keep only for branding/SMM or positioning opportunity.,JMWTX Investments,"HT-0610 Fund I, a series of JMWTX Investments, LP","N/A Fund GP, LLC",Director,"N/A Fund GP, LLC (Director); N/A Belltower Fund Group, Ltd. (Director)",existing_manager,Existing manager,Fund I,first_filer,2026,"$99,998","$99,998",2026-08-14,Pooled Investment Fund - Venture Capital Fund,Lynnwood,WA,0002140911-26-000001,https://www.sec.gov/Archives/edgar/data/2140911/000214091126000001/0002140911-26-000001-index.htm,https://www.linkedin.com/search/results/people/?keywords=N%2FA+Fund+GP%2C+LLC+JMWTX+Investments,https://www.linkedin.com/search/results/companies/?keywords=JMWTX+Investments,https://www.google.com/search?q=%22JMWTX+Investments%22+venture+capital
4,established_manager_watchlist,existing manager,Verify as established manager; keep only for branding/SMM or positioning opportunity.,MV Funds,"AR-0506 Fund I, a series of MV Funds, LP","N/A Fund GP, LLC",Director,"N/A Fund GP, LLC (Director); N/A Belltower Fund Group, Ltd. (Director)",existing_manager,Existing manager,Fund I,first_filer,2026,"$569,978","$569,978",2026-08-14,Pooled Investment Fund - Venture Capital Fund,Lynnwood,WA,0002134907-26-000001,https://www.sec.gov/Archives/edgar/data/2134907/000213490726000001/0002134907-26-000001-index.htm,https://www.linkedin.com/search/results/people/?keywords=N%2FA+Fund+GP%2C+LLC+MV+Funds,https://www.linkedin.com/search/results/companies/?keywords=MV+Funds,https://www.google.com/search?q=%22MV+Funds%22+venture+capital
4,established_manager_watchlist,existing manager,Verify as established manager; keep only for branding/SMM or positioning opportunity.,Second Wave Venture,"Core Automation Opportunity Fund, a series of Second Wave Venture, LP","N/A Second Wave Partners, LLC",Director,"N/A Second Wave Partners, LLC (Director); Max Frenkel (Executive Officer)",existing_manager,Existing manager,Emerging Fund,first_filer,2026,"$250,000","$250,000",2026-08-14,Pooled Investment Fund - Venture Capital Fund,WILMINGTON,DE,0002143737-26-000002,https://www.sec.gov/Archives/edgar/data/2143737/000214373726000002/0002143737-26-000002-index.htm,https://www.linkedin.com/search/results/people/?keywords=N%2FA+Second+Wave+Partners%2C+LLC+Second+Wave+Venture,https://www.linkedin.com/search/results/companies/?keywords=Second+Wave+Venture,https://www.google.com/search?q=%22Second+Wave+Venture%22+venture+capital
4,established_manager_watchlist,existing manager,Verify as established manager; keep only for branding/SMM or positioning opportunity.,Roll Up Vehicles,"C5R F&F Pre-Seed, a series of Roll Up Vehicles, LP","N/A Fund GP, LLC",Director,"N/A Fund GP, LLC (Director); N/A Belltower Fund Group, Ltd. (Director)",existing_manager,Existing manager,Emerging Fund,first_filer,2026,"$910,888","$910,888",2026-08-14,Pooled Investment Fund - Venture Capital Fund,Lynnwood,WA,0002113477-26-000001,https://www.sec.gov/Archives/edgar/data/2113477/000211347726000001/0002113477-26-000001-index.htm,https://www.linkedin.com/search/results/people/?keywords=N%2FA+Fund+GP%2C+LLC+Roll+Up+Vehicles,https://www.linkedin.com/search/results/companies/?keywords=Roll+Up+Vehicles,https://www.google.com/search?q=%22Roll+Up+Vehicles%22+venture+capital
4,established_manager_watchlist,existing manager,Verify as established manager; keep only for branding/SMM or positioning opportunity.,Silent Capital Holdings,"Silent Capital XXXIX, a Series of Silent Capital Holdings, LP","N/A Fund GP, LLC",Director,"N/A Fund GP, LLC (Director); N/A Belltower Fund Group, Ltd. (Director)",existing_manager,Existing manager,Emerging Fund,first_filer,2026,$5M,$5M,2026-08-14,Pooled Investment Fund - Venture Capital Fund,Lynnwood,WA,0002149045-26-000001,https://www.sec.gov/Archives/edgar/data/2149045/000214904526000001/0002149045-26-000001-index.htm,https://www.linkedin.com/search/results/people/?keywords=N%2FA+Fund+GP%2C+LLC+Silent+Capital+Holdings,https://www.linkedin.com/search/results/companies/?keywords=Silent+Capital+Holdings,https://www.google.com/search?q=%22Silent+Capital+Holdings%22+venture+capital
4,established_manager_watchlist,existing manager,Verify as established manager; keep only for branding/SMM or positioning opportunity.,ZSP Capital I,"SPV Dyme Medical A2, a series of ZSP Capital I, LP","N/A ZSP CAPITAL, LLC",Director,"N/A ZSP CAPITAL, LLC (Director); Winston Hubbard (Executive Officer)",existing_manager,Existing manager,Emerging Fund,first_filer,2026,"$876,491","$876,491",2026-08-14,Pooled Investment Fund - Venture Capital Fund,FLOWER MOUND,TX,0002134380-26-000001,https://www.sec.gov/Archives/edgar/data/2134380/000213438026000001/0002134380-26-000001-index.htm,https://www.linkedin.com/search/results/people/?keywords=N%2FA+ZSP+CAPITAL%2C+LLC+ZSP+Capital+I,https://www.linkedin.com/search/results/companies/?keywords=ZSP+Capital+I,https://www.google.com/search?q=%22ZSP+Capital+I%22+venture+capital
